# File exported by ZBrush version 4.8
# www.zbrush.com
#Vertex Count 12523
#Face Count 25042
#Auto scale x=1.000000 y=1.000000 z=1.000000
#Auto offset x=0.000000 y=0.000000 z=0.000000
v 0 -3.10336279 0.5739212
v 0 0.35991701 1.08471012
v 0 -1.43298924 -1.17957615
v 0.66781193 -1.50264191 -0.12605686
v -0.66781258 -1.50264096 -0.12605798
v 0 0.28713619 -0.86567914
v 0 -1.19346213 0.22950126
v 0.9678449 -2.53633117 0.29813706
v -0.96784514 -2.5363307 0.29813697
v 0.8460744 -1.4884268 -0.7148258
v -0.84607482 -1.4884262 -0.71482127
v 0 -1.03392183 -0.97855603
v 0 -0.27681237 1.18716132
v 0.53213191 0.050184 0.76145041
v -0.53213042 0.05018663 0.76145392
v 0 1.08603358 0.22117543
v 0.55235225 0.78548008 0.31474182
v -0.55235356 0.7854827 0.31473216
v 0.53646951 0.33696818 -0.63201624
v -0.53646993 0.3369683 -0.63201558
v 0.78049403 -0.20888951 -0.00213457
v -0.78049492 -0.20888717 -0.00213462
v 0 -1.73950302 0.17907847
v 0.52932179 -0.45604854 -0.39367643
v -0.52932179 -0.45604857 -0.39367643
v 0 -0.82065749 -0.90505009
v 0 -2.22094202 0.41195857
v 0.88948738 -1.5087049 -0.66615486
v -0.88948661 -1.50870418 -0.66615301
v 0.54796838 -0.68166363 0.26223808
v -0.54796844 -0.68166351 0.26223832
v 0.28096577 0.70746147 0.82383573
v -0.28096249 0.70746588 0.82383394
v 0.65655577 -1.28859865 -0.53140711
v -0.65655541 -1.28859806 -0.53140729
v 0.53609818 -0.43782967 -0.36757403
v -0.53609818 -0.43782967 -0.36757403
v 0 0.78185921 0.84262055
v 0 -2.07655715 -0.87816059
v 0.49488726 -0.65038114 -0.02257735
v -0.4948872 -0.65038007 -0.02257506
v 0 -2.99526333 0.22116701
v 1.39787626 -1.74162113 -0.45181405
v -1.39787638 -1.74162125 -0.45181357
v 0 -0.63945788 1.09044861
v 0.62521225 0.45074287 -0.40761074
v -0.62521249 0.45074081 -0.4076108
v 0.13790459 -0.3043648 1.04309356
v -0.13790437 -0.30436477 1.04309392
v 1.12833786 -1.66179549 -0.88670808
v -1.12834072 -1.66179633 -0.88670718
v 0.60104018 0.35073056 -0.50724273
v -0.60104054 0.35072875 -0.50724214
v 0 -0.90142417 0.94896709
v 0.44668784 -2.42530989 0.47114506
v -0.44668841 -2.42530965 0.47114482
v 0.64405494 0.48121574 0.31756874
v -0.64405608 0.4812099 0.31756779
v 0 0.24349308 1.09603381
v 0 0.62161451 -0.79907584
v 0.49467915 0.50960284 0.73930633
v -0.49467822 0.50960409 0.7393074
v 1.29358398 -1.93447053 -0.05639717
v -1.29358184 -1.93447411 -0.05639267
v 0.37643668 -0.5038774 -0.67552053
v -0.37643659 -0.50387704 -0.67552048
v 0.44887337 -1.78978335 0.19662101
v -0.44888094 -1.78978419 0.19661991
v 0.57659345 -0.13311098 0.66098755
v -0.57659345 -0.13310873 0.66098755
v 0.39672088 0.9434793 0.30770748
v -0.3967182 0.94348114 0.3077071
v 0.21237611 -0.09847986 0.94620746
v -0.21237674 -0.09848056 0.9462077
v 0 -1.06330764 0.4950506
v 0.13071259 1.02374887 0.4197565
v -0.13071554 1.0237472 0.41975942
v 1.05538439 -1.75983977 -0.03326404
v -1.05538642 -1.75983989 -0.03326503
v 0.24187006 -0.90227347 0.30053016
v -0.24186991 -0.90227371 0.30053043
v 0 -3.23553013 0.50305247
v 0 1.09982514 -0.02132145
v 0.7229774 -2.6851027 0.40573436
v -0.72297734 -2.6851027 0.40573439
v 0.6788904 -0.17522409 -0.02336579
v -0.67889034 -0.17522497 -0.02336571
v 0.33752462 0.75630843 -0.61552697
v -0.33752468 0.75630843 -0.61552691
v 0.96863359 -2.77178812 0.21309547
v -0.9686402 -2.7717812 0.21309314
v 0.49629229 -1.13966286 -0.73492157
v -0.49629101 -1.13966155 -0.73492252
v 0.64294326 -0.23229113 0.31959208
v -0.64294368 -0.23229292 0.31959155
v 0.37206721 -1.10216021 0.06417103
v -0.37206757 -1.10216045 0.06417026
v 0.69167423 0.12482996 0.06973764
v -0.69167393 0.12483127 0.06974219
v 0 0.92689693 -0.55014866
v 1.30449676 -1.99628245 -0.2297723
v -1.30450642 -1.99625563 -0.22975936
v 0.62850755 -1.24127972 -0.36727169
v -0.62850749 -1.24128079 -0.36727055
v 0.46844008 0.14360718 -0.70376271
v -0.46844002 0.14360681 -0.70376271
v 0 -0.00055349 1.04923999
v 0.21678026 -3.10767889 0.5699051
v -0.21677991 -3.10767889 0.56990522
v 0.89320582 -1.92439365 -1.03982496
v -0.8932029 -1.92439413 -1.03982424
v 0.42585653 -0.87278544 0.43180063
v -0.42585724 -0.87278491 0.43180039
v 0.54700702 0.84770029 -0.06197475
v -0.54700923 0.84769785 -0.06197437
v 0 -0.1363265 -0.80693346
v 0.60547769 0.67061561 -0.28885242
v -0.60548114 0.67061507 -0.28884145
v 0.41125583 -0.50440353 0.79469186
v -0.41125509 -0.50440257 0.79469347
v 0.31225881 -1.31960868 -0.99417102
v -0.31225538 -1.31960797 -0.99417239
v 0.64170461 0.27706322 0.4246189
v -0.64170438 0.27706924 0.42461741
v 0.26648202 -0.87496453 0.80845314
v -0.26648271 -0.87496531 0.80845201
v 0.31606224 -1.55009877 0.13553333
v -0.31606155 -1.5501008 0.13553424
v 0.44140228 0.42274078 -0.71802187
v -0.44140231 0.42274084 -0.71802181
v 0.84956866 -1.69636583 -1.13661754
v -0.84957271 -1.69636321 -1.13661325
v 0.91098749 -2.85464048 0.21367183
v -0.91098254 -2.85464477 0.21367411
v 0.18873199 -0.78342497 0.92977732
v -0.18872849 -0.78342586 0.92977911
v 0.75956964 -1.49560248 -0.90994572
v -0.75957143 -1.49560308 -0.90994513
v 0.15672929 0.03643993 0.96446645
v -0.15672919 0.03644022 0.96446663
v 0.74278676 0.07853144 0.15931566
v -0.74278688 0.07853154 0.15931576
v 0.86230784 -1.71752274 -0.00542851
v -0.86231094 -1.71752202 -0.00543052
v 0.56329894 -0.96430385 -0.28946366
v -0.5633009 -0.96431028 -0.28946694
v 0.24211463 0.09324137 1.01487577
v -0.24211715 0.09324149 1.01487517
v 0.46995478 -1.54683446 0.01982162
v -0.46995315 -1.54683876 0.01982528
v 0 -1.00892865 0.93659853
v 0.42086052 0.91342783 -0.28047174
v -0.42086076 0.91342783 -0.28047111
v 0.55602508 -0.79846131 -0.47765225
v -0.55602502 -0.79846137 -0.47765246
v 0.66679006 0.03017614 0.2988463
v -0.66679036 0.03017642 0.29884514
v 0.120536 -1.04347431 0.52059996
v -0.12053435 -1.04347467 0.52059513
v 0 1.06430518 -0.25140366
v 0.05756228 -0.4251143 1.18287086
v -0.05756228 -0.4251143 1.18287086
v 0.77795302 -0.03211423 0.09006068
v -0.77795332 -0.03211396 0.09006086
v 0.46503993 -0.03746004 -0.64049947
v -0.46503922 -0.03745907 -0.64050054
v 1.21085524 -1.63916969 -0.64429825
v -1.21085596 -1.63916981 -0.6442942
v 0.1756522 1.0702207 0.17533531
v -0.17565025 1.07022118 0.17533582
v 0.51872152 -0.18971759 0.78593003
v -0.51872319 -0.18971797 0.78592753
v 0.23399715 -0.18558713 -0.75819248
v -0.23399715 -0.18558716 -0.75819248
v 0 -2.91108274 0.60503739
v 0.73271501 -0.22234946 -0.04092843
v -0.73271489 -0.22235024 -0.04092835
v 0 -1.52189576 0.13057854
v 0.31137794 -3.18131423 0.48432782
v -0.31137737 -3.18131279 0.48432952
v 0.46633133 0.82711839 0.46392023
v -0.46633058 0.82711887 0.4639208
v 0.36407622 0.86871403 -0.45775681
v -0.36407497 0.86871439 -0.45775762
v 0.18421992 -1.71784949 0.21259675
v -0.18421924 -1.71784997 0.21259678
v 0.67902869 -0.43881353 0.10920278
v -0.67902874 -0.43881353 0.1092028
v 0.76465171 -2.80962467 0.3709487
v -0.76465147 -2.80962395 0.370949
v 0.7289958 -2.10770797 -0.83921277
v -0.72896516 -2.1077106 -0.83920931
v 0.37250062 0.81800556 0.61993849
v -0.37250313 0.81800186 0.61994063
v 0.10784281 -1.04888796 0.44836309
v -0.10784235 -1.04888808 0.44836321
v 0 -0.51768732 1.09428811
v 0.75116431 0.03355019 0.25314846
v -0.75116437 0.03355034 0.25314837
v 0.48861214 -0.67587852 0.1421975
v -0.48861292 -0.67587757 0.14219684
v 0.34044289 -0.66077536 -0.74416792
v -0.34044295 -0.66077488 -0.74416774
v 0.16319291 -0.43176758 1.01242697
v -0.16319288 -0.43176773 1.01242697
v 0.99618631 -1.7952528 0.03854547
v -0.9961788 -1.79525399 0.03855067
v 0.60847359 -3.06837725 0.37372344
v -0.608469 -3.06837987 0.37372565
v 0 -2.06951212 0.35182434
v 0.58971798 -0.21719048 -0.34396502
v -0.58971822 -0.21719004 -0.34396481
v 0.88997179 -1.534096 -0.30630794
v -0.88997823 -1.5341022 -0.30630391
v 0.41768398 0.55444902 0.82840049
v -0.41768553 0.55444604 0.82840061
v 0.68718451 -0.10959357 0.20730738
v -0.68718457 -0.10959339 0.20730689
v 0.5086441 -2.44490933 0.4603874
v -0.50863164 -2.4449253 0.4603939
v 0 -1.71503961 -1.2610203
v 0.54790699 -0.50294131 -0.04048743
v -0.54790717 -0.50294029 -0.04048676
v 0.66498553 0.60405087 -0.01215353
v -0.66498559 0.60405087 -0.01215097
v 0 0.92727977 0.65524172
v 0.25490188 0.40717145 -0.81982064
v -0.25490188 0.40717145 -0.81982064
v 0.85078448 -1.66770303 -1.11474216
v -0.85078442 -1.66770327 -1.11474251
v 0.27503946 -1.24004066 0.16405762
v -0.27503946 -1.24003851 0.16405783
v 0.35873538 -2.95652437 0.56972038
v -0.35873553 -2.95652437 0.56972032
v 0.69771689 0.18959687 0.03049498
v -0.69771695 0.18959537 0.03049137
v 0.62571352 -0.39100772 0.05654779
v -0.62571871 -0.39100807 0.05655187
v 0 -1.09936761 0.82160133
v 1.28011107 -1.94360578 -0.99768954
v -1.28007197 -1.94376444 -0.99772977
v 0.61061322 -1.09756887 -0.38464549
v -0.61061388 -1.09757471 -0.38464424
v 0.45093303 0.17621229 0.93417751
v -0.45093134 0.17621181 0.93417924
v 0.59261566 0.57860386 -0.42667818
v -0.59261608 0.57860404 -0.42667692
v 0.59817355 -0.50577873 0.2837162
v -0.59817302 -0.50578337 0.28371441
v 0.16936336 -2.7989819 0.59982299
v -0.16936481 -2.79898095 0.59982281
v 0.54136854 -1.2632215 -0.746275
v -0.5413717 -1.26322293 -0.74627256
v 0.21679468 0.32263821 1.0668168
v -0.21679139 0.32263469 1.06681859
v 0.6107642 -1.4172039 -0.17030036
v -0.61076653 -1.41720497 -0.17030152
v 0.18078912 -0.8491165 0.89777916
v -0.18079017 -0.84911876 0.89777743
v 0.32761508 0.12887111 -0.80367726
v -0.3276146 0.12887038 -0.80367738
v 1.36517548 -1.83146572 -0.89380288
v -1.365175 -1.83146739 -0.89380455
v 0.3539125 -0.08123236 0.92605358
v -0.35391199 -0.08123324 0.92605382
v 0.53468841 -0.81881761 -0.55856555
v -0.53468841 -0.81881761 -0.55856555
v 0.1125543 -2.64063811 0.56698542
v -0.11255375 -2.64063882 0.5669856
v 0.16965934 -1.0317775 0.84245598
v -0.16965921 -1.03177762 0.84245598
v 0.12305188 -1.25501287 0.18922749
v -0.12305168 -1.25501132 0.18922784
v 0.0967646 1.03540968 -0.32135847
v -0.0967646 1.03540968 -0.32135847
v 0.75855267 -1.40059661 -0.51036739
v -0.75855171 -1.40059578 -0.51036697
v 0.95398837 -1.6808381 -1.05121684
v -0.95398861 -1.68083822 -1.05121684
v 0.29650995 -0.48451489 0.91112113
v -0.29650828 -0.48451301 0.91112238
v 0.75067514 -0.0993639 0.04713298
v -0.75067538 -0.09936378 0.04713285
v 0.27102556 0.83597815 -0.57993757
v -0.27102553 0.83597821 -0.57993757
v 0.24823445 -0.27294901 -0.74673658
v -0.24823445 -0.27294856 -0.74673658
v 0.15869593 -1.55114841 0.16887827
v -0.15869674 -1.55114722 0.16887822
v 0.81981074 -0.06679207 -0.01160013
v -0.81981056 -0.06679312 -0.01160046
v 0.91554218 -2.1127398 0.24528269
v -0.91554075 -2.11273813 0.24528266
v 0.26334306 0.43686601 1.01272916
v -0.26334068 0.43686607 1.01273024
v 0.11831844 -0.09795283 0.95636779
v -0.11831753 -0.09795227 0.95636797
v 0.6449145 -1.27924144 -0.57014977
v -0.64491474 -1.27924263 -0.57015103
v 0.58463132 0.08873613 -0.51485747
v -0.58463162 0.08873977 -0.51485842
v 0 0.76288968 -0.7192229
v 0.50724369 -1.90185487 0.28013217
v -0.50724399 -1.90185546 0.28013238
v 0.38539207 -0.8387714 0.61896896
v -0.38539087 -0.83877027 0.61897224
v 0.32398682 0.98029375 -0.26873174
v -0.32398602 0.98029398 -0.26873233
v 0.16481937 -0.77330869 -0.86251175
v -0.16481876 -0.77330815 -0.86251181
v 0.44623959 -0.90077656 -0.04858822
v -0.44623953 -0.9007768 -0.04858821
v 0.64282339 -0.29960477 0.20713904
v -0.64282351 -0.29960456 0.20713909
v 0.69302487 -0.06756338 -0.0034593
v -0.69302493 -0.06756345 -0.00345932
v 1.14000237 -1.88468587 0.01198407
v -1.14000284 -1.88468694 0.01198449
v 0.21823018 0.51924544 -0.80525761
v -0.21823018 0.51924544 -0.80525761
v 0.40173575 -0.11700041 0.89446741
v -0.40173468 -0.11699998 0.89446806
v 0.69318842 -0.41397082 0.17343203
v -0.69318902 -0.41397115 0.17343056
v 0.5160436 -3.01139068 0.48404881
v -0.51604324 -3.0113902 0.48404914
v 0.22364762 -2.13192939 0.38652309
v -0.22366899 -2.13191604 0.3865174
v 0.33630845 -1.66812336 -1.29744768
v -0.33630862 -1.66812336 -1.29744768
v 0 0.04324468 -0.86224043
v 0.70258128 -0.27465453 0.07735838
v -0.70258128 -0.27465406 0.07735831
v 0.5206291 -0.71857732 -0.18707679
v -0.52062892 -0.71857518 -0.18707589
v 0.11377602 -0.71079385 1.01992583
v -0.11377564 -0.71079367 1.01992619
v 0.27845203 -1.43350994 -1.13242495
v -0.27845773 -1.4335128 -1.1324259
v 1.2711234 -1.66437435 -0.53104114
v -1.27112054 -1.66437268 -0.5310446
v 0.4438301 -2.64409732 0.51630699
v -0.44383212 -2.64409518 0.51630598
v 0.66210675 -0.29884988 0.21470397
v -0.66210615 -0.29884791 0.21470262
v 0.15121793 -1.06253314 0.69330084
v -0.15121233 -1.06253552 0.69330477
v 0.42835274 -1.38176679 -0.01829166
v -0.42835366 -1.38176643 -0.01829297
v 0.72013425 -0.00159975 0.28469404
v -0.72013413 -0.00159991 0.28469404
v 0 0.57124996 0.99894845
v 0.78725504 0.06706242 0.18095152
v -0.78725487 0.06706284 0.18095168
v 0.94419348 -1.90888333 0.12295699
v -0.94419676 -1.90888762 0.12295733
v 0.49411678 -0.66530942 0.48291
v -0.49412152 -0.66530001 0.48290464
v 0.60199505 0.54877442 0.42214402
v -0.60199707 0.54877984 0.42213359
v 0 -0.44366598 1.19786381
v 0.25029048 -0.04869433 -0.78455835
v -0.25029075 -0.04869568 -0.78455776
v 0.19713048 -1.06596207 0.21371331
v -0.19712984 -1.06596183 0.21371364
v 0.98448556 -1.6296395 -0.95339417
v -0.98448562 -1.62963891 -0.9533928
v 0.87764722 -2.42468094 0.33370268
v -0.87764805 -2.42467999 0.33370235
v 0.42867818 -0.0578207 0.84969633
v -0.42867815 -0.05782072 0.84969639
v 0.48111653 -0.41362178 -0.51498979
v -0.48111653 -0.41362178 -0.51498979
v 0.29506748 1.00633466 0.29575821
v -0.29506832 1.0063337 0.29576057
v 1.06020379 -1.58581948 -0.53035771
v -1.06019914 -1.58581745 -0.53036236
v 0 -1.58817338 0.13931793
v 0.36826083 0.33630216 -0.78241139
v -0.36826083 0.33630216 -0.78241139
v 0.42824843 -1.11371731 -0.05951453
v -0.42824578 -1.11371815 -0.05951014
v 0.27458348 0.04692022 0.9686281
v -0.27458331 0.04692002 0.96862816
v 0.25922861 -1.26930236 -0.98160988
v -0.25922629 -1.26930165 -0.98161083
v 0.245081 0.98207151 -0.36129117
v -0.24508161 0.98207134 -0.36129111
v 0.12853102 0.73910391 0.8650524
v -0.12853084 0.7391017 0.8650543
v 1.01052463 -1.57070004 -0.68186271
v -1.01052415 -1.57069969 -0.68186199
v 0.18625107 -1.97594678 0.33459389
v -0.18625059 -1.97594916 0.33459484
v 0.28114268 -0.86517107 0.30420535
v -0.28114241 -0.86517155 0.30420583
v 0.40169188 -1.90231967 -1.04159677
v -0.40169262 -1.9023199 -1.04159653
v 0 0.97109282 -0.47985854
v 0.48025122 0.55147016 -0.62987327
v -0.48025143 0.55146926 -0.62987357
v 0.16980972 -0.35672617 -0.78455144
v -0.16980914 -0.35672578 -0.78455168
v 0.54275363 -0.56206196 -0.25735384
v -0.54275363 -0.56206208 -0.25735485
v 0 1.02969229 0.44875878
v 0.64302808 -1.49905812 -1.04136645
v -0.64306372 -1.49907195 -1.04136157
v 0.270139 -1.00355637 0.64744144
v -0.27013695 -1.00355792 0.6474449
v 0.66129022 -0.25907784 0.12261509
v -0.66129022 -0.25907778 0.12261507
v 0.15012438 0.70814871 -0.73871505
v -0.15012413 0.70814871 -0.73871511
v 0.44044333 0.94873917 0.10583773
v -0.44044446 0.94873809 0.1058402
v 0.67223632 0.16912148 -0.22629614
v -0.67223393 0.16912248 -0.22631107
v 0.10424007 -1.16849803 -1.01048076
v -0.10423867 -1.16849756 -1.010481
v 0.7444663 -0.21034736 0.02522235
v -0.74446618 -0.21034762 0.02522234
v 0.18162637 -1.23361742 0.18889442
v -0.18162578 -1.23361742 0.18889451
v 0.18378944 -0.04607037 0.91946154
v -0.18378941 -0.04607038 0.91946154
v 0.46905377 0.24748376 0.92222267
v -0.46905395 0.24748385 0.92222231
v 1.38001859 -1.73094272 -0.7147206
v -1.38001883 -1.73094177 -0.71471661
v 0.64712351 -0.09910959 -0.14670704
v -0.64712321 -0.09911201 -0.1467062
v 0.72903883 -0.1768269 0.10097163
v -0.72903889 -0.17682677 0.1009718
v 0.78463506 -1.49714255 -0.21159499
v -0.78463506 -1.49713957 -0.21159972
v 1.05894541 -2.59704113 0.22726029
v -1.05895066 -2.5970447 0.22725504
v 0.50181806 -0.46623426 0.65872484
v -0.50182002 -0.46623009 0.65872347
v 0.1735717 -1.00019633 0.28223002
v -0.17357121 -1.00019717 0.28222981
v 0.68820196 -0.1558901 0.25665995
v -0.68820184 -0.15589019 0.25665983
v 0.54780179 -1.50062465 -0.05618212
v -0.54780703 -1.50063169 -0.05618039
v 0.56078821 -0.36437079 -0.31163045
v -0.56078785 -0.36437109 -0.31163144
v 0.15404933 -3.0738399 0.59311628
v -0.1540499 -3.07384014 0.5931161
v 0.2739945 1.02734124 -0.17445707
v -0.27400016 1.02734041 -0.17444923
v 0.40744674 -1.226089 -0.85018557
v -0.40744555 -1.22609174 -0.85018783
v 0.11230284 0.40969961 1.06862199
v -0.11230531 0.40970757 1.06861949
v 0.66481393 -0.09123134 -0.10032926
v -0.66481357 -0.09123212 -0.10032979
v 0.61168003 -0.32665687 0.38269501
v -0.61168015 -0.32665801 0.38269415
v 0.49288013 0.67079263 0.61655706
v -0.492881 0.6707949 0.61655336
v 0.94035166 -1.63224196 -0.16146573
v -0.94034957 -1.63224566 -0.16145792
v 0.5380069 -1.14464259 -0.68625968
v -0.53800785 -1.14464163 -0.68625789
v 0.62220484 0.70774704 -0.12142623
v -0.62220478 0.70774984 -0.12141955
v 1.09854602 -2.1683135 0.16901591
v -1.09854412 -2.16831064 0.16901604
v 0.20616293 0.88630414 0.65867394
v -0.20616284 0.88630515 0.65867245
v 0.58969897 -0.40548932 0.02095544
v -0.58979421 -0.40527966 0.02088536
v 0.6770218 0.21230363 0.25611859
v -0.67702198 0.21230727 0.25611713
v 0.70464503 -1.39435827 -0.72230476
v -0.70464444 -1.3943628 -0.72232115
v 0.30402773 0.72796756 0.78995615
v -0.30402821 0.72796791 0.78995537
v 0.11034997 -0.27173787 1.07410633
v -0.11035029 -0.27173811 1.07410609
v 0 -1.08518981 0.38371557
v 0.46690335 -0.68283683 0.0419163
v -0.46690413 -0.68283617 0.04191478
v 0 -2.46287584 0.5148887
v 0.51198452 0.85244643 0.28301262
v -0.51198405 0.85244917 0.28300568
v 0.74307316 -0.01381852 0.19417022
v -0.74307334 -0.01381833 0.19417037
v 0.20059979 -0.37449228 0.97600275
v -0.20059986 -0.37449404 0.97600251
v 0.47006112 0.09765348 -0.68919789
v -0.47006148 0.09765323 -0.68919748
v 0 -1.04278862 0.92116409
v 1.26577472 -1.74069285 -0.89184576
v -1.26577293 -1.74069237 -0.89184689
v 0.81881475 0.02568379 0.053968
v -0.81881475 0.02568384 0.05396812
v 0.59742206 0.75480043 -0.14464426
v -0.5974226 0.75479644 -0.14465396
v 0.30224937 -0.91133022 0.74535101
v -0.30224931 -0.91133004 0.74535125
v 0.074167 0.06629768 1.06209957
v -0.07416738 0.06629744 1.06209933
v 0.62105763 -2.59335255 0.4459373
v -0.62105751 -2.59335422 0.44593748
v 1.14825725 -1.85707342 -1.05006599
v -1.14825618 -1.8570733 -1.05006659
v 0.49948164 0.81303507 -0.33767125
v -0.49948343 0.81303346 -0.33767008
v 0.54273384 -1.01969826 -0.62599992
v -0.54273313 -1.01969659 -0.62600046
v 0 -0.21802604 1.14266467
v 0.51354128 -1.57636344 -1.19635045
v -0.51354968 -1.57636869 -1.19635224
v 0.17565497 -2.40141797 0.5000655
v -0.17565278 -2.40142679 0.50006848
v 0.0728968 -0.01159546 1.01155006
v -0.0728968 -0.01159546 1.01155006
v 1.06967341 -2.64319658 0.19788283
v -1.06967389 -2.64319539 0.19788326
v 0.54667633 -1.74080681 0.12063935
v -0.54668825 -1.74080491 0.12063272
v 0.71241718 -0.22906364 0.04993381
v -0.712417 -0.22906409 0.04993371
v 0.47853177 0.86742746 0.34046021
v -0.47852996 0.86742883 0.34046143
v 0.4395456 -0.75724512 0.04508213
v -0.43954488 -0.75724518 0.04508344
v 0 -2.34696412 0.47324621
v 0.52970683 0.76208108 -0.35895606
v -0.52970588 0.76208365 -0.35895419
v 0 -1.93931329 -1.03092634
v 0.92692041 -1.52621948 -0.47860559
v -0.92691636 -1.52621638 -0.47861513
v 0.13655082 1.04224145 0.35738995
v -0.13655081 1.04224073 0.35739234
v 0.16962193 -0.13524776 0.95530772
v -0.1696217 -0.13524682 0.95530748
v 0.45542433 -2.72843194 0.52530741
v -0.45542258 -2.72843408 0.52530825
v 0.1283546 0.16301985 -0.86369955
v -0.1283546 0.16301985 -0.86369955
v 0.08711451 -1.1135236 0.26068109
v -0.08711424 -1.11352396 0.26068097
v 0.61963236 -0.40650099 0.26624465
v -0.61963242 -0.40650048 0.26624482
v 0.5356583 -1.20799863 -0.20453837
v -0.53565776 -1.20800066 -0.20453728
v 0.17148856 -2.95436525 0.61212289
v -0.17148816 -2.9543643 0.61212295
v 0.38958042 -2.16411614 0.39977502
v -0.3895837 -2.16410183 0.39976882
v 0.31062534 0.57727968 -0.74990534
v -0.31062534 0.57727968 -0.74990534
v 0 -1.35552394 0.15674644
v 0.67081892 0.51823359 -0.12697503
v -0.6708185 0.51824057 -0.12696948
v 0.54937958 -0.69444996 -0.34737488
v -0.54937952 -0.69444823 -0.34737536
v 0.63888484 -0.45475918 0.16642637
v -0.63888484 -0.45475924 0.16642709
v 0.67111092 -2.14805674 0.33930674
v -0.67109185 -2.14806509 0.3393149
v 0.44205874 0.3510369 -0.73052901
v -0.44205874 0.3510369 -0.73052901
v 0.42739406 0.28362429 0.96494478
v -0.42739445 0.28362253 0.96494472
v 0.32111018 -3.15839171 0.50110894
v -0.32111212 -3.15839028 0.50110924
v 0.68548655 -1.37057471 -0.32103771
v -0.68549019 -1.37057638 -0.32104107
v 0.46054089 0.91722929 -0.1568309
v -0.46054077 0.91722923 -0.15683163
v 0.65432518 -0.03656308 0.3330675
v -0.65432471 -0.03656341 0.33306887
v 0.56323438 -2.85376834 0.48574447
v -0.56323456 -2.85376763 0.48574441
v 0.15580564 -1.53701973 -1.23464036
v -0.15581023 -1.53702151 -1.23464107
v 1.00979566 -1.60057604 -0.8491823
v -1.00979554 -1.60057604 -0.84918254
v 0.30767318 -1.31405305 0.13389086
v -0.30767521 -1.31405937 0.13388836
v 0.57398897 0.07075101 0.67256933
v -0.57398909 0.0707521 0.67256897
v 0.66948646 -0.302143 0.22456082
v -0.6694864 -0.30214294 0.22456052
v 0.74701309 -1.97733402 -0.97489321
v -0.74701845 -1.97733438 -0.97489321
v 0.41868266 -0.30682006 -0.61246585
v -0.41868266 -0.30682006 -0.61246585
v 0.24211946 -1.82326591 0.25430521
v -0.24211868 -1.82326686 0.25430575
v 0.246821 -1.02110445 0.72493994
v -0.24682158 -1.02110385 0.72494071
v 1.3689903 -1.70939767 -0.59110111
v -1.36899006 -1.70939755 -0.59109926
v 0.50291568 -0.16099357 -0.55387854
v -0.5029149 -0.16099566 -0.5538789
v 0.65007108 0.59495174 0.19391962
v -0.65007263 0.59494733 0.19391638
v 0 -2.72949743 -0.10001793
v 0.15881259 -1.06299936 0.80465638
v -0.15881189 -1.06299984 0.80465632
v 0.62131869 -0.13651314 0.47238862
v -0.62131875 -0.13651418 0.47238785
v 0.76070642 -1.62559831 -1.13196229
v -0.76070272 -1.62559449 -1.13196086
v 0.79299771 0.03328952 0.17420359
v -0.79299765 0.03328962 0.17420378
v 0.92885744 -2.15522146 0.2569172
v -0.92885601 -2.15522265 0.25691825
v 0.68785518 -1.39858007 -0.27498835
v -0.68785339 -1.39857804 -0.27498981
v 0.54166048 -1.85100972 -1.0894767
v -0.54165911 -1.85100984 -1.0894767
v 0.351969 0.06452424 0.94416379
v -0.35196855 0.06452423 0.94416397
v 0.63964647 -0.13959783 0.33429452
v -0.63964593 -0.13959702 0.33429729
v 0.11385513 -0.48276642 1.04951524
v -0.11385514 -0.48276642 1.04951524
v 0.46969148 0.73305952 -0.50086075
v -0.46968913 0.73306316 -0.50086003
v 0 -0.335608 -0.81196951
v 1.01721954 -1.79964149 -1.0911206
v -1.01721751 -1.79964208 -1.09112203
v 0.65913718 -0.24890051 0.17622344
v -0.65913724 -0.2489005 0.17622336
v 0.30146071 -0.79783439 -0.8076623
v -0.30145931 -0.79783326 -0.8076629
v 0.70369833 0.05023972 0.09038873
v -0.70369875 0.05023955 0.09038855
v 0.98757022 -2.86892771 0.06615626
v -0.98756843 -2.86893248 0.0661553
v 0.69654589 -0.0684738 0.1680645
v -0.69654583 -0.06847391 0.16806447
v 0.26999265 -0.62091505 0.92430537
v -0.26998996 -0.62091571 0.92430788
v 0.61188828 -1.30449116 -0.68969684
v -0.61188894 -1.30449366 -0.68969947
v 0.72200781 -0.36402016 0.05484832
v -0.72200763 -0.36402079 0.05484883
v 0.35760927 0.55641335 0.88527429
v -0.35760906 0.55641716 0.88527166
v 0 -0.75272923 1.03488099
v 0.39265823 -0.21749346 0.90303123
v -0.39265805 -0.21749374 0.90303134
v 0.54289364 -2.93754291 0.14886276
v -0.54284006 -2.93755507 0.14887808
v 0.13640584 -0.41883882 1.09203183
v -0.13640564 -0.41883862 1.09203231
v 0 -0.81685715 0.97792488
v 0.66551899 -0.31394001 0.0220114
v -0.66551917 -0.31393921 0.02201086
v 0.71751779 -0.21075536 0.0696546
v -0.71751838 -0.21075384 0.06965503
v 0.29038101 0.9498263 0.47598651
v -0.2903839 0.94982421 0.47598785
v 0.38892522 -1.44527006 0.04616311
v -0.38892379 -1.44527065 0.04616477
v 0.22783149 -0.590617 0.96343261
v -0.227832 -0.59061634 0.96343225
v 0.47020497 -0.88069576 -0.67959755
v -0.47020494 -0.88069641 -0.67959779
v 0.82457655 -2.27664852 0.32972163
v -0.82457619 -2.27665138 0.32972234
v 0.64272582 -1.29400324 -0.35317334
v -0.64272528 -1.29400241 -0.35317292
v 0.72967726 -0.31154739 -0.00757357
v -0.72967726 -0.31154736 -0.00757362
v 0.21717415 -1.51373434 0.16883957
v -0.21717332 -1.51373243 0.16883949
v 0.15579301 -0.75305503 0.96628361
v -0.15579341 -0.75305581 0.9662829
v 0.80628466 -1.54408419 -0.97915738
v -0.80628222 -1.54408252 -0.97915637
v 0.81368494 -0.06509228 0.03740296
v -0.81368494 -0.06509224 0.03740298
v 0.25392586 -1.30843305 -1.01608908
v -0.25392493 -1.30843234 -1.01608884
v 0.6018247 -1.96371507 0.27619063
v -0.60181278 -1.96371281 0.27619308
v 0.16407476 -1.50260758 0.16535379
v -0.16407555 -1.50260698 0.1653539
v 0.05392887 -0.68211197 1.04808139
v -0.05392998 -0.68211203 1.04808104
v 0.16535653 0.85211163 -0.614021
v -0.16535653 0.85211163 -0.614021
v 0.52742683 0.8720352 0.10282583
v -0.52742779 0.87203419 0.1028272
v 0.5183143 -1.09168219 -0.19026508
v -0.51831454 -1.09168756 -0.19026519
v 0.25363031 -1.70328831 -1.2643361
v -0.25362989 -1.703287 -1.26433765
v 0.58831524 0.09319064 0.63436162
v -0.58831435 0.09319588 0.63436526
v 0.28200829 -1.68984794 0.18953794
v -0.28200885 -1.68984627 0.18953724
v 0.33583381 -0.67128497 0.8283661
v -0.33583354 -0.67128294 0.82836753
v 0.67342376 -1.3150053 -0.43697246
v -0.67342412 -1.31500566 -0.43697431
v 0.47047349 0.27375859 -0.71301442
v -0.4704732 0.27375894 -0.71301466
v 0.62724971 -1.39492082 -0.84939527
v -0.62723213 -1.39491593 -0.84940707
v 0 -1.66792559 -1.31570589
v 0.60919249 -0.46288964 0.1363094
v -0.60919302 -0.46288904 0.13630956
v 0.82187312 -0.05615681 0.0275719
v -0.8218733 -0.05615629 0.02757205
v 0.23103432 -0.92311894 0.25383099
v -0.23103395 -0.92311948 0.25383114
v 1.0437653 -1.59626317 -0.39956671
v -1.04376697 -1.59626376 -0.39956775
v 0.46873319 0.71687388 0.61396038
v -0.46873405 0.71687245 0.61396056
v 0.41655769 -0.13152842 -0.65746223
v -0.4165574 -0.1315297 -0.65746218
v 0.69002902 0.13969099 -0.08778785
v -0.69002872 0.13968536 -0.08778829
v 0 0.98067027 0.56060802
v 0.29039472 -0.91499841 0.18481914
v -0.29039469 -0.91499847 0.18481911
v 0.5429998 0.66974234 -0.44851794
v -0.54300028 0.66973877 -0.44852057
v 0.15297767 0.53135681 1.00665247
v -0.1529766 0.53135365 1.0066545
v 0.33651524 -0.41312471 -0.69314718
v -0.33651527 -0.4131248 -0.69314718
v 1.11480867 -2.43662285 0.21896514
v -1.11480689 -2.43662548 0.21896646
v 0.06512743 -1.09611856 0.30960524
v -0.06512744 -1.09611856 0.30960527
v 0.24683718 -0.00904898 0.96906906
v -0.24683685 -0.00904868 0.96906906
v 0.35034772 -1.40742731 0.08312729
v -0.35034775 -1.40743136 0.08312772
v 0 0.04845365 1.06329143
v 0.68867945 0.06388292 0.21151854
v -0.68867951 0.06388287 0.21151827
v 0.52617824 -0.42926457 -0.40433001
v -0.52617824 -0.4292646 -0.40432998
v 0.20107033 -1.1519798 -0.96406638
v -0.20107045 -1.15198242 -0.96406716
v 0.18687699 0.13801771 1.08980441
v -0.18687599 0.13801784 1.08980476
v 0.45131114 -1.24990701 -0.08310805
v -0.4513103 -1.24990856 -0.08310657
v 0.43007087 -0.78901398 0.26784646
v -0.43007069 -0.78901368 0.26784586
v 0.67536008 -0.44794964 0.13944619
v -0.67535978 -0.44794985 0.13944646
v 0 -2.95116257 0.60516434
v 0.69682484 0.36561545 -0.02576195
v -0.69682455 0.36561706 -0.02576658
v 0 0.20473539 1.09774959
v 0.25974044 0.5799393 0.93245947
v -0.25974091 0.57994115 0.93245786
v 0.39974877 -0.74719172 0.18205103
v -0.39974975 -0.7471916 0.18205131
v 0.45562714 -1.46335887 -1.10440683
v -0.45563423 -1.46336531 -1.10441124
v 0.28933182 0.72295546 -0.67502003
v -0.2893323 0.7229557 -0.67501968
v 0.39671683 0.14767375 0.97655713
v -0.39671695 0.14767463 0.97655749
v 0 -1.28716361 -1.07776582
v 0.91021913 -1.79546749 0.08062627
v -0.91021794 -1.79546892 0.08062803
v 1.00237107 -1.56393063 -0.6357181
v -1.0023719 -1.5639311 -0.63571971
v 0.070701 -0.48136031 1.05943799
v -0.07070094 -0.48136028 1.05943799
v 0.25347304 -2.64423561 0.55878919
v -0.25347188 -2.64423322 0.55878883
v 0.20914299 0.31841594 -0.84303265
v -0.20914299 0.31841594 -0.84303265
v 0.55361712 0.13702669 0.74603354
v -0.55361712 0.13702645 0.74603349
v 0.81887382 -1.60022711 -0.1024418
v -0.81886631 -1.60021913 -0.10244586
v 0.07154155 -0.42002126 1.16189873
v -0.07154155 -0.42002126 1.16189873
v 0.17998258 -3.19715094 0.51822584
v -0.17999047 -3.19715189 0.51822286
v 0.42568352 -1.25903654 -0.85498613
v -0.42569962 -1.25904417 -0.85497808
v 0.17666824 -0.26199889 0.98494076
v -0.17666825 -0.2619988 0.98494076
v 0.51647931 0.25118866 0.83396071
v -0.51647973 0.25118601 0.83396023
v 0.87836772 -1.67859995 -0.05459281
v -0.87837374 -1.67860317 -0.0545922
v 0.28283932 0.02824387 -0.79919678
v -0.28283903 0.02824416 -0.79919701
v 0.5433225 0.76028806 0.38723599
v -0.54332268 0.76029139 0.38723021
v 0.16405782 -1.84993445 0.26256719
v -0.16405846 -1.84993553 0.26256772
v 0.44359049 -0.85483962 0.44467189
v -0.44359055 -0.85483944 0.44467192
v 0.60645508 -0.08241222 0.54847258
v -0.60645496 -0.08241402 0.54847258
v 0.54914748 -0.00896878 -0.53867614
v -0.54914784 -0.00896925 -0.5386753
v 0.14622889 -0.19681023 -0.78568995
v -0.1462289 -0.19681023 -0.78568995
v 0.1827505 -0.99426472 0.3845601
v -0.18274937 -0.99426579 0.38455942
v 1.18354725 -2.1977005 0.1294973
v -1.18354964 -2.19769835 0.12949541
v 0.05986792 -1.79358816 0.21015797
v -0.0598691 -1.79360306 0.21016512
v 0.63322448 -0.07487771 0.41436234
v -0.63322442 -0.07487735 0.41436275
v 0.61521828 -0.05560796 -0.35120761
v -0.6152178 -0.05560503 -0.35121098
v 0.34145981 -1.76073408 0.19657346
v -0.34147077 -1.76072502 0.19656525
v 0.31249365 1.02849721 0.0765689
v -0.3124994 1.02849435 0.0765727
v 0.60867357 -1.20478606 -0.59427666
v -0.60867285 -1.20478391 -0.59427642
v 0.58801388 -0.22985532 0.57940435
v -0.5880146 -0.22985822 0.57939887
v 1.23765277 -2.1774702 0.09527355
v -1.23765122 -2.17747497 0.0952757
v 0.63236486 -1.81978833 0.17588263
v -0.63236975 -1.8197875 0.17588047
v 0 1.10033738 0.07547393
v 0.50134325 -2.00411081 -0.9417712
v -0.50134873 -2.0041151 -0.94176715
v 0.45047608 0.38806563 0.8951075
v -0.4504753 0.38806226 0.89511025
v 0.35190326 -0.02757855 0.94141757
v -0.35190329 -0.02757855 0.94141757
v 0.81413042 -0.01608317 0.08051176
v -0.81413042 -0.01608296 0.08051188
v 0.14421835 -0.33270102 1.06519627
v -0.14421822 -0.33270075 1.06519627
v 0.30212503 1.00725781 -0.20973071
v -0.30212798 1.00725543 -0.20973514
v 0.49471733 -0.73661249 -0.11078114
v -0.4947175 -0.73661202 -0.11078151
v 0.39085656 0.16929221 -0.77157932
v -0.39085617 0.1692914 -0.7715795
v 0.54346853 -1.75745403 -1.18723845
v -0.54346615 -1.75745511 -1.18723726
v 0.6334576 0.70392817 0.06576847
v -0.63345742 0.70392763 0.06577424
v 0.59840112 -0.26295125 0.20025499
v -0.59840112 -0.26295137 0.200255
v 0.19596713 0.87046229 -0.58074945
v -0.19596754 0.87046259 -0.58074885
v 0.51590919 -0.31356778 0.74412602
v -0.51591295 -0.3135606 0.74412298
v 0.73394155 0.02656388 0.0564202
v -0.73394149 0.02656389 0.05642024
v 0.31849467 -0.81646567 0.25616955
v -0.31849494 -0.81646567 0.25617006
v 0.53337144 0.47502437 0.666134
v -0.53336828 0.47501832 0.66614639
v 0.07402429 -0.07868793 1.01113963
v -0.07402408 -0.07868772 1.01113998
v 0 0.83736968 -0.65639507
v 0.58774882 0.79410547 0.10350048
v -0.58774811 0.79410558 0.10350807
v 1.18429863 -1.75028765 -0.14837531
v -1.18430101 -1.75028753 -0.1483777
v 0 -0.69650167 1.05065321
v 0.52973467 -1.37233603 -0.13182294
v -0.52973604 -1.37233376 -0.13182579
v 0.22430411 -0.39007094 -0.76430267
v -0.22430436 -0.39007186 -0.76430267
v 0.12886481 -0.00956993 -0.83590346
v -0.12886452 -0.00957128 -0.83590298
v 1.18303275 -2.05677366 0.08270064
v -1.1830362 -2.05677628 0.08270015
v 0.49633505 -0.78224843 0.35307598
v -0.49633488 -0.78224861 0.35307562
v 0 -0.36031547 1.21856868
v 0.69304233 -1.4826982 -0.16241058
v -0.69304925 -1.48269951 -0.16241344
v 0.0821043 -0.74343377 -0.87296032
v -0.08210407 -0.7434346 -0.87296062
v 0.79735225 -1.47272777 -0.78042984
v -0.79736769 -1.47274005 -0.78043758
v 1.34863424 -1.87242448 -0.16127128
v -1.34863412 -1.87242484 -0.16127072
v 0.3065254 -1.40881168 0.12967427
v -0.30652105 -1.40879643 0.12967898
v 0.40268701 -0.48256373 0.81577116
v -0.40268552 -0.48256596 0.81577175
v 0 0.69784504 0.91165584
v 0.09738322 -0.60836637 -0.84015792
v -0.0973825 -0.60836368 -0.84015768
v 0.65525025 -0.4473418 0.20861963
v -0.65525025 -0.44734177 0.20861969
v 1.22648477 -1.6782397 -0.37926182
v -1.2264899 -1.67824113 -0.37926346
v 0.32443258 0.25653463 1.04075479
v -0.32442775 0.2565357 1.04075694
v 0.55322408 -3.05337858 0.43569594
v -0.55322003 -3.05338311 0.43569585
v 0.69218963 0.33539909 0.10185001
v -0.69219005 0.33539974 0.10184473
v 0.35972124 -0.81228673 0.68851524
v -0.35972008 -0.81228756 0.68851709
v 0.63710844 -0.33962082 0.25931567
v -0.6371085 -0.33962091 0.25931567
v 0.4036386 0.56722384 -0.69511896
v -0.40363827 0.56722426 -0.69511902
v 0.46209973 0.02192433 0.83899229
v -0.46210056 0.02192331 0.8389911
v 0 0.42473405 -0.85043889
v 0.705168 -0.3175933 -0.00219604
v -0.70516789 -0.31759333 -0.00219599
v 0.24132145 -3.04880547 0.58670741
v -0.24132137 -3.04880571 0.58670741
v 0.07869681 -1.04104483 0.90508669
v -0.07869693 -1.04104483 0.90508669
v 0.22600872 -1.62646043 0.18686655
v -0.22601018 -1.62646508 0.18686755
v 0.62420922 0.09303524 -0.41249764
v -0.6242097 0.09303513 -0.41249606
v 0.55590903 -0.08243765 0.70743954
v -0.5559082 -0.08243705 0.70744103
v 0.43508002 -3.03882479 0.51908969
v -0.43508133 -3.03882551 0.5190888
v 0.51908731 -0.73368102 0.2685891
v -0.51908844 -0.73367905 0.26858794
v 0.21897326 0.10952229 1.04793047
v -0.21897283 0.1095216 1.04792976
v 0.33555451 0.89345508 -0.44885766
v -0.33555623 0.89345431 -0.44885712
v 0.03960534 -0.44318124 1.10482871
v -0.03960534 -0.44318127 1.10482871
v 0.69457858 -0.12938372 0.28298988
v -0.6945787 -0.1293834 0.28298974
v 0.71293258 -0.09343326 -0.00507764
v -0.71293282 -0.09343169 -0.00507702
v 0.37714433 -0.88499212 0.39304602
v -0.37714594 -0.88499152 0.39304581
v 0.49327191 -0.7786147 -0.11988639
v -0.49327191 -0.77861452 -0.11988634
v 0.64683896 0.59736824 -0.20361015
v -0.64683783 0.59737175 -0.20361153
v 0.0535121 -0.43239754 1.17373514
v -0.0535121 -0.43239754 1.17373514
v 0.67028862 -0.1982501 0.27028569
v -0.67028862 -0.19825014 0.2702856
v 0.83497411 -2.72316837 0.3428933
v -0.83497417 -2.72316837 0.3428933
v 0.53117251 -0.55955785 0.08436022
v -0.53117191 -0.55955904 0.08435987
v 0.2367894 -0.80594337 -0.84391897
v -0.23679059 -0.80594521 -0.84391892
v 0.03194246 -0.48724064 1.10695195
v -0.03194246 -0.48724064 1.10695195
v 0.62532353 0.08257202 0.51401782
v -0.62532365 0.08256893 0.51401722
v 0.6383183 -0.32924005 0.27905586
v -0.6383183 -0.32923919 0.27905768
v 1.0030812 -1.88002061 0.08231099
v -1.00308954 -1.88002717 0.08231001
v 0.18047832 0.00188228 0.95250302
v -0.18047787 0.00188221 0.95250284
v 0.51506489 -0.57480865 0.04399204
v -0.51506608 -0.57480573 0.04399306
v 1.08975255 -2.2954843 0.21805667
v -1.08975422 -2.29548287 0.21805533
v 0.90627527 -1.81128072 0.09498833
v -0.90627706 -1.81128108 0.09498783
v 1.32060825 -1.75230848 -0.85449963
v -1.3206079 -1.75230991 -0.85450214
v 0.23879772 1.01761388 0.34486642
v -0.23879814 1.01761233 0.34487193
v 0.13436426 0.03818609 0.97233539
v -0.13436426 0.03818611 0.97233539
v 0.08176226 -1.58164227 0.14975579
v -0.08177167 -1.58165991 0.14976438
v 0.35661456 -2.79131388 0.56322741
v -0.35661566 -2.79131341 0.56322705
v 0.32561963 -0.2016868 -0.70937162
v -0.32561972 -0.20168668 -0.70937156
v 0.18306836 0.84449762 0.7286545
v -0.18306937 0.84449315 0.72866022
v 0.46749654 0.90868502 0.23168565
v -0.4674955 0.90868806 0.23167607
v 0.16662128 0.924703 -0.51969796
v -0.16662122 0.92470312 -0.51969784
v 0.09459998 -0.32425418 1.13985002
v -0.09459994 -0.32425412 1.13985002
v 1.30856096 -1.85228657 -0.9523707
v -1.30856108 -1.85228729 -0.95237094
v 0.13617084 -3.2298274 0.49632036
v -0.13616947 -3.2298274 0.49632057
v 0.407745 -0.66309446 0.68710511
v -0.4077461 -0.66309511 0.68710219
v 0.72459131 -1.39407706 -0.67023909
v -0.72458797 -1.39407515 -0.67024141
v 0.21889853 -1.00521063 0.54713445
v -0.21889913 -1.00521063 0.54713547
v 0.30225706 -1.3802303 -1.06874144
v -0.30225795 -1.38023221 -1.06874311
v 1.23307025 -1.79715895 -0.97260177
v -1.23307001 -1.79715895 -0.97260201
v 0.86679983 -2.12800526 0.27106642
v -0.86679458 -2.12800431 0.27106806
v 0.59151411 0.26555761 0.59180194
v -0.59151649 0.26556858 0.59179055
v 0.43409261 0.95542764 -0.02152618
v -0.4340986 0.95542341 -0.02152103
v 0.30353274 -0.04276921 0.95820248
v -0.30353257 -0.04276927 0.95820254
v 0.05923828 -0.23767741 1.12344837
v -0.05923819 -0.23767744 1.12344849
v 0.16377371 -1.35358893 0.17256821
v -0.16377043 -1.35358214 0.17256845
v 0.08343111 -1.41450524 -1.162467
v -0.08343775 -1.41451287 -1.16247165
v 0.79326295 0.01869139 0.01835513
v -0.79326289 0.01869121 0.018355
v 0.66462194 0.08287804 -0.23015084
v -0.66462278 0.08288038 -0.2301478
v 0.69477558 -2.9139831 0.39268881
v -0.69477564 -2.9139831 0.39268878
v 0.73850786 -0.15492898 0.04282994
v -0.73850792 -0.15492887 0.04282991
v 0.34032058 -2.07836175 0.36363023
v -0.34032642 -2.07834339 0.36362201
v 0.60529965 0.40786975 -0.48219874
v -0.60529863 0.40786582 -0.4822027
v 0.76071631 0.08221359 0.17487482
v -0.76071649 0.08221351 0.17487523
v 0.19549399 0.94275403 0.56942904
v -0.19549235 0.94275301 0.56943184
v 0.4389241 -0.36288085 0.82902908
v -0.43892285 -0.36288505 0.82902878
v 0.32725361 -2.10511755 -0.84190267
v -0.32724922 -2.10511994 -0.84190011
v 0.49954411 -1.97812473 0.30678117
v -0.49954024 -1.97812366 0.30678165
v 0.70045584 0.02809014 0.26019272
v -0.7004559 0.02809025 0.26019266
v 0.37975072 -0.83117985 0.10233696
v -0.37974894 -0.83117932 0.10233922
v 0.09615797 -1.05105376 0.52542281
v -0.09615789 -1.05105364 0.52542185
v 1.28517293 -2.04128384 -0.05833626
v -1.28516292 -2.04131269 -0.0583671
v 0.76917147 -0.04526798 -0.01257502
v -0.769171 -0.04526756 -0.0125746
v 0.73127162 -0.10682591 0.11039592
v -0.7312718 -0.1068262 0.11039579
v 0.03835029 -0.16437844 -0.80236905
v -0.03835029 -0.16437844 -0.80236905
v 0.68520975 0.07611506 0.20443807
v -0.68520975 0.076115 0.2044377
v 0.5267263 -0.16088689 -0.51590919
v -0.52672708 -0.16088536 -0.51590853
v 0 -1.12692606 0.28206914
v 0.22397412 1.04086041 -0.19846445
v -0.22397659 1.04085993 -0.19846311
v 0.33792254 0.44388088 -0.78046649
v -0.33792254 0.44388088 -0.78046649
v 0.05387464 -1.13773644 0.25677502
v -0.05387517 -1.13773608 0.25677508
v 0 0.1001266 -0.86965137
v 0.37876322 -0.94698238 -0.7891646
v -0.37876313 -0.94698387 -0.78916502
v 0.58187001 -0.46174258 0.09115921
v -0.58186936 -0.46174302 0.09115884
v 0 -2.63417506 0.55933308
v 0.34558492 -0.12581476 0.92319566
v -0.34558543 -0.12581495 0.92319536
v 0.12483713 -1.0826478 0.25435972
v -0.12483717 -1.08264803 0.25435939
v 1.07750117 -1.9544003 -1.02167177
v -1.07569289 -1.95412647 -1.02188682
v 0.32786807 0.09491084 -0.79692107
v -0.32786795 0.09491117 -0.79692119
v 0.67726874 -0.35288766 0.1176024
v -0.6772688 -0.35288772 0.11760254
v 0.21466516 -0.69406569 0.93258917
v -0.21466507 -0.69406569 0.93258923
v 0.96833282 -2.47499847 0.30119425
v -0.9683339 -2.47499704 0.30119383
v 0.15349449 0.58488374 0.97259289
v -0.15348994 0.58488619 0.97259253
v 0.66362232 -0.2198444 -0.02951446
v -0.66362285 -0.21984313 -0.02951402
v 0.03132079 1.02251529 -0.37234845
v -0.03132079 1.02251529 -0.37234845
v 0.71021789 -0.16903707 0.13447943
v -0.71021795 -0.1690372 0.13447934
v 0.12478529 0.60668784 -0.79525649
v -0.12478529 0.60668784 -0.79525649
v 0.3622545 0.65582948 0.80565446
v -0.36225262 0.65583694 0.80564993
v 0.74196851 -1.56548893 -1.0731846
v -0.74196451 -1.5654906 -1.07318973
v 0.56048715 -0.46039515 0.46596044
v -0.56048893 -0.46039587 0.46595287
v 0.75789558 -0.25729614 0.00658229
v -0.75789547 -0.25729629 0.00658225
v 0.58957397 -2.27543568 0.40117409
v -0.58958649 -2.2754352 0.40117067
v 0.35808214 -1.29959952 0.07029561
v -0.35808211 -1.29960215 0.07029552
v 0.62254983 -1.24830436 -0.34349682
v -0.62254947 -1.24830365 -0.34349641
v 0.33757489 0.29763069 1.026214
v -0.33757042 0.29762959 1.0262165
v 0.52518779 0.29612255 -0.65079534
v -0.52518779 0.29612255 -0.65079534
v 0.31453639 -2.381078 0.47882497
v -0.31453293 -2.38106298 0.47882112
v 0.73046535 -0.27884888 0.03104342
v -0.73046571 -0.27884686 0.03104295
v 0.33604326 -1.1739043 0.11607156
v -0.33604326 -1.17390298 0.11607168
v 0 -1.92572546 0.28341168
v 0.46738314 0.35277715 0.88849723
v -0.4673843 0.35276949 0.88849937
v 0.34076473 0.82444709 0.6461904
v -0.34076297 0.82444685 0.64619267
v 0.18671554 -1.66650569 -1.3125714
v -0.18671764 -1.66650569 -1.31257128
v 0.5298869 -0.31580558 0.71211439
v -0.52988463 -0.31580761 0.71211832
v 1.22866153 -1.67601823 -0.80543065
v -1.22866129 -1.67601859 -0.80543166
v 0.08478054 -0.36112582 -0.80790805
v -0.08478191 -0.36112502 -0.8079077
v 0.48411637 0.87756067 -0.22376273
v -0.48411628 0.8775621 -0.22375881
v 1.10480046 -1.90305566 -1.08117508
v -1.10480821 -1.90305888 -1.0811721
v 0.54759192 -0.52288848 -0.21438138
v -0.54759204 -0.52288758 -0.21438424
v 0.47554981 -1.30201327 -0.8505935
v -0.4755758 -1.30200731 -0.85056322
v 0.67352837 -0.3654823 0.04779089
v -0.67352694 -0.36547723 0.04778865
v 0.73612761 -0.03025475 0.2688573
v -0.73612761 -0.03025466 0.26885727
v 0.04008792 -0.75750047 1.03267908
v -0.04008758 -0.75750029 1.0326792
v 0.72302669 -3.03768992 0.26726755
v -0.72302186 -3.03769254 0.26727098
v 1.0005176 -1.69523036 -0.11374689
v -1.00052619 -1.69523024 -0.11375393
v 0.58304226 0.6482039 0.40264293
v -0.58303839 0.64820277 0.40265581
v 0.61732536 -0.44624331 0.11627829
v -0.61732518 -0.44624343 0.11627813
v 0.49857547 -0.64101332 -0.56024247
v -0.49857547 -0.64101332 -0.56024247
v 0.0951897 -0.795394 0.97604179
v -0.09518999 -0.79539603 0.97604006
v 0.58579003 -3.1077404 0.35076886
v -0.58578622 -3.10774207 0.35077101
v 1.2628864 -1.71952629 -0.29450094
v -1.26287591 -1.71952807 -0.29448345
v 0.77918791 -0.12700973 0.02885668
v -0.77918791 -0.12700979 0.02885663
v 0.55986189 -0.63036316 0.16863934
v -0.55986118 -0.63036483 0.16864001
v 0.43662062 -0.48661696 -0.60304236
v -0.43662059 -0.48661702 -0.60304242
v 0.04026952 -0.84526604 0.96009445
v -0.04026948 -0.84526699 0.96009409
v 0.98816758 -2.81574869 0.14818303
v -0.98817312 -2.8157444 0.14818048
v 0.79755526 -0.11017099 -0.0362376
v -0.79755514 -0.1101711 -0.03623766
v 0.57429611 -0.8692969 -0.42641758
v -0.5742957 -0.8692947 -0.42641753
v 0.2446638 0.40087801 1.03539061
v -0.24466474 0.40087437 1.03539145
v 0.49219653 -0.06523817 0.79229718
v -0.49219501 -0.0652404 0.79229939
v 0.33283877 -0.9018659 0.40368101
v -0.33283665 -0.90186518 0.40367856
v 0.8074274 0.04019521 0.12179347
v -0.80742722 0.04019589 0.12179435
v 0.26080793 -0.95492452 0.78284198
v -0.26080977 -0.95492172 0.78284102
v 0.66651976 -0.36486327 0.20871929
v -0.66651982 -0.36486434 0.20871996
v 0.32953265 -1.15598213 -0.88319104
v -0.32953375 -1.15598309 -0.88319051
v 0.32594946 -0.39030724 0.90095657
v -0.32594877 -0.39030703 0.90095698
v 0 -1.09692311 0.84635311
v 1.14499557 -1.66522133 -0.32013905
v -1.14499926 -1.66522109 -0.32014364
v 0.14257909 0.53763669 -0.81605726
v -0.14257909 0.53763669 -0.81605726
v 0.03374145 -1.07674813 0.40752223
v -0.03374145 -1.07674813 0.40752223
v 0.67701596 -0.35486349 0.1459079
v -0.6770159 -0.35486328 0.14590711
v 0.42202881 -0.37026494 -0.60184162
v -0.42202881 -0.37026494 -0.60184162
v 0 -0.19270059 -0.80138635
v 0.52309268 0.49071702 -0.60664451
v -0.52309244 0.49071684 -0.60664486
v 0.62492209 -0.15893775 -0.24956613
v -0.62492179 -0.15893565 -0.24956888
v 0.66181975 -1.29739868 -0.42311072
v -0.66182041 -1.29739916 -0.42311355
v 0.95878499 -1.55112099 -0.42097172
v -0.95878613 -1.55112195 -0.42096874
v 0.07686511 -0.58942037 1.06509304
v -0.07686602 -0.5894193 1.06509232
v 0.19687302 -2.92020058 0.60931235
v -0.19687339 -2.92020106 0.60931229
v 0.73404014 0.04793853 0.07949456
v -0.73404133 0.04793886 0.07949396
v 0.27123734 -0.65153783 0.91446811
v -0.27124226 -0.65153944 0.9144628
v 1.09440636 -1.59861755 -0.63021272
v -1.09439885 -1.59861469 -0.63020831
v 0.11915699 0.76529157 -0.70642447
v -0.11915699 0.76529157 -0.70642447
v 0.60563635 -0.21037833 0.48922693
v -0.60563677 -0.21038165 0.48922288
v 1.0021305 -1.74336099 -0.02283322
v -1.00213205 -1.74336051 -0.02283494
v 0.13176322 0.98549306 0.51449954
v -0.13176399 0.98549306 0.51449894
v 0.0616158 -0.53077113 1.06396961
v -0.06161713 -0.53077113 1.06396889
v 0 -1.3181113 -1.09680366
v 0.51243835 -2.977458 0.49715971
v -0.51243829 -2.977458 0.49715977
v 0.21113896 1.06846416 -0.01359747
v -0.21113573 1.06846535 -0.01359461
v 1.11707401 -2.08582043 0.12521381
v -1.11706948 -2.08581709 0.12521475
v 0.17095784 -1.26765298 -1.02744603
v -0.17095777 -1.2676531 -1.02744615
v 0.33637788 0.9663558 0.35765707
v -0.33637765 0.96635592 0.35765683
v 0 1.0479815 -0.30483144
v 0.33933988 -0.95037919 0.57498079
v -0.33934021 -0.95037895 0.57498019
v 0.67026162 0.56609094 0.07420686
v -0.67026227 0.5660879 0.07420553
v 0.73240709 -1.73582005 -1.22157108
v -0.73239731 -1.73581647 -1.22157406
v 0.45814427 -1.4514147 -0.02202542
v -0.45814213 -1.45141685 -0.02202243
v 0.10289783 -1.30989122 -1.07893991
v -0.10289704 -1.30989122 -1.07894015
v 0.56487888 -0.88041102 -0.32867637
v -0.56487876 -0.88041007 -0.32867616
v 0.40798816 0.85860317 -0.41816884
v -0.40798777 0.85860437 -0.41816744
v 0.5932123 -1.34918236 -0.21677109
v -0.59321099 -1.34918141 -0.21677044
v 0.15266124 -3.10047841 0.58331835
v -0.15266105 -3.10047817 0.58331853
v 0.36275377 -0.78791475 0.13607032
v -0.36275446 -0.78791427 0.13606953
v 0 0.70071858 -0.76011145
v 0.59192103 0.18515689 -0.53155517
v -0.59192168 0.18515498 -0.53155338
v 0.07125399 1.09308707 -0.07053925
v -0.071253 1.09308719 -0.07053896
v 0.09161246 -1.29431903 0.17917344
v -0.09161283 -1.29431712 0.17917408
v 0.30534622 0.19354257 1.05269253
v -0.30535358 0.19354258 1.05268883
v 0.2137749 0.59682971 0.94271904
v -0.21377252 0.59682589 0.94272267
v 0.06125611 0.44146829 -0.8460071
v -0.06125611 0.44146829 -0.8460071
v 0.6172983 -1.32578754 -0.71355003
v -0.61729961 -1.32578742 -0.7135477
v 0.34311187 0.57268101 -0.7344442
v -0.34311187 0.57268101 -0.7344442
v 1.1495583 -1.79338049 -0.0665915
v -1.14955878 -1.79338121 -0.0665913
v 0.28293448 -1.91073358 0.30775621
v -0.2829315 -1.91073727 0.307758
v 0.61511427 -1.79349064 0.14462968
v -0.6151098 -1.7934916 0.14463228
v 0 -3.14252686 0.55853933
v 0.92985218 -1.57154262 -0.27722206
v -0.9298501 -1.57153761 -0.27723187
v 0.61340445 -0.34167343 -0.06037615
v -0.61340355 -0.34167569 -0.06037399
v 1.31368303 -1.7255212 -0.34313538
v -1.31368255 -1.72552096 -0.34313532
v 0.21010935 -0.4624716 0.96396422
v -0.21010989 -0.46247169 0.96396386
v 0.087521 0.88845229 0.70018291
v -0.08752462 0.88845062 0.70018428
v 0.47637978 -0.65761315 0.05240519
v -0.47638043 -0.65761214 0.05240417
v 0.67320483 -0.31757906 0.12098944
v -0.6732046 -0.31757861 0.12098942
v 0.05432116 -1.01451408 0.92601651
v -0.05432108 -1.01451468 0.92601633
v 0.61984789 0.68137466 0.23068743
v -0.61984634 0.68137764 0.23068988
v 0.53913819 -0.19281427 0.7504298
v -0.53913849 -0.19281828 0.75042849
v 0.0941758 0.96046608 -0.4863049
v -0.09417581 0.96046608 -0.48630487
v 0.08070106 -0.98576104 -0.95406395
v -0.08070125 -0.98576128 -0.95406395
v 0.56042516 -1.32045424 -0.78602021
v -0.56042629 -1.32045579 -0.78602129
v 0.2659949 -1.47945344 0.15550242
v -0.2659963 -1.47944319 0.15550154
v 0.41533815 -1.57187509 -1.21869456
v -0.41533213 -1.57187187 -1.21869325
v 0.68437516 0.11881228 -0.12679141
v -0.68437475 0.11881078 -0.12679432
v 0.62126106 0.73536092 -0.00771319
v -0.62126106 0.73536151 -0.00770648
v 0.50313109 -0.77402484 -0.59807974
v -0.50313061 -0.77402406 -0.59808021
v 0.10755334 0.30097088 -0.86005008
v -0.10755334 0.30097088 -0.86005008
v 0.19823931 1.05641329 -0.16085001
v -0.19824188 1.05641198 -0.16085329
v 0.66196543 0.42105111 -0.26288342
v -0.66196548 0.42105019 -0.26288345
v 0.64678329 -1.46838033 -0.98198294
v -0.64679282 -1.46838176 -0.98197561
v 0.11328474 1.07676208 0.21904374
v -0.113285 1.07676208 0.21904391
v 0.77097195 -0.1051422 -0.03621511
v -0.77097195 -0.10514199 -0.03621505
v 0.82607257 -1.46243703 -0.39490869
v -0.82608461 -1.46244883 -0.39489463
v 0.08019015 -1.06606483 0.8846448
v -0.0801901 -1.06606543 0.88464433
v 0.15795067 1.079481 0.12835164
v -0.15795069 1.07948088 0.12835262
v 0.58550149 -0.39435413 -0.10839843
v -0.58549994 -0.39435845 -0.1083969
v 0.699144 0.29510775 0.02991048
v -0.69914382 0.29510822 0.02991342
v 0.42485112 0.07818486 0.89833468
v -0.42485091 0.07818441 0.89833456
v 0.57880419 -1.08674883 -0.58951282
v -0.57880395 -1.08674705 -0.58951258
v 0.56204015 0.7566902 -0.28709706
v -0.56203866 0.75669187 -0.28709811
v 0.60397696 -0.53064626 0.18183867
v -0.60397696 -0.53064584 0.18183833
v 0 0.49647632 1.04091274
v 0.08756124 0.85004174 -0.63627934
v -0.08756124 0.85004174 -0.63627934
v 0.28968837 0.89050537 0.59388649
v -0.28968611 0.89050656 0.59388619
v 0.38626542 -0.43800005 0.84934824
v -0.38626241 -0.43800735 0.84934824
v 0.67207533 0.49198851 0.16214306
v -0.67207717 0.4919773 0.1621399
v 0.99801981 -1.62290751 -0.92687654
v -0.99801993 -1.62290751 -0.92687654
v 0.42763406 -3.14101219 0.45550093
v -0.42763572 -3.14101266 0.45549941
v 0.68144977 0.00494735 -0.07999566
v -0.68144971 0.00494595 -0.07999555
v 0.56558728 -2.53494262 0.45868173
v -0.56558322 -2.53494882 0.45868402
v 0.24918457 -0.94256383 0.2163047
v -0.24918474 -0.94256377 0.21630457
v 0.19250297 -1.010625 0.51625704
v -0.19250178 -1.01062619 0.51625913
v 0.17783507 -0.309704 0.99446529
v -0.17783486 -0.30970457 0.99446559
v 0.0714659 -3.20843625 0.5245707
v -0.07146672 -3.20843672 0.52457028
v 0.75177401 -1.39692294 -0.55148565
v -0.75177639 -1.39692509 -0.55149364
v 0.46083265 0.51780271 0.79703855
v -0.46083274 0.5178036 0.79703766
v 0.37903657 -1.15234124 -0.84462058
v -0.37903565 -1.15234315 -0.84462183
v 0.59457546 0.78024244 -0.05587763
v -0.59457576 0.78024017 -0.05588924
v 0.5352208 -0.85701596 -0.23833456
v -0.5352211 -0.85701572 -0.23833546
v 1.30360138 -1.67558181 -0.58078706
v -1.30359923 -1.67558085 -0.58078956
v 0.60367447 0.00350955 0.57803982
v -0.60367453 0.00350697 0.57803893
v 0.68441474 0.4779582 0.05389981
v -0.68441498 0.4779537 0.05390375
v 0.25618082 -0.08696144 0.95689159
v -0.25618132 -0.08696144 0.95689159
v 0.2397274 -1.17680895 -0.9503262
v -0.23972776 -1.17680811 -0.95032584
v 0.5147342 0.44964557 -0.63440096
v -0.51473432 0.44964608 -0.63440054
v 1.33076775 -1.69431066 -0.5158928
v -1.33076739 -1.6943103 -0.51589477
v 0.13896071 -0.4532445 1.05879819
v -0.13896068 -0.45324462 1.05879807
v 0.24503968 -0.07615067 0.95772111
v -0.24503949 -0.07615045 0.95772105
v 0.48566371 -0.7501198 0.45029979
v -0.48566258 -0.75012177 0.45030155
v 0.52391189 -1.02213048 -0.20276407
v -0.52391082 -1.02212679 -0.20276245
v 0.58845204 -1.60541367 -0.00640693
v -0.58845865 -1.60541498 -0.00640902
v 1.29116094 -1.67396485 -0.66908854
v -1.29116058 -1.67396473 -0.66908991
v 0.13139931 -0.54344058 1.02679395
v -0.13139909 -0.5434401 1.02679407
v 0.21105587 -0.8912484 0.85724681
v -0.21105641 -0.89124786 0.85724657
v 0.4922167 -1.56444656 0.01575568
v -0.49221319 -1.56445562 0.01576357
v 0.40715292 0.96486145 -0.11842221
v -0.40715137 0.9648627 -0.11842128
v 0.11505136 -1.05595314 0.340498
v -0.11505131 -1.05595314 0.34049826
v 0.42395061 -0.85397642 0.03567925
v -0.42395091 -0.8539747 0.03567928
v 0.49616313 -0.26883634 -0.51722979
v -0.4961636 -0.26883661 -0.51722884
v 0.38318222 -1.62835931 0.12084219
v -0.3831835 -1.62836098 0.12084211
v 0.28031909 0.364434 -0.81811863
v -0.28031909 0.364434 -0.81811863
v 0.26923385 0.96322673 -0.38170334
v -0.26923343 0.96322739 -0.38170236
v 0.6735416 -0.07825979 0.30416536
v -0.67354172 -0.07825905 0.30416533
v 0 0.11076103 1.08614277
v 0.13166475 -2.85093665 0.60766673
v -0.13166479 -2.85093665 0.60766673
v 0.09003397 0.08971799 -0.86476784
v -0.09003407 0.0897177 -0.86476779
v 1.17776143 -2.34608888 0.16385693
v -1.17776083 -2.34608984 0.16385738
v 0.73707914 -0.02515285 0.15619944
v -0.73707854 -0.02515343 0.15620048
v 0.32751554 0.83637851 -0.5381329
v -0.32751593 0.83637905 -0.53813183
v 0.67420548 -0.26475617 0.23600408
v -0.67420542 -0.26475626 0.23600395
v 0.11353452 -0.0775171 -0.81393414
v -0.11353439 -0.07751704 -0.81393414
v 0.69914424 -0.0712112 0.20315894
v -0.69914436 -0.07121127 0.20315901
v 0.11919143 -2.3162384 0.46901133
v -0.11919002 -2.31623888 0.46901157
v 0.97941529 -1.74299776 -1.08317363
v -0.97941666 -1.74300158 -1.0831753
v 0.07639726 -1.44294369 0.14153929
v -0.07639902 -1.44294619 0.14153938
v 0.16548579 -0.67416822 -0.83624279
v -0.16548641 -0.67416858 -0.83624267
v 0.07538689 -0.17878708 1.06334078
v -0.07538797 -0.17878773 1.06333982
v 0.41082879 -1.03298926 -0.00712774
v -0.41082838 -1.03299129 -0.00712757
v 0.54340559 -0.56606096 -0.34299254
v -0.54340559 -0.56606048 -0.34299129
v 0.5653761 -1.82762754 0.20396456
v -0.56537044 -1.82763373 0.20397405
v 0 -0.63501113 -0.8524279
v 0.69391846 -0.08994919 -0.01017086
v -0.69391852 -0.08994975 -0.01017086
v 0.55262601 0.82214695 0.21935263
v -0.55262708 0.82214713 0.21934711
v 0.61958521 -0.25553324 0.19484256
v -0.61958503 -0.25553324 0.19484257
v 0.5962634 -1.62826418 -1.21250951
v -0.59626281 -1.62826323 -1.21250903
v 0.62945562 0.60349392 -0.28738716
v -0.62945336 0.60349786 -0.28739187
v 0.55219042 -0.48506978 -0.25024935
v -0.5521906 -0.48506966 -0.25024777
v 0.97116977 -1.59461963 -0.28097817
v -0.97116094 -1.59461331 -0.28098216
v 0.64426296 -1.56806361 -1.13404631
v -0.64426004 -1.56806111 -1.134045
v 0 -1.86525595 0.24315376
v 0.39515292 -0.07271784 -0.69094622
v -0.39515307 -0.072717 -0.6909464
v 0.97208452 -2.29314088 0.28069835
v -0.97208339 -2.29314088 0.28069877
v 0.60011625 -1.02447891 -0.48195308
v -0.60011589 -1.02447676 -0.48195266
v 1.24577307 -1.65992772 -0.71220874
v -1.24577546 -1.65992867 -0.71220862
v 0.48368778 -0.48521015 0.68583703
v -0.48368784 -0.48521262 0.6858347
v 0.06172871 0.78298074 0.83887642
v -0.06172594 0.78298151 0.83887594
v 0.23527504 -0.70700818 0.91770446
v -0.2352745 -0.70700746 0.91770482
v 0.32641819 -0.04152236 -0.74841553
v -0.32641741 -0.04152323 -0.7484157
v 0.77020812 -1.5217489 -0.16360622
v -0.77022486 -1.52176404 -0.16359917
v 0.61282062 -1.11994564 -0.50785726
v -0.61282002 -1.1199429 -0.50785744
v 0.18274152 -1.98824441 -0.97110992
v -0.18274381 -1.98825156 -0.97110235
v 0.12835116 -0.92537784 0.90428918
v -0.12834933 -0.92537742 0.90429025
v 0.38618147 -0.05239437 0.90039891
v -0.38618159 -0.0523944 0.90039879
v 0.42456239 0.24472123 0.9746645
v -0.42456167 0.24472098 0.97466516
v 0 -1.09995412 0.33636799
v 0.59409451 -2.05466651 -0.89278602
v -0.59411442 -2.05466747 -0.89278525
v 0.53428399 -2.07813143 0.34260952
v -0.53429651 -2.07813119 0.34260711
v 0.23161904 -0.19919376 0.95666492
v -0.23161996 -0.19919328 0.95666474
v 0.26574742 -0.86780881 0.25068029
v -0.26574674 -0.86780971 0.25068071
v 0.0577109 -0.90851068 0.9371699
v -0.05770947 -0.90851062 0.9371705
v 0.30851998 0.15173506 1.04116237
v -0.30851987 0.15173789 1.04116392
v 0.37449455 0.40951564 0.96039903
v -0.37449374 0.40951642 0.96039909
v 0 -1.99248063 -0.97553759
v 0.10783359 -0.69192087 1.02009725
v -0.1078338 -0.69192093 1.02009701
v 0.40192475 0.78118866 0.6341179
v -0.40192571 0.78118705 0.63411885
v 0.10467761 -0.40854999 1.13790834
v -0.10467764 -0.40854999 1.13790834
v 0.15967039 1.07736313 -0.08323247
v -0.159672 1.07736301 -0.08323057
v 0.0304233 0.01276735 1.04767835
v -0.03042334 0.0127674 1.04767835
v 0.20429839 -0.1543847 -0.77322721
v -0.2042984 -0.15438434 -0.77322721
v 0.22939325 -2.53231263 0.53283959
v -0.2293926 -2.53229451 0.53283482
v 0.2287766 0.5016179 0.9961574
v -0.22877846 0.50161844 0.99615621
v 0.47492495 -1.21388924 -0.78599357
v -0.47492656 -1.21388995 -0.78599238
v 0.40571326 -0.18325837 0.89774912
v -0.40571424 -0.18325744 0.89774864
v 0.70520287 -1.35977947 -0.40383791
v -0.70520216 -1.35977888 -0.40383705
v 0.17153783 0.73807162 0.85166251
v -0.17153444 0.73806881 0.85166615
v 0.30281394 0.07053791 0.96988332
v -0.30281445 0.07053783 0.96988308
v 0.02250031 -0.02255444 1.04679548
v -0.02250031 -0.02255444 1.04679548
v 0.99291104 -2.39551878 0.28768375
v -0.99291163 -2.39551806 0.28768342
v 0.62736696 -0.44604176 0.2214607
v -0.62736684 -0.44604191 0.22146056
v 0.20459672 0.63275736 -0.76603841
v -0.20459651 0.63275766 -0.76603829
v 0.46487993 -0.10804967 0.83675849
v -0.46487924 -0.10804784 0.83675861
v 0.67451113 -0.20780199 0.16293388
v -0.67451101 -0.20780217 0.16293375
v 0.50148725 0.71052622 0.55886799
v -0.50148546 0.71052616 0.55887192
v 0.249256 -0.11714466 0.94987988
v -0.24925538 -0.11714454 0.94987988
v 0.32892158 0.79086142 -0.58784598
v -0.32892137 0.7908616 -0.58784598
v 0.67867702 -0.42989 0.1991581
v -0.67867642 -0.42988964 0.19915986
v 0.82242041 -2.85377502 0.31128311
v -0.82241851 -2.85377645 0.31128412
v 0.11669137 1.07213532 -0.17509737
v -0.11669143 1.07213532 -0.17509733
v 0.11719392 -0.0468783 0.94913792
v -0.11719387 -0.04687832 0.94913792
v 0.70349323 -0.27696466 0.04079113
v -0.70349323 -0.27696442 0.04079109
v 0.54020148 0.56452685 0.59282869
v -0.54020285 0.56453055 0.59282255
v 0.71126955 -0.38968217 0.06337326
v -0.71126979 -0.38968208 0.06337344
v 0.62095964 -0.27506119 -0.14979469
v -0.62095832 -0.27506533 -0.14979596
v 0.40154913 -0.89053493 0.4402312
v -0.4015479 -0.89053648 0.44023484
v 0.64706945 -0.33309316 0.24041591
v -0.64706951 -0.33309316 0.24041561
v 0.30960464 -1.70380425 -1.2578684
v -0.30960047 -1.70379674 -1.25787758
v 0.88800531 -1.51674199 -0.36577597
v -0.88800776 -1.51674616 -0.36576491
v 0.77108508 -1.84907007 -1.10420763
v -0.77108287 -1.84907019 -1.10420739
v 0.70720517 -0.34105452 0.0770574
v -0.70720529 -0.34105476 0.07705757
v 0.64858496 0.48971051 -0.30241963
v -0.64858388 0.48971036 -0.30242428
v 0.11985737 -3.06898546 0.59565514
v -0.11985659 -3.06898498 0.59565532
v 0.2153411 -1.25375008 -0.99742531
v -0.21533957 -1.25375056 -0.99742639
v 0.78758823 0.06073941 0.06825834
v -0.78758847 0.06073927 0.06825813
v 0.34793815 -0.30362156 0.91052025
v -0.34793666 -0.30362013 0.91052126
v 0.4032976 -0.6049112 0.74484181
v -0.40329593 -0.60491317 0.7448436
v 0.55686599 -2.15775895 0.37093207
v -0.55685573 -2.15775466 0.37093272
v 0.72126251 0.06007589 0.13706816
v -0.72126251 0.06007587 0.1370681
v 0.42196461 0.7227571 -0.56914824
v -0.42196416 0.72275781 -0.569148
v 0.57314097 -0.37820997 -0.23163765
v -0.57313996 -0.3782123 -0.23164041
v 0.13258865 -1.11984169 0.22684238
v -0.13258844 -1.11984205 0.22684237
v 0.53010445 -2.93430924 0.4963721
v -0.53010547 -2.93430852 0.49637165
v 0.42606955 -1.85857462 0.26765838
v -0.42606496 -1.85857522 0.2676593
v 0.46969199 0.63448339 -0.58899837
v -0.46969115 0.63448506 -0.58899819
v 0.49398344 0.75522714 0.52016127
v -0.49398252 0.75522828 0.52016162
v 1.23916089 -1.89301133 -1.0114578
v -1.239156 -1.89301013 -1.0114603
v 0.54585874 0.58260685 -0.51922786
v -0.5458579 0.58260667 -0.51922947
v 0.33126068 1.01985251 -0.00211218
v -0.33126473 1.01985085 -0.00209809
v 0.66183751 -1.37192606 -0.2831349
v -0.6618393 -1.37192392 -0.2831403
v 0.89580023 -1.94176995 0.16415126
v -0.8957988 -1.94176769 0.16415074
v 0.65137183 -0.32738217 0.15890406
v -0.65137177 -0.32738205 0.15890362
v 0.88425266 -1.77724552 -1.16065669
v -0.88424956 -1.77724671 -1.16065907
v 0.61732024 0.33264374 0.48853904
v -0.61731946 0.33264342 0.48854154
v 0.37140253 0.99777495 0.05803592
v -0.37139916 0.99777704 0.05802791
v 1.18118917 -1.86008286 -0.0346136
v -1.18118965 -1.86008489 -0.03461238
v 0.29846251 -0.88453984 0.18393905
v -0.29846277 -0.88454002 0.18393869
v 0.59971475 -1.51643574 -1.09645021
v -0.5997172 -1.51643788 -1.09645152
v 0.4439612 -1.62487852 0.08593903
v -0.44396105 -1.62488555 0.08594378
v 0.46605593 -0.38994213 -0.53947955
v -0.46605593 -0.38994213 -0.53947955
v 0.54069924 -0.5005486 0.03345173
v -0.54069751 -0.50055199 0.03345264
v 0.48423343 -0.71800005 0.18849574
v -0.48423367 -0.71799945 0.18849517
v 0.59668296 -1.32439863 -0.24321782
v -0.59668242 -1.32439804 -0.24321769
v 0.21820475 -1.76601231 0.2302661
v -0.21820589 -1.76600825 0.23026451
v 1.29857838 -1.69680762 -0.7647745
v -1.29857778 -1.69680762 -0.76477557
v 0.52106463 0.21735179 0.83026552
v -0.52106583 0.21734844 0.83026307
v 0.50876021 -0.61990773 0.10133247
v -0.50876051 -0.61990815 0.10133366
v 0.52144736 -0.26491543 -0.47360739
v -0.52144682 -0.26491594 -0.47360807
v 1.02130794 -1.9084531 -1.06868553
v -1.02130222 -1.90845668 -1.06868124
v 0.20818914 -1.71469175 0.21283456
v -0.20819045 -1.71468412 0.212832
v 1.38788044 -1.76909279 -0.79831123
v -1.38788092 -1.76909208 -0.79830962
v 0.21334977 -1.27819085 -1.01349902
v -0.21334625 -1.2781918 -1.01350176
v 0.36476782 -0.92345279 0.5758776
v -0.36476874 -0.9234519 0.57587611
v 0.69113248 -0.19797886 0.10810915
v -0.69113242 -0.197979 0.10810889
v 0.0445636 -0.35239353 1.20534968
v -0.04456343 -0.35239329 1.20534968
v 0.07773252 -1.71235966 0.18199655
v -0.07773927 -1.71235632 0.18199783
v 0.22200287 0.08308315 -0.83836871
v -0.22200529 0.08308272 -0.83836782
v 0.13511413 -1.03495395 0.42902183
v -0.13511247 -1.03495514 0.42902216
v 0.51999592 -0.91780686 -0.19809928
v -0.51999628 -0.91780734 -0.19810023
v 0.51431179 -1.39149355 -0.96143192
v -0.5143041 -1.39147925 -0.96141201
v 0.05050113 -0.26689761 1.15495872
v -0.05050102 -0.26689776 1.15495908
v 0.26831987 0.1758297 -0.83269321
v -0.26832008 0.17582967 -0.83269316
v 0.5998941 -0.54841464 0.22061376
v -0.5998947 -0.54841244 0.22061331
v 0.33330389 -0.10926188 -0.72265732
v -0.33330452 -0.10926031 -0.72265732
v 0.1602174 0.77677279 -0.68728822
v -0.1602174 0.77677279 -0.68728822
v 0 -1.06571185 0.57390266
v 0.69151794 0.09637948 -0.03656284
v -0.69151783 0.09638005 -0.03656542
v 0.88350778 -2.85397625 0.24772544
v -0.88349062 -2.85399079 0.2477342
v 1.18316268 -2.00862789 0.06153515
v -1.18316054 -2.00863027 0.06153731
v 0.08831703 -0.37725946 1.16455423
v -0.08831669 -0.3772594 1.16455459
v 0.48785036 -1.32826101 -0.10869958
v -0.48784741 -1.32826495 -0.10869447
v 0.07550317 0.00423836 1.01481282
v -0.07550318 0.00423837 1.01481282
v 0.51925641 -0.62252843 -0.141466
v -0.51925569 -0.62252873 -0.14146281
v 0 1.06419503 0.33290922
v 0.45143902 -0.68733549 0.10549178
v -0.45143887 -0.68733555 0.1054917
v 0.67348325 -3.04761171 0.32351732
v -0.67348134 -3.04761385 0.32351735
v 0.11204531 -1.08473587 0.77930635
v -0.11204569 -1.08473587 0.77930706
v 0.39046287 -1.50319874 0.06335535
v -0.39045929 -1.50319445 0.06335713
v 0.2877846 -1.96092951 -0.99136066
v -0.2877846 -1.96092951 -0.99136066
v 0.22064989 1.04679584 0.24142636
v -0.22064854 1.04679656 0.24142466
v 0.43747842 -0.72422564 0.07050611
v -0.43747854 -0.72422564 0.07050584
v 0.44494259 0.84179443 -0.38959583
v -0.44494339 0.84179419 -0.38959488
v 0.47047987 -0.15415556 -0.59839141
v -0.47047853 -0.15415889 -0.59839195
v 0.55638444 -0.51697737 0.10235318
v -0.55638474 -0.51697588 0.10235279
v 0.02946678 1.04438221 0.40170067
v -0.02946678 1.04438221 0.40170067
v 0.48655998 -0.70882171 -0.05742809
v -0.48655995 -0.70882171 -0.05742804
v 0.63489544 0.18704091 -0.40977823
v -0.63489604 0.18703982 -0.40977588
v 0.99929177 -2.20617842 0.24345707
v -0.99929374 -2.20617818 0.24345593
v 0.1689374 -0.6687625 0.99545013
v -0.16893743 -0.66876256 0.99545013
v 0.61619138 0.36972931 -0.46099531
v -0.61619025 0.3697316 -0.46099805
v 0.5644207 -0.64479595 0.2615734
v -0.56442195 -0.64479339 0.26157233
v 0.44395342 -1.42969429 -0.01798087
v -0.44395142 -1.42969274 -0.01797954
v 0.19433139 0.76392322 -0.68639886
v -0.19433139 0.76392322 -0.68639886
v 0.41001635 0.96088987 0.18633692
v -0.41001343 0.96089363 0.18632535
v 0.21508102 -1.82524752 0.25575745
v -0.21508279 -1.82524573 0.25575658
v 0.1961468 -1.14129066 0.20083886
v -0.1961472 -1.14129042 0.20083878
v 0.42409059 -0.15158695 0.88468134
v -0.4240908 -0.15158632 0.88468116
v 0 -1.42891204 0.13465523
v 0.18075157 -0.96918892 0.861171
v -0.18075449 -0.96918267 0.86117029
v 0.92383682 -1.64142072 -0.13163872
v -0.92382341 -1.64141678 -0.13163222
v 0.38607069 0.98082095 0.15922145
v -0.3860684 0.98082256 0.15922012
v 0.71668529 -0.38688284 0.07112396
v -0.71668547 -0.38688272 0.07112393
v 0.46155324 -3.07572984 0.48545104
v -0.4615491 -3.07573103 0.48545292
v 0.27033117 -0.34606874 -0.73473858
v -0.27033135 -0.34606868 -0.73473846
v 0.15374371 -0.08376684 0.9409663
v -0.15374378 -0.08376675 0.94096624
v 0.96899348 -1.71401774 -0.05701384
v -0.96899843 -1.71401488 -0.05702216
v 0.81174242 -2.98395085 0.20470947
v -0.81174367 -2.98395037 0.20470808
v 0.54142856 0.09230154 -0.5964455
v -0.54142916 0.09229958 -0.59644383
v 0.82403856 -2.31768274 0.33781021
v -0.8240382 -2.31768345 0.33781042
v 0.30439889 -0.52495443 -0.73965776
v -0.30439889 -0.52495443 -0.73965776
v 0.14330959 -0.03965811 0.9408133
v -0.14330957 -0.03965805 0.9408133
v 0.89089375 -1.72189831 -0.00891338
v -0.89089644 -1.72189843 -0.00891422
v 0.57851702 0.00350877 -0.48604023
v -0.57851731 0.00350388 -0.48603722
v 0.72729891 -1.70704352 -1.209589
v -0.72730672 -1.70703876 -1.20958244
v 0.06527815 -1.17620396 0.22778996
v -0.06527722 -1.17620277 0.22779089
v 1.11520457 -2.51825547 0.20993883
v -1.11520266 -2.51825976 0.20993921
v 0.19404663 -0.0252164 0.94698089
v -0.19404618 -0.02521612 0.94698083
v 0.11762539 0.93761855 0.61299133
v -0.11763051 0.93761646 0.61299306
v 0.4993695 -0.21537178 0.81153696
v -0.49937036 -0.21536822 0.81153631
v 0.59216165 0.00553376 -0.45331114
v -0.59216213 0.00553517 -0.45331043
v 1.03140342 -1.57352554 -0.56582003
v -1.03140449 -1.57352602 -0.56582009
v 0.10660303 -0.42123669 1.12381517
v -0.10660301 -0.42123669 1.12381517
v 0.11731506 0.05730737 1.02977502
v -0.11731505 0.05730727 1.02977478
v 0.35782402 0.94854795 -0.30453893
v -0.35782548 0.94854933 -0.30453285
v 0.5394147 -0.7213248 -0.26852563
v -0.5394147 -0.72132402 -0.26852577
v 0.3748075 0.65164536 -0.66835552
v -0.37480735 0.65164482 -0.668356
v 0.60526216 -0.46597889 0.28163805
v -0.60526174 -0.46597755 0.28164237
v 0 -1.64953386 0.15264013
v 0.75933647 -2.02541852 0.26198485
v -0.75934231 -2.02541422 0.26198071
v 1.20446324 -1.75678634 -0.96060168
v -1.20446205 -1.75678634 -0.96060258
v 0.64794403 -1.5636518 -0.0631085
v -0.64794337 -1.56366038 -0.06310124
v 0.39131546 -1.34661197 -0.97915637
v -0.3913201 -1.34661209 -0.97915345
v 1.30392646 -1.71068894 -0.37024393
v -1.30392503 -1.71068847 -0.37024357
v 0.42459374 0.91352498 0.33996757
v -0.42459917 0.9135214 0.33996567
v 1.20602321 -1.81543684 -1.00169837
v -1.20602369 -1.81543755 -1.00169849
v 0.24257436 -0.69346523 0.91812378
v -0.24257463 -0.69346517 0.91812366
v 0.5828284 -1.53215444 -0.05461417
v -0.58283364 -1.53215491 -0.05461659
v 1.33621132 -1.91104149 -0.95461922
v -1.33621108 -1.91104233 -0.9546197
v 0.40875619 0.86597162 0.48995164
v -0.40875721 0.86597174 0.48994982
v 0.61840874 -1.70104682 -1.25307393
v -0.61841023 -1.7010473 -1.25307357
v 0.26798868 -2.8383224 0.59035354
v -0.26798477 -2.83832216 0.59035432
v 0.75996547 -2.69925284 0.38679906
v -0.75996547 -2.69925284 0.38679906
v 0.5027768 -0.6077643 0.50636637
v -0.5027765 -0.60776412 0.50636714
v 0.70056879 0.05459122 0.21475599
v -0.70056974 0.05459175 0.21474924
v -1.3082869 -1.9877665 -0.98397857
v 1.3082925 -1.98775112 -0.98399037
v 0.07212158 -0.62024229 1.07490336
v -0.07212138 -0.62024277 1.07490348
v 0.11806853 -0.16008047 0.98921239
v -0.11807012 -0.16008395 0.98921257
v 0 -1.78754031 -1.18239402
v 0.69488745 0.04532703 0.24070543
v -0.69488769 0.04532783 0.24070428
v 0.390881 -1.89563238 0.29621538
v -0.39087414 -1.89563298 0.29621604
v 0.20077833 -1.83693635 -1.12364327
v -0.20077525 -1.83692979 -1.12365043
v 0.23332831 0.13583014 1.06989288
v -0.2333251 0.13582944 1.06989395
v 0.58604091 -0.05058827 0.62557143
v -0.58604073 -0.05058683 0.62557208
v 0 -3.20084595 0.52854114
v 0.65559613 -0.27925264 0.00390516
v -0.65559589 -0.27925381 0.00390572
v 0.43796369 -1.7610917 0.17603048
v -0.43796831 -1.76109027 0.17602817
v 0.12556691 -1.06774115 0.27277937
v -0.1255667 -1.06774115 0.27277964
v 0.12103468 -1.77194857 0.21906285
v -0.12103077 -1.77194297 0.21905946
v 0.53663772 0.14240232 0.7887386
v -0.53663814 0.14240218 0.78873777
v 0.81854057 -1.85827863 0.16113264
v -0.81853932 -1.85827755 0.16113254
v 0.72572088 -0.1842259 -0.03569443
v -0.7257207 -0.18422652 -0.03569446
v 0.30500027 -1.88537991 0.29240465
v -0.30499279 -1.88538146 0.29240593
v 0.6137641 -0.47688394 0.18418593
v -0.61376416 -0.47688385 0.18418636
v 0.5708844 0.50607794 0.54384988
v -0.57088863 0.50608235 0.54383522
v 0.2815524 -1.51467275 0.15017873
v -0.28155231 -1.51467013 0.15017844
v 0.52037143 -0.00429093 0.76302725
v -0.52037036 -0.00429097 0.76302868
v 0.13304449 1.08813512 -0.00106566
v -0.13304463 1.08813512 -0.00106504
v 1.33710491 -1.80071878 -0.89428967
v -1.33710324 -1.80071878 -0.89429104
v 0.50738841 0.8558852 -0.21681122
v -0.50738507 0.85588866 -0.21681182
v 0.46325951 -1.14614176 -0.11231141
v -0.46325853 -1.1461389 -0.11231014
v 0.04241492 -1.263453 -1.06252563
v -0.04241487 -1.26345074 -1.06252443
v 0.21910192 -1.35471212 0.17517928
v -0.2191028 -1.35471355 0.17517904
v 0.17503982 -2.08660054 0.36838486
v -0.17503157 -2.08660483 0.3683862
v 0.67928284 0.38142755 0.1964311
v -0.67928296 0.38142201 0.19643318
v -0.60775655 -0.37416797 0.011517
v 0.60757124 -0.37463811 0.01185715
v 0.49939233 -0.73407965 0.22778219
v -0.499392 -0.73407971 0.22778198
v 0.53846609 0.29258471 0.75507462
v -0.53846877 0.29258397 0.75506627
v 0 0.35515141 -0.85957372
v 0.23581063 -1.23795378 0.17935161
v -0.23581054 -1.23795461 0.17935155
v 0.77068603 0.06703664 0.07929171
v -0.77068662 0.06703624 0.07929116
v 0.60277295 0.70448505 0.27211317
v -0.60277336 0.7044819 0.27211681
v 0.44053939 -2.85191774 0.54064339
v -0.44053775 -2.85192179 0.54064422
v 0.57275617 0.38329082 0.59834593
v -0.57276117 0.38329207 0.59833061
v 0.45484015 -0.37270677 0.80699622
v -0.45484054 -0.37270665 0.80699569
v 0.74597364 -0.25644284 -0.03478813
v -0.74597358 -0.25644281 -0.03478813
v 0.02756574 -0.12396264 1.08784997
v -0.02756574 -0.12396228 1.08784985
v 0.50985658 -2.80003213 0.51026696
v -0.5098567 -2.80003428 0.51026701
v 0.54948866 -0.70525151 -0.41831716
v -0.54948854 -0.70525091 -0.41831761
v 0.16520814 0.20871584 1.09882772
v -0.16520892 0.20871272 1.09882807
v 0.67582911 0.00244541 0.28056034
v -0.67582911 0.00244515 0.28056034
v 0.44099396 -0.77188187 -0.68163108
v -0.44099333 -0.77187961 -0.68163114
v 0.35710138 0.60172814 0.85354542
v -0.35710224 0.60173076 0.85354274
v 0.52309876 -0.62383163 -0.49910581
v -0.52309876 -0.62383163 -0.49910581
v 0 0.85303497 0.75923705
v 0.54567807 0.2873747 -0.6227504
v -0.54567813 0.28737446 -0.6227504
v 0.57309472 -0.88631939 -0.36688146
v -0.57309413 -0.88631594 -0.3668814
v 0.28216174 0.84181624 0.6764009
v -0.28216487 0.84181678 0.67639774
v 0.68930608 -0.21460083 -0.01549585
v -0.68930602 -0.2146006 -0.01549586
v 0.23482236 0.17184956 1.08331823
v -0.23482522 0.17184922 1.08331692
v 0.5736711 0.36754718 -0.56555545
v -0.57367152 0.36754712 -0.56555467
v 0.3615179 -1.24421358 -0.89570832
v -0.36152124 -1.24421095 -0.89570432
v 0.34279027 -1.86412477 -1.08264911
v -0.34278819 -1.8641262 -1.08264768
v 0.37955194 -0.79691541 -0.74973434
v -0.37955194 -0.79691541 -0.74973434
v 0.05830064 -0.64776325 -0.85210812
v -0.05830254 -0.64776158 -0.85210752
v 0.36922419 -1.26457643 -0.90245419
v -0.36923289 -1.26457393 -0.90244621
v 0.65037459 -1.4219414 -0.20103539
v -0.65037506 -1.42194485 -0.20103143
v 0.60339784 -0.25209364 -0.27185496
v -0.60339713 -0.25209534 -0.27185556
v 0.56765294 0.5943793 -0.4716739
v -0.56765413 0.59437924 -0.47167152
v 0.41424992 0.03270421 0.89033317
v -0.41425031 0.03270369 0.89033281
v 0.67785322 0.5352568 -0.01496872
v -0.6778528 0.53525847 -0.01497097
v 0.49677819 -0.91138923 -0.15123641
v -0.49677842 -0.9113897 -0.15123692
v 1.02177298 -2.17296385 0.21802471
v -1.02177155 -2.17296481 0.21802586
v 0.6388542 -0.28058588 0.16040957
v -0.63885372 -0.28058552 0.16041016
v 0.78547251 -2.43849635 0.36716899
v -0.78547233 -2.43849539 0.36716899
v 0.28093087 -0.99375253 0.70101255
v -0.28093186 -0.99375194 0.70101076
v 1.38046765 -1.78944838 -0.30647188
v -1.3804686 -1.78944635 -0.30647605
v 0.66924911 -0.22640171 0.19266051
v -0.66924911 -0.22640194 0.19266022
v 1.03905475 -1.67047846 -0.19451735
v -1.03904175 -1.67047762 -0.19450579
v 0.84450054 -2.5803008 0.35101768
v -0.84450101 -2.58030128 0.35101747
v 0.26509833 -1.61944556 0.17689299
v -0.2650974 -1.61944329 0.17689265
v 0.72439599 -1.37136304 -0.49880337
v -0.72440159 -1.37136805 -0.49879863
v 0.69020092 -0.15477027 0.27146297
v -0.6902011 -0.15476982 0.27146294
v 0.17680437 -1.04494476 0.81470841
v -0.17680566 -1.0449444 0.81470704
v 0.66959863 0.13061091 0.31388819
v -0.66959768 0.13061536 0.3138957
v 0.12551507 -2.45446467 0.51795142
v -0.12552158 -2.4544568 0.5179491
v 0.1524266 -1.07020068 0.78592973
v -0.15242619 -1.0702008 0.78593015
v 0.96481144 -1.57261645 -0.33893361
v -0.96481102 -1.57261705 -0.33893108
v 0.63464611 -1.32457768 -0.68004804
v -0.63464301 -1.32457697 -0.68005311
v 0.64576852 -0.24481278 0.23416997
v -0.64576888 -0.24481247 0.23417024
v 0.17499698 -0.4652957 0.99444967
v -0.17499701 -0.46529585 0.99444967
v 0.18439933 -1.05660998 0.74960678
v -0.18440015 -1.05660951 0.74960696
v 0.4034588 0.04874471 -0.7323687
v -0.40345874 0.04874326 -0.73236823
v 1.0974071 -1.6534748 -0.29505577
v -1.09740841 -1.6534723 -0.29506346
v 0.69629204 -1.34762251 -0.55414927
v -0.69629126 -1.34762215 -0.55415284
v 0.65832114 -2.29686355 0.38707843
v -0.65832966 -2.29686641 0.38707649
v 0.47058415 -1.75235009 0.15956333
v -0.47058692 -1.75234818 0.15956088
v 1.31320381 -1.70586752 -0.40353044
v -1.31320536 -1.70586812 -0.40353053
v 0.30474969 -0.57124573 0.89703238
v -0.30475142 -0.57124322 0.89703106
v 0.6435284 0.63965809 0.15953564
v -0.64352834 0.6396566 0.15953984
v 0.54129189 -0.50760245 -0.33942201
v -0.54129195 -0.50760161 -0.33942142
v 0.51309663 0.06690424 0.79810833
v -0.51309657 0.06690066 0.79810673
v 0.30554154 1.02697444 -0.08714509
v -0.30554968 1.02697157 -0.08713745
v 0.25984951 -1.93166375 0.31820428
v -0.25985288 -1.93165981 0.31820276
v 1.2056669 -2.26968741 -0.05620042
v -1.20566237 -2.26970005 -0.05624238
v 0.25409171 0.5280953 0.96875411
v -0.25409296 0.52809578 0.96875309
v 0.54250156 0.21696232 -0.62592536
v -0.5425018 0.21696206 -0.62592494
v 0.81018322 -0.12023082 0.00120358
v -0.81018322 -0.12023055 0.00120359
v 0.33938539 -1.303321 0.09714377
v -0.33938515 -1.30332303 0.097144
v 0.4317069 -0.3446424 -0.59098881
v -0.4317069 -0.34464237 -0.59098881
v 0.1758394 -3.01807594 0.60483658
v -0.17583914 -3.0180757 0.60483658
v 0 -0.98398649 0.94331145
v 0.73567056 -0.13048403 0.10562581
v -0.73567056 -0.13048365 0.1056258
v 0.58144944 -1.27045118 -0.25389903
v -0.58145403 -1.27045309 -0.25390523
v 0.36234524 0.96332705 -0.25242006
v -0.36234563 0.96332866 -0.25241375
v 0.03538193 -0.53113794 1.07940459
v -0.03538141 -0.53113681 1.07940471
v 0.96567869 -1.54768192 -0.64133703
v -0.96568137 -1.54768323 -0.64133805
v 0.15386639 1.03406143 -0.2948431
v -0.15386554 1.03406202 -0.29484176
v 0.89706599 -1.5308752 -0.76472604
v -0.89706617 -1.53087532 -0.76472681
v 0.37627765 0.54577326 -0.72561174
v -0.37627765 0.54577332 -0.72561174
v 0.48021131 -3.15056157 0.40206426
v -0.48021143 -3.15056157 0.40206426
v 0.09964837 0.90610718 -0.5674712
v -0.09964837 0.90610718 -0.5674712
v 0.63220769 0.62983793 -0.23888936
v -0.63220816 0.62983566 -0.23889027
v 0.07189363 1.07844603 0.24442552
v -0.07189291 1.07844579 0.24442747
v 0.88696533 -1.55429458 -0.87990772
v -0.88696378 -1.55429232 -0.87990248
v 0.36022016 -2.65974688 0.540946
v -0.36023232 -2.65974474 0.54094278
v 0.04686802 -1.23315477 0.20661942
v -0.04686851 -1.23315608 0.20661884
v 0.2176311 0.94982904 -0.44996139
v -0.21763077 0.94982904 -0.44996163
v 0.63057005 -1.18775188 -0.46442809
v -0.63056957 -1.18774938 -0.46443051
v 0.31336078 0.19180744 -0.81573903
v -0.31336095 0.19180716 -0.81573897
v 0 1.09734988 0.12473585
v 0.56572794 -0.18293632 0.69099974
v -0.56572884 -0.18293541 0.69099718
v 0.49121999 0.90688735 0.10593678
v -0.49122113 0.90688574 0.10594441
v 0.08646505 -0.22057643 -0.79600769
v -0.08646493 -0.22057651 -0.79600769
v 0.06827358 -1.94514751 0.30119922
v -0.06827367 -1.94514834 0.30119976
v 0.35579457 0.29177421 -0.793208
v -0.35579404 0.29177466 -0.79320824
v 0.63543331 -1.21584618 -0.43581295
v -0.63543474 -1.21585369 -0.43580961
v 0.69037604 -0.01714484 -0.01408263
v -0.6903758 -0.01714955 -0.01408348
v 0.38344198 -2.99571156 0.55524885
v -0.38344198 -2.99571156 0.55524885
v 0.47509437 -1.14857578 -0.76042634
v -0.47509321 -1.14857435 -0.76042705
v 0.80417931 -1.67628526 -0.02804626
v -0.80418407 -1.67629385 -0.02804004
v 0.0553358 0.07996808 1.0724684
v -0.05533812 0.07996962 1.07246899
v 0.40074226 -1.37625157 -1.01614224
v -0.40073868 -1.37625205 -1.01614487
v 0.19840984 0.0101769 -0.82568407
v -0.19841045 0.0101788 -0.8256846
v 0.61227321 -1.08226811 -0.41135487
v -0.61227428 -1.08227455 -0.41135519
v 0.08319126 -1.06353032 0.40918907
v -0.08319129 -1.0635302 0.40918904
v 0.36154189 -3.08957123 0.53125417
v -0.36154049 -3.08957099 0.53125482
v 0.59724485 -1.22418713 -0.63527768
v -0.59724742 -1.22418928 -0.63527417
v 0 -2.5781672 0.54668265
v 0.19483196 0.13706408 -0.85179054
v -0.19483262 0.13706402 -0.85179042
v 0.64605331 -1.91693079 0.24463956
v -0.64605599 -1.91692698 0.2446371
v 0.57224363 -1.10201108 -0.27777349
v -0.57224321 -1.10200846 -0.2777732
v 0.39328441 -2.92467141 0.55947375
v -0.3932842 -2.92467093 0.55947387
v 0.62620455 -1.2615987 -0.60412377
v -0.62620437 -1.26159894 -0.60412436
v 0 1.01255059 -0.39721584
v 0.16123159 -0.73215055 0.97244846
v -0.16123183 -0.73215103 0.97244805
v 0.5174635 -1.54583168 -1.1667186
v -0.51745647 -1.54582691 -1.16671657
v 0.54156661 -0.58514136 0.11657846
v -0.54156565 -0.58514273 0.11657814
v 0.55843728 -1.19634389 -0.68316298
v -0.55843734 -1.19634413 -0.68316298
v 0.3943021 0.46292284 0.91409295
v -0.39430275 0.46292752 0.91408938
v 0.04760781 0.68918407 0.91692584
v -0.04760762 0.68918716 0.9169234
v 0.36582937 0.87150216 0.54172253
v -0.36582672 0.87150496 0.54172104
v 1.12722516 -1.63817513 -0.82217663
v -1.12722492 -1.63817501 -0.82217675
v 0.61033332 0.16650287 -0.48195111
v -0.61033403 0.16650143 -0.48194888
v 0.46337702 0.49841618 -0.67335802
v -0.46337705 0.49841615 -0.67335802
v 0.47356867 0.18346566 0.90800732
v -0.47356692 0.18346545 0.90800964
v 0.74490469 -1.5831145 -1.09481966
v -0.74490618 -1.58311331 -1.09481728
v 0.28114819 -0.96230834 0.49933761
v -0.2811416 -0.96231293 0.49934229
v 0.95826709 -1.56173312 -0.76932001
v -0.95826709 -1.56173312 -0.76932001
v 0.69601661 -1.85072922 0.19264288
v -0.6960144 -1.85073006 0.1926442
v 0.38424453 0.28782144 0.99995237
v -0.38424378 0.28782442 0.99995231
v 0.40652501 0.43286439 -0.74275791
v -0.40652507 0.43286484 -0.74275779
v 0.42559236 -1.52445781 0.0417739
v -0.42558977 -1.52445626 0.04177529
v 0.03118594 -1.12048399 0.28623276
v -0.03118597 -1.12048411 0.28623268
v 0.67999374 -0.36927563 0.15814866
v -0.6799938 -0.36927589 0.15814939
v 0.40319877 0.71220117 0.7108199
v -0.40319702 0.71220207 0.71082103
v 0.56916081 0.82459276 0.0860627
v -0.56916111 0.82459235 0.08606468
v 0.570032 -0.40459713 -0.20713277
v -0.57003122 -0.40460211 -0.20712944
v 0.3424423 -1.5040369 0.10552659
v -0.34244161 -1.50403547 0.10552683
v 0.24339315 -0.86185914 0.83868962
v -0.24339252 -0.86185979 0.83868998
v 0.17762894 -0.31007647 -0.77799964
v -0.1776289 -0.31007596 -0.77799964
v 0.17857536 -0.07141841 0.92902261
v -0.17857532 -0.07141848 0.92902261
v 0.69892579 -0.43171897 0.13492685
v -0.69892561 -0.43171912 0.13492685
v 0.66291678 -0.30184674 0.12251824
v -0.66291683 -0.30184671 0.12251823
v 0.7746917 -0.00935007 0.12520606
v -0.77469164 -0.00934992 0.12520639
v 0 -3.02506518 0.59595423
v 0.58655583 -1.20478689 -0.28383579
v -0.58655536 -1.20477783 -0.28383693
v 0.79878503 -1.8042773 0.123918
v -0.7987827 -1.80427503 0.12391589
v 0 -1.07453644 0.89386099
v 0.24981483 0.21108056 -0.83903956
v -0.24981541 0.2110818 -0.83903938
v 0.67287784 -0.17287761 -0.0353464
v -0.67287838 -0.17287693 -0.03534518
v 0.75450664 -0.00341028 0.21352054
v -0.75450682 -0.00341015 0.21352011
v 0.7644062 -0.20951281 -0.04117523
v -0.7644062 -0.2095128 -0.04117523
v 0.27066266 0.97738212 0.43119001
v -0.27066388 0.97737968 0.43119514
v 0.54111313 0.66084528 0.51463413
v -0.54111242 0.6608417 0.51463919
v 0.67984503 -0.18614943 0.15811438
v -0.67984527 -0.18614906 0.15811438
v 0.26255229 -0.30231148 0.94503778
v -0.2625508 -0.30230963 0.94503867
v 0.13200052 -0.00300451 0.95175725
v -0.13200043 -0.003004 0.95175737
v 0.4467307 -2.29654812 0.43872046
v -0.44673699 -2.29654932 0.43871974
v 0.75153535 -0.01898773 0.12548446
v -0.75153541 -0.01898771 0.12548442
v 0.15272885 -0.28952863 -0.78483063
v -0.15272913 -0.28952872 -0.78483057
v 0.44906166 -0.43808344 0.77976793
v -0.44906646 -0.43807128 0.77976816
v 0.46413308 -1.77432751 -1.16935265
v -0.46413344 -1.77432823 -1.16935181
v 0.57907861 0.79466807 -0.11408378
v -0.57907885 0.79466587 -0.11409083
v 0.08493828 -1.06165385 0.60055518
v -0.08493709 -1.06165432 0.6005572
v 0.64057254 -0.19356133 0.31448343
v -0.6405723 -0.19356177 0.31448438
v 0.20148947 -0.83038014 0.89281314
v -0.20148992 -0.83037865 0.89281368
v 0 1.08995246 -0.12610667
v 0.86711919 -1.64808023 -1.08591043
v -0.86711859 -1.64808058 -1.08591127
v 0.44915029 0.21796757 -0.73130035
v -0.44915029 0.2179681 -0.73130047
v 0.47593802 0.92174392 -0.02684933
v -0.47594034 0.92174148 -0.02685581
v 0.17058111 -0.05585456 0.91537207
v -0.17058111 -0.05585455 0.91537207
v 0.40832379 0.76518017 -0.54161173
v -0.40832448 0.76517957 -0.54161155
v 0.5576269 0.70536762 -0.37751358
v -0.55762714 0.70536589 -0.37751543
v 0.03429691 -0.78365761 1.00349676
v -0.03429669 -0.78365731 1.00349712
v 0.28254282 -1.00713932 0.1800958
v -0.28254279 -1.00713956 0.18009582
v 0.37721481 -1.29723537 0.04071497
v -0.37721437 -1.29723954 0.04071592
v 0.73070281 -1.71914219 0.03240425
v -0.73069477 -1.71914494 0.03240922
v 0.26420834 -0.75692105 0.8793025
v -0.26420542 -0.75692111 0.87930554
v 0.65061241 0.14709009 -0.33777248
v -0.65061193 0.14709162 -0.33777529
v 0.52712428 -0.68083077 0.18089021
v -0.52712422 -0.68083083 0.18089026
v 0.20707196 -1.09747493 0.2045705
v -0.20707251 -1.09747314 0.20457062
v 0.42701295 -0.95781457 -0.74903684
v -0.42701336 -0.95781517 -0.74903655
v 0.70353627 -0.07349121 0.29426309
v -0.70353621 -0.0734912 0.29426312
v 0.32554331 -0.65397137 0.85141974
v -0.32554188 -0.65397197 0.85142141
v 0.18716153 0.36974179 1.0636537
v -0.18716731 0.36974185 1.06365168
v 0.65832507 -0.24823333 0.28797534
v -0.65832573 -0.24823343 0.28797367
v 0.80183023 -0.04969038 -0.02258128
v -0.80183023 -0.0496907 -0.02258141
v 0.30828011 -1.02672517 0.1575732
v -0.30827981 -1.02672767 0.15757331
v 0.22536325 0.43578624 1.0293343
v -0.22536532 0.43579116 1.02933144
v 0.29316294 -0.24440375 -0.72383558
v -0.29316294 -0.24440336 -0.72383558
v 0.56314677 -0.33918649 0.59794998
v -0.56314599 -0.33918595 0.59795314
v 0.04453827 -0.11307508 -0.8108493
v -0.04453827 -0.11307508 -0.8108493
v 0.74015981 -0.01196659 0.26970312
v -0.74015981 -0.01196677 0.26970312
v 0.29564532 -0.94330972 -0.84855121
v -0.29564702 -0.94331377 -0.84855121
v 0.69368112 -0.10506373 0.14529024
v -0.69368112 -0.10506404 0.14529013
v 0.11740501 -3.10347843 0.58357799
v -0.11740423 -3.10347843 0.58357793
v 0.78761446 0.02075187 0.17835699
v -0.7876144 0.02075188 0.17835709
v 0.08686817 -1.01632797 0.91232985
v -0.08686757 -1.01632797 0.91233009
v 0.44759005 0.70431268 0.66060072
v -0.44759032 0.70431333 0.6605997
v 0.69364279 0.06658253 0.0936921
v -0.69364291 0.06658228 0.09369165
v 0.68813622 -0.107229 0.17665433
v -0.68813639 -0.10722816 0.1766543
v 0.09548321 0.52645784 1.0207591
v -0.09548632 0.52646225 1.02075624
v 1.01033806 -2.73140931 0.1982063
v -1.01034307 -2.73140001 0.19820763
v 0.36610198 -0.86640119 0.11142589
v -0.36610117 -0.86639958 0.11142706
v 0.03101311 -1.10017907 0.32781705
v -0.03101311 -1.10017907 0.32781705
v 0.09800124 0.705015 -0.75093007
v -0.09800116 0.705015 -0.75093007
v 0.43042227 0.33601114 0.94457155
v -0.43042138 0.3360067 0.94457435
v 0.61171197 0.17423838 0.55703944
v -0.61171287 0.17423819 0.55703687
v 0.3583852 -0.98400783 0.10745023
v -0.35838535 -0.98400729 0.10745009
v 0.60380387 0.69436544 -0.25674024
v -0.60380506 0.69436502 -0.25673607
v 0.43389362 -0.74057459 0.57653045
v -0.43389287 -0.74057954 0.57652896
v 0.64408755 0.30373859 -0.3717904
v -0.64408779 0.30374294 -0.37178912
v 0.65995585 -0.13071987 0.30447381
v -0.65995591 -0.13071964 0.30447387
v 0.66066646 0.17563208 0.37099766
v -0.66066557 0.17563475 0.37100204
v 0.38102996 -0.74821978 0.14729207
v -0.38102939 -0.74822026 0.14729316
v 1.10007321 -1.73910009 -0.0972992
v -1.10006594 -1.73910033 -0.09729323
v 0.33191373 0.21583336 1.0401833
v -0.33191064 0.21583321 1.04018485
v 0.69309562 0.10215393 -0.00356491
v -0.69309586 0.10215719 -0.0035626
v 0.43041864 -0.79973745 0.54994744
v -0.43041732 -0.79974055 0.54994833
v 0.63464438 -0.35686186 0.03372857
v -0.63464474 -0.35685798 0.03372585
v 0.70343327 -0.37734559 0.11825512
v -0.70343351 -0.37734526 0.11825431
v 1.2679733 -1.74911963 -0.23680211
v -1.26797163 -1.74911856 -0.23680207
v 0.16807816 -0.18600259 0.96913069
v -0.16807936 -0.18600478 0.96913093
v 0.66215866 -0.23413874 0.13674508
v -0.66215872 -0.23413857 0.13674491
v 0.06981915 0.91753554 0.66050165
v -0.06981776 0.91753649 0.66050052
v 0.24598811 -1.49946236 -1.19682598
v -0.24599309 -1.4994595 -1.19682276
v 0.16519023 -1.63111317 0.18515189
v -0.1651909 -1.63110637 0.18515028
v 0.09045335 0.48574629 1.04248726
v -0.09044975 0.48574397 1.04248869
v 0.19948658 -0.21005204 0.96489089
v -0.19948819 -0.21005314 0.96489054
v 0.19558896 -1.00810539 0.2352885
v -0.19558922 -1.0081048 0.23528857
v 0.12068653 0.84595257 0.74829536
v -0.12068352 0.84595412 0.74829423
v 1.25920414 -1.65889155 -0.65507221
v -1.25920355 -1.65889132 -0.65507197
v 0.24987532 -1.56986379 -1.24781751
v -0.24987669 -1.56986522 -1.24781835
v 0.61837732 -0.45917514 0.21182376
v -0.61837714 -0.45917549 0.21182328
v 0.52628326 -0.06742108 0.75049972
v -0.52628368 -0.06742356 0.75049936
v 0.15385766 0.49230247 -0.82602125
v -0.15385766 0.49230247 -0.82602125
v 0.71505332 -0.04782898 0.22753243
v -0.71505332 -0.04782911 0.2275324
v 0.16987411 -1.00449538 0.33264622
v -0.16987448 -1.00449502 0.33264616
v 0.23489444 -0.60734063 -0.79572683
v -0.23489441 -0.60734099 -0.79572689
v 0.03496565 -1.21957278 -1.04426419
v -0.03496528 -1.21957075 -1.04426348
v 0.507703 0.46633523 0.73907113
v -0.5077005 0.46632766 0.73908251
v 0.47780266 -1.5024544 -1.13832664
v -0.47780817 -1.50245666 -1.13832688
v 0.55771714 0.10053838 -0.57323533
v -0.55771732 0.1005401 -0.57323563
v 0.76858484 0.08238879 0.14090742
v -0.7685849 0.08238882 0.14090773
v 0.74222272 -0.01964664 0.23885738
v -0.74222266 -0.01964683 0.23885743
v 0.3137122 -0.96619188 0.66629642
v -0.31371215 -0.96619188 0.6662966
v 0.29691296 -0.82747262 0.22411966
v -0.29691317 -0.82747244 0.22411957
v 0.63199126 -0.09407321 -0.24750831
v -0.63199156 -0.09407376 -0.24750617
v 0.5845654 -2.0670681 0.32752472
v -0.58454746 -2.06707382 0.32753121
v 0.17890523 -1.9270538 0.30989578
v -0.17891198 -1.92704808 0.30989334
v 0.03425505 -0.59432375 1.0894283
v -0.03425575 -0.59432262 1.08942771
v 0.73093986 -2.17302489 0.33146658
v -0.7309392 -2.17302537 0.33146691
v 0.76669699 -0.24610896 -0.01451106
v -0.76669853 -0.2461052 -0.01451131
v 0.68627649 -0.11080028 0.29562434
v -0.68627655 -0.1107991 0.29562443
v 0.63567793 -0.33102157 0.00808062
v -0.63567829 -0.33101925 0.00807847
v 0.50119757 0.84339886 -0.26897966
v -0.50119847 0.84339886 -0.26897722
v 0.80812054 -0.03289723 0.07186617
v -0.80812054 -0.03289726 0.07186614
v 1.02417802 -1.58047139 -0.43801274
v -1.02418839 -1.58047592 -0.43801295
v 0.83447176 -1.82608819 0.13523641
v -0.83447378 -1.82608795 0.13523548
v 0.99599874 -2.57732486 0.27579879
v -0.99599158 -2.5773344 0.27580112
v 0.17013996 -1.41998779 0.1667516
v -0.17014059 -1.41999018 0.16675153
v 0.6430186 -0.21823908 -0.09923699
v -0.64301818 -0.21824251 -0.09923618
v 0.79676818 -1.49090588 -0.83730882
v -0.79676276 -1.49090194 -0.83730661
v 0.36752575 -0.21717019 0.91432529
v -0.36752465 -0.21717181 0.91432571
v 0.79185706 -0.00765571 0.11399941
v -0.79185658 -0.00765616 0.11399918
v 1.10358071 -2.4690001 0.22544843
v -1.10357773 -2.469002 0.22545038
v 0.39539617 -0.25666725 -0.64696699
v -0.39539539 -0.25666853 -0.64696747
v 0.49851664 -1.48079073 -0.03788635
v -0.49851521 -1.48078477 -0.03788902
v 0.63234132 -0.22819134 -0.14109003
v -0.63234114 -0.22819145 -0.14109084
v 1.2492969 -2.01150965 0.02564513
v -1.24929726 -2.01150965 0.02564488
v 0.3769668 -0.33282837 -0.65256553
v -0.3769668 -0.3328284 -0.65256553
v 0.28031712 -1.1312536 0.17328006
v -0.2803168 -1.13125264 0.17328037
v 0.49008762 0.68922722 -0.51678443
v -0.49008628 0.68922972 -0.51678395
v 0.11450012 -0.72966581 1.01649236
v -0.11450002 -0.72966617 1.01649224
v 0.74842822 0.05868321 0.23964533
v -0.74842822 0.0586832 0.23964537
v 0.10161942 -0.30110108 1.11539232
v -0.10161954 -0.30110094 1.11539208
v 0.28949797 -1.77574658 0.22012358
v -0.28949737 -1.7757467 0.22012384
v 0.69746255 -1.36992514 -0.34666815
v -0.69746208 -1.36992406 -0.34666991
v 0.13751372 -2.76401352 0.59371888
v -0.13751278 -2.76401472 0.59371906
v 0.50445598 -0.51192289 -0.49278128
v -0.50445598 -0.51192289 -0.49278128
v 0.21824063 1.06623661 0.07953938
v -0.2182413 1.06623637 0.07954023
v 0.23788759 -0.98534423 0.50999629
v -0.2378861 -0.98534429 0.50999438
v 0.41381079 -1.31061065 -0.01439179
v -0.41381064 -1.31061029 -0.01439169
v 0.17065991 0.33539885 -0.84867876
v -0.17065991 0.33539885 -0.84867876
v 0.09879431 -2.09455347 0.36770102
v -0.09879438 -2.09455895 0.36770269
v 0.23756608 0.76373523 0.79736715
v -0.23756429 0.76373642 0.79736679
v 0.51831787 -0.39883217 -0.42985197
v -0.51831781 -0.39883223 -0.42985206
v 0.55051517 -1.42912638 -0.99955868
v -0.5505011 -1.42911243 -0.99954545
v 0.16730998 0.98414111 -0.41242972
v -0.16730988 0.98414123 -0.41242951
v 0.42844963 -2.17800283 0.40185934
v -0.4284496 -2.17801046 0.40186235
v 0.41893583 0.22123883 0.98020929
v -0.41893675 0.22124055 0.98020863
v 0.48536911 -0.45958989 -0.51571482
v -0.48536911 -0.45958986 -0.51571482
v 0.14762865 -2.03010153 -0.92896163
v -0.14763711 -2.03010678 -0.92895549
v 0.47389254 -0.27238625 -0.55046141
v -0.47389268 -0.27238559 -0.55046135
v 0.66850501 -0.16750863 0.21361406
v -0.66850501 -0.16750846 0.21361433
v 0.53769904 -0.15966016 0.75392741
v -0.53769975 -0.15965814 0.75392574
v 0.70145201 -0.18196788 -0.02057115
v -0.70145195 -0.1819681 -0.02057113
v 0.06839673 0.93706339 -0.52978926
v -0.06839685 0.93706345 -0.52978915
v 0.47607672 -0.3146393 -0.53334474
v -0.47607639 -0.31463953 -0.53334522
v 0 -0.4740124 1.15799462
v 0.52949667 -3.11793589 0.39774304
v -0.52949321 -3.11793851 0.39774361
v 0.62603884 -0.29487106 0.18030248
v -0.62603855 -0.29487064 0.18030259
v 0.57150882 -0.44618052 0.03366489
v -0.57150858 -0.44617998 0.03365979
v 1.02967727 -2.334764 0.26267343
v -1.02967751 -2.33476424 0.26267331
v 0.37016016 -1.82135927 0.23606257
v -0.3701488 -1.82136154 0.23606558
v 0.39875102 -0.89951831 0.49025443
v -0.39875081 -0.89951843 0.49025505
v 0.30776667 0.4913977 -0.78237509
v -0.30776667 0.4913977 -0.78237509
v 0.1459576 0.31998884 1.08258855
v -0.14594923 0.32000693 1.08258652
v 0.28006216 -0.89315635 0.35375961
v -0.28006202 -0.89315486 0.35375669
v 0 -1.11110341 -1.00805938
v 0 0.13501751 -0.87084257
v 0.60145002 0.72855216 0.23656587
v -0.60144728 0.72855895 0.23656611
v 0.80617153 0.01866151 0.02164424
v -0.80617135 0.01866145 0.02164408
v 0.08249013 -1.13006901 0.24869182
v -0.08248887 -1.13006913 0.24869236
v 0.05695454 -1.00380349 -0.96411722
v -0.05695483 -1.00380408 -0.96411734
v 0.29360067 0.88815569 -0.49549901
v -0.29360285 0.8881554 -0.49549761
v 0.56200838 0.54637372 -0.51496511
v -0.56200981 0.54637569 -0.51496136
v 0.5067107 -0.75481206 0.37265437
v -0.50671029 -0.75481182 0.372657
v 0.59973746 0.77932959 0.05308907
v -0.59973496 0.77933353 0.05309576
v 0.301898 -0.44934839 -0.72617459
v -0.30189868 -0.449348 -0.72617399
v 0.54297685 -0.80704629 -0.27132377
v -0.54297673 -0.807047 -0.27132305
v 0.05711104 -0.04794472 1.02751052
v -0.05711102 -0.04794475 1.02751052
v 0.86151129 -1.48075211 -0.56877887
v -0.86151307 -1.48075389 -0.56878876
v 0 -0.39435967 1.21959137
v 0.14102934 -1.26876187 0.18510545
v -0.14102946 -1.2687602 0.18510577
v 0.53457027 0.8591175 0.15083326
v -0.5345689 0.85911911 0.1508324
v 0.15480466 -2.99445653 0.61043185
v -0.15480503 -2.99445629 0.61043185
v 0.71183669 -1.52738201 -0.12556792
v -0.71183371 -1.52737712 -0.12557151
v 0.23860515 -1.02151405 -0.90675127
v -0.23860488 -1.02151358 -0.90675133
v 0.49812242 0.09286264 -0.65622627
v -0.49812188 0.092862 -0.65622663
v 0.20471955 -1.48072123 0.16823245
v -0.20471993 -1.48071885 0.16823242
v 0.06115186 0.04083242 1.04895865
v -0.0611517 0.04083236 1.04895865
v 0.47209179 -0.74194717 -0.02799123
v -0.47209152 -0.74194896 -0.02799147
v 0.53888249 -0.04228666 0.73181349
v -0.53888201 -0.04228742 0.7318142
v 0.1958142 -1.80381643 0.24514287
v -0.19581073 -1.80381679 0.24514271
v 0.69295591 0.41643014 -0.00103672
v -0.69295585 0.41643089 -0.00103156
v 0.56322133 -1.26212036 -0.71823149
v -0.56322139 -1.26211977 -0.7182309
v 0.16838988 -0.8764888 0.89452201
v -0.16838888 -0.87648779 0.89452302
v 0.25550979 0.67006069 -0.72708118
v -0.25550979 0.67006069 -0.72708118
v 0.52201068 0.85794913 -0.15474341
v -0.52201217 0.85794758 -0.15474304
v 0 -2.38531422 0.4888575
v 0.72210925 -0.15170127 0.1236424
v -0.72210913 -0.15170145 0.12364257
v 0.14385862 0.16482442 1.10270881
v -0.14385837 0.16482424 1.10270881
v 0.33983528 0.9020462 0.51706618
v -0.33984038 0.90204757 0.51705652
v 0.16687487 -2.77649354 -0.04326813
v -0.16673688 -2.77634048 -0.04345448
v 0.15492451 -0.37630635 1.06661891
v -0.15492451 -0.37630596 1.06661868
v 0.10022521 -2.36119389 0.48616957
v -0.10021552 -2.36119175 0.48616799
v 0.50154143 -1.24219477 -0.15464349
v -0.50153762 -1.2421925 -0.15463897
v 0.35053825 -1.0249331 -0.83319389
v -0.35053813 -1.02493059 -0.8331933
v 0.99325293 -1.58259642 -0.35751658
v -0.99326062 -1.5825988 -0.35752263
v 0.08111596 -0.28924524 1.13677537
v -0.08111604 -0.28924462 1.13677465
v 0.23191367 0.978684 0.46736434
v -0.23191469 0.97868448 0.46736237
v 0.54258847 0.71697974 0.44936156
v -0.54258996 0.71698051 0.44935649
v 0.05920027 -1.55094766 0.13903336
v -0.05918871 -1.55094075 0.1390333
v 0.57977873 0.75941914 -0.21993883
v -0.57977664 0.75942218 -0.21993994
v 0.34483277 0.00581972 0.94990927
v -0.34483262 0.00581969 0.94990932
v 0.40277019 -1.31252729 -0.92399126
v -0.40275013 -1.31252169 -0.92399793
v 0.1290684 1.07843208 -0.12628144
v -0.12906761 1.07843244 -0.12627987
v 0.58407765 -0.35923805 -0.19559434
v -0.58407801 -0.35923984 -0.19558878
v 0.86375463 -1.60320711 -1.03265059
v -0.8637529 -1.6032052 -1.03264939
v 0.26661062 0.51167482 -0.7926383
v -0.26661062 0.51167482 -0.7926383
v 0.0549195 0.8923096 0.70166838
v -0.05491703 0.89231133 0.70166635
v 0.20385713 -3.17021703 0.53455883
v -0.20385384 -3.17021918 0.53455817
v 0.93736076 -1.64011561 -1.01559841
v -0.93736064 -1.64011549 -1.01559841
v 1.27419662 -2.07052779 0.03833054
v -1.27419722 -2.07052588 0.03832923
v 0.53363061 -0.52179825 0.00348858
v -0.53363078 -0.52179753 0.00348972
v 0.65737783 -1.30246031 -0.57164961
v -0.65737766 -1.30246019 -0.5716502
v 0.15669067 -1.63498091 -1.29610729
v -0.15669825 -1.63497901 -1.29610598
v 0.17992369 -2.6055684 0.5575326
v -0.17992463 -2.60556125 0.55753088
v 0.15480768 0.39324826 -0.84403884
v -0.15480768 0.39324826 -0.84403884
v 0.51588773 -0.61472725 -0.11351813
v -0.51588827 -0.6147257 -0.11351891
v 0.78936815 -2.64989352 0.37407171
v -0.78936815 -2.64989352 0.37407171
v 0.6709432 -1.3974837 -0.79360377
v -0.67094099 -1.39748764 -0.79361766
v 0.25677213 -1.63711881 -1.29013109
v -0.25676947 -1.63711774 -1.29013085
v 0.20475617 -0.23555737 -0.76649373
v -0.20475621 -0.23555739 -0.76649373
v 0.2838982 -0.05958287 0.95400363
v -0.2838982 -0.05958286 0.95400363
v 0.56123554 -0.4673289 -0.13256454
v -0.56123554 -0.46732917 -0.13256619
v 0.31230714 -2.86392068 0.58192783
v -0.31230717 -2.86391997 0.58192777
v 0.65307712 -0.4037036 0.07625982
v -0.6530779 -0.40370404 0.07625997
v 0.57386404 -1.34086573 -0.80513566
v -0.57386291 -1.34086167 -0.80512958
v 0.57308399 -0.36112311 0.53805851
v -0.57308465 -0.3611319 0.53804594
v 0.17781032 -1.00513851 0.43984919
v -0.17781096 -1.00513815 0.43985
v 0.67641061 -0.35580092 0.16885514
v -0.67641061 -0.35580101 0.16885547
v 0.64452767 0.54548174 0.27446764
v -0.64452779 0.54548025 0.27446839
v 0.4783532 -1.4218316 -1.03892946
v -0.47835215 -1.42182827 -1.03892529
v 0.63856327 -0.26356411 -0.08224527
v -0.63856422 -0.26356139 -0.08224333
v 0.71772915 -2.14272093 -0.79930645
v -0.96217596 -2.07637786 -0.87834203
v 0.08085382 0.60509461 -0.80170863
v -0.08085382 0.60509461 -0.80170863
v 0.1072018 -0.66683524 -0.84890109
v -0.1072018 -0.66683417 -0.84890085
v 0.65139055 0.65414136 0.0455919
v -0.65139144 0.65413969 0.0455845
v 0.36212763 0.74356007 0.7228831
v -0.36212238 0.74356222 0.72288614
v -0.41402986 -2.14455175 -0.79663664
v 0.41430953 -2.1445868 -0.79659557
v 0.4332205 -0.71209085 0.09090423
v -0.43322044 -0.71209079 0.09090423
v 0.73056882 -2.96010303 0.33888882
v -0.73056566 -2.96010661 0.33888977
v 0.0764646 0.5738334 0.99438279
v -0.0764686 0.57383477 0.99438154
v 0.03131154 -0.04506726 1.04875028
v -0.03131154 -0.04506726 1.04875028
v 0.61270594 0.66973573 0.27957662
v -0.61270719 0.66973465 0.27957302
v 0.38388761 -0.03771013 0.91190975
v -0.38388758 -0.03771019 0.91190975
v 0.33524957 -3.04168415 0.56213301
v -0.33524921 -3.04168462 0.56213307
v 0.45175546 0.78404623 0.55885881
v -0.45175644 0.78404659 0.55885666
v 0.49646154 0.27571812 0.87009602
v -0.49646204 0.27571713 0.87009549
v 0.58666068 -0.57282155 0.16775047
v -0.5866611 -0.57282024 0.16775053
v 0.73979973 -0.09359704 0.09240824
v -0.73979973 -0.09359669 0.09240845
v 0.42664182 -0.85692805 0.50852853
v -0.42664259 -0.85692679 0.50852811
v 0.28633874 -1.61692929 0.1679928
v -0.2863377 -1.61693227 0.16799402
v 0.27283224 1.03334951 0.20515936
v -0.27283164 1.0333482 0.20516894
v 0.62237453 -0.22114525 0.39368686
v -0.62237453 -0.22114418 0.3936879
v 0.24926622 -0.9877212 0.20486956
v -0.24926582 -0.98772138 0.20486977
v 0.2944552 -0.75809133 0.84198027
v -0.29445406 -0.75809204 0.84198153
v 1.21168255 -1.6388719 -0.55528295
v -1.21168303 -1.63887226 -0.55527985
v 0 -2.92248201 0.13386271
v 0.09575435 -1.08689832 0.83097672
v -0.09575423 -1.08689832 0.83097702
v 0.54022657 -0.53742104 -0.07541708
v -0.54022747 -0.53741854 -0.07541812
v 0.02837208 -0.47717264 1.13622093
v -0.02837208 -0.47717264 1.13622105
v 0.39432257 -1.26769936 0.01101793
v -0.39432197 -1.26769828 0.01101883
v 0.96081858 -1.54479074 -0.48031932
v -0.96082115 -1.54479134 -0.48032641
v 0.103827 -1.07804274 0.84917384
v -0.10382723 -1.07804262 0.8491739
v 0.05252559 1.0993725 0.03172495
v -0.05252603 1.0993725 0.03172491
v 0.91134607 -1.71266937 -0.0285453
v -0.91134786 -1.71267068 -0.02854451
v 0.04605104 -2.08021307 0.35781723
v -0.04604576 -2.08020114 0.35781258
v 0.53622424 -0.30737629 -0.41990858
v -0.53622418 -0.30737716 -0.41990816
v 1.12698686 -1.69349443 -0.94449615
v -1.12698543 -1.69349432 -0.9444971
v 0.04841784 -0.38477203 1.20637464
v -0.04841812 -0.3847723 1.2063744
v 0.46287599 -1.98948955 0.3173055
v -0.46287396 -1.98949003 0.31730607
v 0.19897736 -1.3885374 -1.11716938
v -0.19897589 -1.38854134 -1.11717331
v 0.85894715 -1.58138406 -0.15805411
v -0.8589158 -1.58135962 -0.15805926
v 0.82721597 -2.94163584 0.23924671
v -0.82722121 -2.94163131 0.23924434
v 0.64043092 -1.24135148 -0.51218634
v -0.64043116 -1.24135208 -0.51218587
v 0.33982294 0.13278634 1.00784897
v -0.33982074 0.13279321 1.00785601
v 0.24505934 1.05467879 -0.05578721
v -0.24505598 1.05467987 -0.05578898
v 0.62148976 -0.30883547 0.3544943
v -0.62149041 -0.30883771 0.35449066
v 0.97865736 -2.83703923 0.13483065
v -0.978648 -2.8370502 0.13483013
v 0.31147033 -0.21065571 -0.71689623
v -0.31147086 -0.21065631 -0.71689587
v 0.30147451 -1.29400253 -0.974792
v -0.30147376 -1.29400241 -0.97479242
v 0.20539878 -2.96126318 0.60747742
v -0.20539896 -2.9612627 0.60747736
v 0.27422118 -0.03920703 0.96478849
v -0.27422127 -0.03920672 0.96478861
v 0.52280443 -0.8639819 -0.20544569
v -0.5228042 -0.86398094 -0.20544497
v 0.040796 -0.5149874 1.07791328
v -0.04079589 -0.51498752 1.0779134
v 0.22549736 -2.91426873 0.12439934
v -0.22545178 -2.91424036 0.12436503
v 0.13056795 -0.15993021 0.97872567
v -0.13056747 -0.15992921 0.97872543
v 0.06680496 -0.88780528 0.93688774
v -0.0668035 -0.88780492 0.93688839
v 0.68933785 -0.29965797 0.05291844
v -0.68933749 -0.29965865 0.05291892
v 0.0307424 -0.37474003 1.21448409
v -0.0307424 -0.37474003 1.21448409
v 0.26602491 0.10912119 -0.82767504
v -0.26602581 0.10912134 -0.82767468
v 0.56612956 -0.05300829 0.68209672
v -0.56613069 -0.05300887 0.68209397
v 0.34843295 -1.42154002 -1.09656083
v -0.34843799 -1.42153847 -1.09655726
v 0.30090165 1.0350188 0.02679998
v -0.30090028 1.03501939 0.02680382
v 0.16673807 -0.22983405 0.98276537
v -0.16673788 -0.22983318 0.98276525
v 0.285481 -0.97147214 0.73004734
v -0.28548002 -0.97147381 0.73004728
v 0.4705291 -2.94035363 0.52562749
v -0.47053009 -2.94035387 0.52562695
v 0.57843303 0.23394283 -0.56576573
v -0.57843315 0.23393933 -0.56576538
v 0.06853544 -1.31649804 -1.09006393
v -0.06853457 -1.31650018 -1.09006559
v 0.58413243 0.59271121 0.4464187
v -0.58413291 0.59270328 0.44642365
v 0.13704088 -0.3953948 -0.79998576
v -0.13704125 -0.39539474 -0.79998558
v 0.35872179 -2.40733122 0.48118144
v -0.35871926 -2.40732598 0.48118048
v 0.3384189 -0.90728336 0.67983162
v -0.33841714 -0.90728414 0.67983502
v 0.5540784 -0.19991645 0.71725821
v -0.55407947 -0.19991672 0.71725565
v 1.3606913 -1.74302935 -0.78699511
v -1.36069166 -1.74303078 -0.78699761
v 0.8119294 -0.09783025 0.01528987
v -0.81192934 -0.09783019 0.01528997
v 0.45429459 -0.82505035 0.34634122
v -0.4542945 -0.82505011 0.34634035
v 0.62815338 -1.31845796 -0.29753902
v -0.6281557 -1.31845736 -0.29754346
v 0.63556021 0.04135412 0.46079289
v -0.63556003 0.04135625 0.46079471
v 0.48918998 0.3296895 -0.68970942
v -0.48918998 0.32968962 -0.68970936
v 1.28891277 -1.73022747 -0.85334128
v -1.28891325 -1.73022723 -0.85334038
v 0.1309178 0.07633758 -0.85787588
v -0.13091923 0.07633859 -0.85787576
v 0.18098382 -1.0393939 0.62806755
v -0.1809754 -1.03939437 0.6280536
v 0.71270203 -1.85775744 -1.09041047
v -0.71270144 -1.85775733 -1.09041059
v 0.48432064 0.37839633 0.84591931
v -0.4843198 0.37839672 0.84592062
v 0.77814877 -2.7602632 0.37136855
v -0.77814954 -2.76026272 0.37136811
v 0.16086334 -0.00333266 -0.83136791
v -0.16086401 -0.00333506 -0.83136689
v 0.40235421 0.81599474 -0.48808226
v -0.40235373 0.81599509 -0.48808226
v 0.39572638 0.28512713 -0.77037447
v -0.39572659 0.28512617 -0.77037447
v 0.62228727 -1.21467411 -0.56219291
v -0.62228679 -1.2146728 -0.56219351
v 0.53875505 -2.26865196 0.41198012
v -0.53876441 -2.26865458 0.41197872
v 0.91178768 -2.67839431 0.30416363
v -0.91179084 -2.6783905 0.30416253
v 0.14843912 0.65031129 0.92857617
v -0.14843523 0.65031468 0.9285748
v 0.59941005 -1.11175847 -0.55277586
v -0.59940993 -1.11175847 -0.55277657
v 0 -0.71424758 1.0505917
v 0.48182377 -1.65628421 0.08682297
v -0.48181927 -1.65628612 0.08682682
v 0.82689976 -0.02165925 0.02556519
v -0.82689958 -0.02165848 0.02556593
v 1.25940179 -1.96914506 -0.00507246
v -1.25940179 -1.96914458 -0.00507273
v 0.57303625 -0.09570853 -0.45334661
v -0.57303673 -0.09570568 -0.45334684
v 0.65823829 0.55282843 -0.18780969
v -0.65823686 0.5528289 -0.18781946
v 0.67551487 -0.19167387 0.23528555
v -0.67551469 -0.19167436 0.23528526
v 0.67762517 0.08117499 -0.15027557
v -0.6776247 0.08117642 -0.15028002
v 1.06444788 -1.79911828 0.00070088
v -1.06444692 -1.79911863 0.00070163
v 0.79366475 -1.46806407 -0.28293272
v -0.7936716 -1.46806979 -0.28293144
v 0.47441193 -1.86664295 0.26739889
v -0.47441545 -1.86664223 0.26739761
v 0.66898345 0.45034 -0.20464032
v -0.66898512 0.45033803 -0.2046301
v 0.65927761 -0.22921413 0.20923416
v -0.65927803 -0.22921323 0.20923517
v 1.21074116 -1.84685421 -0.06884525
v -1.21074473 -1.84685802 -0.06884457
v 0 -2.85101914 0.59921389
v 0.67987275 0.11895012 0.21700151
v -0.67987227 0.11895039 0.2170068
v 0.28761586 -1.36074149 0.14855338
v -0.28761604 -1.36074411 0.1485531
v 0.67509526 -0.45054894 0.16611298
v -0.67509508 -0.45054891 0.1661136
v 0.1492934 0.05515349 0.98200941
v -0.14929366 0.05515371 0.98200953
v 0.56860524 -0.31450438 -0.32733994
v -0.5686047 -0.31450569 -0.32734069
v 0 -0.494659 1.11929559
v 0.10820694 -0.62445718 1.05016446
v -0.10820563 -0.62445724 1.05016541
v 0.10949306 -0.83109146 0.94453489
v -0.10949365 -0.83109301 0.9445337
v 0.36003032 -0.80743581 -0.76896405
v -0.36003044 -0.80743712 -0.76896429
v 0.0372761 -0.44911107 1.16966593
v -0.0372761 -0.44911107 1.16966593
v 0.17841361 -0.37258958 0.99549335
v -0.17841358 -0.37259051 0.99549341
v 0.81959503 -2.03331565 0.24580544
v -0.81959378 -2.03331589 0.24580597
v 0.69019806 0.23811078 0.14991712
v -0.6901983 0.23811589 0.14991611
v 0.55510646 -0.42924782 -0.28570285
v -0.55510658 -0.42924758 -0.28570234
v 0.56414705 -1.10910189 -0.62932354
v -0.56414657 -1.10909903 -0.62932294
v 0 0.42994466 1.06875145
v 0.81756377 -1.95744705 0.20610995
v -0.81756883 -1.95744442 0.20610679
v 0.57282894 -1.45671486 -0.10451318
v -0.57283419 -1.4567182 -0.10451434
v 0.6505987 0.04137942 0.37963667
v -0.65059936 0.041381 0.37963444
v 0.80743098 -0.11158254 -0.02809744
v -0.80743086 -0.11158274 -0.02809758
v 0.27572202 -2.2597804 0.44266718
v -0.27571341 -2.25978374 0.44266885
v 0.42167213 -0.72202074 0.15439303
v -0.42167204 -0.72202104 0.15439344
v 0.54157149 -1.31866443 -0.17540082
v -0.54157275 -1.31866538 -0.17540174
v 0.10320095 -1.23093712 -1.03485035
v -0.10320007 -1.23093652 -1.03485047
v 0.41270369 -0.08279238 0.88281935
v -0.4127039 -0.08279202 0.88281917
v 0.28749799 -0.11076258 -0.74756956
v -0.28749844 -0.11076308 -0.7475692
v 0.37411871 0.97759419 0.22602054
v -0.37412095 0.97759258 0.22602167
v 0.34196695 -0.34800922 -0.68319344
v -0.34196683 -0.34800922 -0.68319356
v 0.10437338 1.04637754 -0.28547316
v -0.10437326 1.04637742 -0.28547331
v 0.13695706 -1.64195418 0.18108749
v -0.1369612 -1.64196121 0.18109053
v 0.17708687 -1.2370547 -1.00812816
v -0.17708687 -1.2370547 -1.00812816
v 0.47811666 -0.77831971 -0.07787134
v -0.47811663 -0.77831953 -0.07787115
v 0.38001945 -1.17691326 0.03872898
v -0.38001942 -1.17691457 0.03872892
v 0.18395996 1.04961884 -0.21260139
v -0.18395911 1.04961979 -0.21259868
v 0.71755355 -0.28150454 -0.02420603
v -0.71755361 -0.28150451 -0.02420606
v 0.12703852 -1.72410404 0.2026278
v -0.12703691 -1.7240957 0.20262451
v 0.70163548 0.0324124 0.06395259
v -0.70163571 0.03241155 0.06395191
v 0.54697799 -0.58059155 0.38897809
v -0.54697269 -0.58059078 0.38899564
v 0.16540171 -2.75172972 0.59123528
v -0.16540278 -2.75172853 0.59123504
v 0.5525285 -1.34501934 -0.17263439
v -0.55252939 -1.34501981 -0.17263519
v 0.49425354 0.828327 0.39791452
v -0.49425464 0.8283267 0.39791247
v 0.17735093 -1.01055479 -0.93338602
v -0.17735095 -1.01055419 -0.93338578
v 1.39941906 -1.73735046 -0.68627315
v -1.39941918 -1.73734962 -0.68626815
v 0.52985698 -1.64692413 -1.24812912
v -0.52985566 -1.64692521 -1.2481302
v 0.42860043 -0.0494395 -0.67137718
v -0.42860063 -0.04944052 -0.6713767
v 0.43393299 0.66002935 0.72008085
v -0.43392968 0.66002124 0.72009259
v 0.70788645 -0.02547397 0.02520889
v -0.70788645 -0.02547403 0.02520885
v 0.1610315 -0.92080867 -0.9101125
v -0.16103109 -0.92081481 -0.9101147
v 0.46670383 -0.75785976 -0.64563095
v -0.46670347 -0.75785946 -0.64563131
v 0.71338081 -0.07055875 0.24687148
v -0.71338123 -0.07055813 0.24687181
v 0.15029627 -1.04064977 0.26610419
v -0.15029603 -1.04065024 0.2661041
v 1.40135002 -1.73207569 -0.55963665
v -1.40135002 -1.73207569 -0.55963504
v 0.11411408 -0.13145718 -0.79958719
v -0.11411417 -0.13145709 -0.79958719
v 0.7430275 -1.40768027 -0.35005793
v -0.74302399 -1.40767717 -0.35005891
v 0.69527965 0.37990137 0.02689858
v -0.69527965 0.37990391 0.02689546
v 0.50209063 -0.61375016 0.07739947
v -0.50209045 -0.61375021 0.07739894
v 0.46841624 -0.66995191 0.54603135
v -0.46841567 -0.66995024 0.54603415
v 0.37143322 0.10472825 -0.77359098
v -0.37143302 0.10472854 -0.77359116
v 0.11462332 -1.05293119 0.58848381
v -0.1146187 -1.05293202 0.5884822
v 0.41455635 -0.24501206 0.88501459
v -0.41455563 -0.24501328 0.88501483
v 0.23146168 -0.98231679 0.80528873
v -0.23146282 -0.98231554 0.80528813
v 0.35729897 0.23194658 -0.79462277
v -0.35729906 0.231948 -0.79462271
v 0.67175477 -1.35459291 -0.67180746
v -0.6717562 -1.35459399 -0.67180699
v 0.38326379 -0.32324606 0.88664066
v -0.38326469 -0.32324001 0.88664162
v -1.09119236 -1.98978352 -0.98130893
v 1.09320151 -1.99639749 -0.97365176
v 0.64853364 0.56605911 -0.23728285
v -0.64853602 0.56605714 -0.23727095
v 0.02196229 -0.30620494 1.20115816
v -0.02196248 -0.30620494 1.20115804
v 0.2651976 0.91486209 -0.4763976
v -0.2651979 0.91486084 -0.47639942
v 0.11347952 -1.00485301 0.90098559
v -0.11347854 -1.00485312 0.90098613
v 0.66078817 0.48804241 0.24109841
v -0.66078794 0.48805224 0.24109296
v 0.79046386 -1.7322278 -1.191787
v -0.79045361 -1.73222613 -1.19179141
v 0.97139674 -1.76931262 -1.1032263
v -0.97139263 -1.76931536 -1.10323023
v 0.62638914 -1.18357574 -0.40904188
v -0.62638336 -1.18354976 -0.40902811
v 0.58956539 -0.47149029 0.34446376
v -0.58956319 -0.47150152 0.34446144
v 0.70064193 -0.39235225 0.05911161
v -0.70064324 -0.39235001 0.05910972
v 1.13296794 -1.71225214 -0.17886416
v -1.13295221 -1.71225023 -0.17885597
v 0.61928939 0.27946135 -0.46439313
v -0.61929065 0.27945944 -0.46438944
v 0.45685604 -0.6693623 -0.63397514
v -0.45685651 -0.66936248 -0.63397455
v 0.57040846 -0.58810162 0.30927729
v -0.57040691 -0.58810389 0.30928063
v 0.60812777 -1.11424565 -0.36417293
v -0.60812789 -1.11424744 -0.36417266
v 1.06782925 -1.68361318 -0.19451111
v -1.06783092 -1.68361246 -0.19451473
v 0.47673782 -0.75115406 0.23218196
v -0.47673741 -0.75115317 0.23218025
v 0.45241531 -0.47221335 -0.57680547
v -0.45241531 -0.47221335 -0.57680547
v 0.55428141 -1.08315169 -0.24796879
v -0.55428165 -1.08315348 -0.24796888
v 0.38506889 0.98365169 -0.08373183
v -0.38506704 0.98365348 -0.08372768
v 0.75333917 -0.18878255 -0.04477734
v -0.75333911 -0.18878279 -0.04477735
v 0.35840794 -1.60836947 0.12609827
v -0.3584091 -1.60836851 0.12609724
v 1.0200876 -2.77958059 0.14638786
v -1.02008616 -2.7795844 0.14638555
v 0.09779995 0.53875136 -0.82175064
v -0.09779995 0.53875136 -0.82175064
v 0.48760876 -1.0317347 -0.14596325
v -0.48760911 -1.03173458 -0.14596369
v 0.67062342 0.02172341 0.28737539
v -0.67062383 0.0217236 0.28737434
v 0.10226487 -1.0569272 0.39263796
v -0.10226434 -1.05692756 0.39263746
v 0.97785514 -2.78832459 0.18985465
v -0.97784698 -2.78833341 0.18985706
v 0.44394245 -2.05519533 -0.89231365
v -0.44394084 -2.05519461 -0.89231443
v 0.74028623 -1.75796389 0.06890638
v -0.7402879 -1.75796639 0.06890925
v 0.61979913 -0.43245706 0.24786818
v -0.61979937 -0.43245664 0.24786806
v 0.64838379 -0.2302528 0.23256756
v -0.64838385 -0.23025275 0.2325676
v 0.75219035 -0.24403722 0.01660682
v -0.75219041 -0.2440373 0.01660684
v 0.33458927 -0.46364119 0.88307589
v -0.33459013 -0.46364381 0.88307499
v 0.09311594 -1.58271539 -1.2657926
v -0.09311575 -1.58271634 -1.2657932
v 0.3110215 0.94799381 -0.37099498
v -0.31101891 0.9479953 -0.37099468
v 0.08951798 0.99635499 -0.41901424
v -0.08951792 0.99635505 -0.41901421
v 0.66597873 -0.39320752 0.22826582
v -0.66597819 -0.39320686 0.22826667
v 0.2718867 -3.11977171 0.54879754
v -0.27188542 -3.11977243 0.54879766
v 0.22009749 -0.05368968 0.94500845
v -0.22009763 -0.05368971 0.94500851
v 0.57296681 0.46631643 -0.53563511
v -0.57296538 0.46631631 -0.53563815
v 0.06890677 -1.05958795 0.4632157
v -0.06890656 -1.05958807 0.46321511
v 0.3975389 0.10097426 -0.75429081
v -0.39753884 0.10097529 -0.75429117
v 0.12145422 -3.15391445 0.55938798
v -0.12145306 -3.15391349 0.55938845
v 0.65494126 -0.42126643 0.23808203
v -0.65494084 -0.42126578 0.23808252
v 0.24369595 -0.95178008 0.42697116
v -0.24369597 -0.95177978 0.42697039
v 0.77973014 0.03920798 0.20537775
v -0.7797302 0.03920828 0.20537769
v 0.59186542 -3.0027008 0.435815
v -0.5918653 -3.00270128 0.43581494
v 0.2788653 1.00582611 -0.25521493
v -0.2788634 1.00582826 -0.25520998
v 0.79089886 -0.01272348 -0.00285472
v -0.79089886 -0.01272433 -0.00285525
v 0 -1.51425576 -1.22867751
v 0.684587 -0.0742255 -0.03339347
v -0.684587 -0.07422673 -0.03339278
v 0.16495429 -1.14451646 0.20786178
v -0.16495333 -1.14451599 0.20786212
v 0.19720692 -0.97134077 0.33654764
v -0.19720688 -0.97134089 0.33654806
v 0 -1.14422655 0.26238688
v 0.10390576 -1.46300613 -1.19310092
v -0.10390675 -1.46300888 -1.19310259
v 0.51928824 -0.81344705 -0.19590595
v -0.51928842 -0.81344729 -0.1959062
v 0 0.75158125 0.86946815
v 0.63924157 0.14847822 -0.38528612
v -0.63924151 0.14847773 -0.38528597
v 0.03179124 -1.1940571 0.22704795
v -0.03179064 -1.19405829 0.22704745
v 1.06936752 -2.56413435 0.23095102
v -1.06936705 -2.56413579 0.23095099
v 0.25590035 0.8060714 0.74064856
v -0.25589904 0.80607181 0.7406488
v 0.07581732 -0.23299512 1.09927797
v -0.07581688 -0.2329956 1.0992788
v 0.4923076 0.90890711 0.04377046
v -0.49230292 0.9089114 0.04376878
v 1.18412017 -1.77294838 -0.98838901
v -1.18411862 -1.77294814 -0.9883899
v 0 -1.22097051 -1.04648828
v 0.19474139 -1.54388737 0.17232367
v -0.19474174 -1.54388761 0.17232371
v 0.12570127 -0.50487828 1.03310942
v -0.12570126 -0.50487834 1.03310942
v 0 -1.31697416 0.17253068
v 0.03493153 0.82659673 0.7916302
v -0.03492916 0.82659727 0.79162961
v 0.34774455 0.33160981 1.01136529
v -0.34774252 0.3316096 1.01136684
v 0.49306178 0.58073133 -0.597126
v -0.49306115 0.58073163 -0.59712666
v 0.6581093 0.13437986 0.38317674
v -0.65810829 0.1343775 0.3831816
v 0.68542522 -1.34948015 -0.61439436
v -0.68542552 -1.34948015 -0.61439377
v 0.92491567 -1.58048391 -0.90504509
v -0.92491805 -1.58048474 -0.90504437
v 0.6120882 0.4751099 -0.43775102
v -0.61208796 0.47510168 -0.43775507
v 0.33611527 0.52289569 0.92380023
v -0.33611592 0.52290034 0.92379671
v 0.27852374 0.26876902 -0.82753074
v -0.27852377 0.26876902 -0.82753074
v 0.32545417 -1.85606169 0.26947599
v -0.32545265 -1.85606706 0.26948043
v 0.32974827 -0.81306481 0.17184035
v -0.32974776 -0.81306529 0.17184093
v 0.08554722 1.06044518 0.32116669
v -0.08554789 1.06044507 0.32116684
v 0.79619073 0.06768602 0.1240269
v -0.79619061 0.06768611 0.12402807
v 0.66713583 -1.30082726 -0.47112983
v -0.66713523 -1.30082619 -0.47113242
v 0.42353251 -2.7964127 0.54332238
v -0.42353248 -2.79641437 0.54332244
v 0.42504712 -0.88773316 0.02041918
v -0.42504665 -0.88773471 0.02041965
v 0.66007149 -1.62269818 -1.18158495
v -0.66006994 -1.62269854 -1.1815859
v 0.16202402 1.04903614 0.30805701
v -0.16202199 1.04903721 0.30805495
v 0.66707569 -1.31364941 -0.40085536
v -0.6670742 -1.31364738 -0.40085452
v 0.61274492 -1.37327003 -0.82093912
v -0.61274558 -1.37326812 -0.82093405
v 0.23458765 -1.01350915 0.60953122
v -0.23457489 -1.01351511 0.60953396
v 0.73809909 -0.12222852 0.06490435
v -0.73809909 -0.12222857 0.06490437
v 0.4682317 -1.70709347 0.12894964
v -0.46823048 -1.70709133 0.12894867
v 0.03054243 -0.67343312 1.06472814
v -0.0305426 -0.67343318 1.06472802
v 0.65173029 -1.33590471 -0.31795024
v -0.6517288 -1.33590519 -0.31794682
v 0.2093428 0.83686977 -0.61297959
v -0.20934279 0.83686977 -0.61297959
v 0.73097175 0.06904139 0.21287432
v -0.73097157 0.06904117 0.21287477
v 0.7525115 -0.06566231 0.06926556
v -0.75251132 -0.06566232 0.06926566
v 0.82817077 -2.51945614 0.35698971
v -0.82817125 -2.51945638 0.35698956
v 0.53825426 -1.08537066 -0.66027623
v -0.538253 -1.08536529 -0.66027575
v 0.44711291 -1.28609657 -0.85790938
v -0.44712492 -1.28610122 -0.85790336
v 0.5938121 -1.3722248 -0.19681073
v -0.59381103 -1.37222147 -0.19681258
v 0.15295213 -2.14918875 0.39151787
v -0.1529597 -2.14915752 0.39150467
v 0.64449292 -0.42864477 0.09825941
v -0.64449298 -0.42864483 0.09825949
v 0.54513144 -0.6743924 0.20909781
v -0.54513013 -0.67439448 0.20909877
v 0.26199865 -1.12453925 0.18437928
v -0.26199936 -1.12454068 0.18437877
v 0.64201068 0.42759296 -0.35606598
v -0.6420086 0.42759332 -0.35607314
v 0.15451113 -0.02008315 0.9426499
v -0.15451127 -0.02008312 0.94264984
v 0.60711216 -0.42696353 0.08010935
v -0.60711377 -0.42696425 0.08011177
v 0.61679267 -0.16346655 -0.2891896
v -0.61679279 -0.16346722 -0.28918871
v 0.46851813 -0.17116999 0.84970879
v -0.46851849 -0.17117105 0.84970849
v 0.05250302 -1.12158668 0.27451846
v -0.05250292 -1.12158668 0.27451863
v 0.55977857 -2.99694323 0.4614045
v -0.55977857 -2.99694323 0.4614045
v 0.83900505 -1.5757718 -1.01049661
v -0.8390038 -1.57577073 -1.0104959
v 0.69934284 0.23181121 -0.0089626
v -0.69934284 0.23181086 -0.00896428
v 0.07391949 -0.04681714 1.00625145
v -0.07391949 -0.04681714 1.00625145
v 0.21814484 0.21960833 1.08583974
v -0.21814499 0.21961084 1.08583939
v 0.48391613 -2.87583637 0.52312868
v -0.48391547 -2.87583828 0.52312904
v 0.05049266 -1.82193493 0.22265707
v -0.05048988 -1.82193839 0.22265824
v 0.65067857 -0.31885325 0.21850502
v -0.65067839 -0.31885334 0.21850495
v 0.71005642 -0.21474435 0.07990261
v -0.7100563 -0.21474453 0.07990256
v 0.10149196 -0.00860133 0.97166466
v -0.10149192 -0.00860134 0.97166472
v 1.04281961 -2.46354723 0.26404851
v -1.04282128 -2.46354603 0.26404765
v 0.27316302 0.30635389 1.05248272
v -0.27316826 0.30635032 1.05248141
v 0.68690162 -2.47077035 0.40691727
v -0.68689769 -2.47077155 0.40691879
v 0.31132698 1.01716911 0.1954346
v -0.31132924 1.0171684 0.19543264
v 1.16748845 -1.63259673 -0.73082006
v -1.16748881 -1.63259673 -0.73081833
v 0.47405609 0.08862265 0.85821956
v -0.47405675 0.08862327 0.85821914
v 0.09160634 -1.07834613 0.31607711
v -0.09160635 -1.07834613 0.31607711
v 0.17701 0.18988503 -0.85643792
v -0.17701001 0.18988512 -0.85643792
v 0.33717909 -1.07925021 0.12093722
v -0.33717906 -1.07925069 0.12093722
v 0.02391645 -0.42569229 1.20671093
v -0.02391645 -0.42569229 1.20671093
v 0.54666012 -0.71015542 -0.44818732
v -0.54666 -0.71015417 -0.44818738
v 0.48472923 0.04071392 0.82203078
v -0.48472875 0.04071469 0.82203155
v 0.28069943 -2.99078559 0.21604128
v -0.28066107 -2.99074363 0.2159914
v 0.3946385 -0.98903489 0.05141987
v -0.39463874 -0.98903447 0.05141956
v 0.43335023 0.06363094 0.88158518
v -0.43335047 0.06363064 0.88158476
v 0.21613292 0.64911705 0.90412479
v -0.21613197 0.64911532 0.90412646
v 0.22016467 0.67271077 -0.73940825
v -0.2201648 0.67271137 -0.73940783
v 0.32006171 -1.14089369 0.13700871
v -0.32006177 -1.140895 0.13700854
v 0.66704016 -0.23679749 0.25583744
v -0.66703993 -0.23679651 0.25583782
v 0.31771928 0.89019149 0.56706464
v -0.31771847 0.89019209 0.56706428
v 0.23253841 -1.33859145 -1.05615925
v -0.23253858 -1.33859193 -1.05615961
v 0.50749629 -1.4141289 -0.08649971
v -0.50749695 -1.41412973 -0.0864997
v 1.06114995 -2.36565923 0.24986039
v -1.06114959 -2.36565923 0.24986061
v 0.70610177 0.06031122 0.17545145
v -0.70610201 0.0603112 0.17545165
v 0.03838345 1.08904695 0.19360956
v -0.03838313 1.08904695 0.19360978
v 0.0662724 0.79778987 -0.68833529
v -0.0662724 0.79778987 -0.68833529
v 0.39326101 -0.46387147 -0.64920973
v -0.39326101 -0.46387147 -0.64920973
v 0.45994427 0.79339599 -0.44119483
v -0.45994362 0.79339522 -0.44119691
v 0.0653953 0.33875051 1.08655023
v -0.06538808 0.338743 1.08655142
v 1.071406 -1.5988121 -0.44845363
v -1.07140708 -1.59881317 -0.44844946
v 0.20270267 -2.43116498 0.5073511
v -0.20270194 -2.4311676 0.50735199
v 0.25611639 0.79269921 -0.6339305
v -0.25611639 0.79269921 -0.6339305
v 0.77139443 0.05580928 0.21544162
v -0.77139407 0.05580908 0.21544221
v 0.94094884 -1.53111791 -0.5684039
v -0.94095134 -1.53111922 -0.56840521
v 0.90081769 -1.69031548 -0.05248443
v -0.90081632 -1.69031691 -0.05248195
v 0.50558435 0.16301035 -0.66692185
v -0.50558441 0.16301196 -0.66692215
v 0.13875782 -0.60492581 1.02619159
v -0.1387574 -0.60492622 1.02619183
v 0.49751707 0.89058435 -0.12066257
v -0.49751856 0.89058238 -0.12066564
v 0.20656354 -2.01685595 0.3476457
v -0.20655678 -2.01685667 0.3476462
v 1.12918949 -1.72513938 -0.98100227
v -1.12918996 -1.72513878 -0.98100143
v 0.48500636 -0.23102417 0.82650607
v -0.48500677 -0.23102688 0.82650494
v 0.23582591 -0.93368095 0.36477947
v -0.23582567 -0.9336813 0.36477997
v 0.83543163 -1.95644509 -1.00204193
v -0.8354265 -1.95644164 -1.00204503
v 0 -0.23006646 -0.80148702
v 0.53994661 -1.39292156 -0.12784794
v -0.53994792 -1.39292049 -0.12784987
v 0.22465242 1.00677597 0.39634341
v -0.22465513 1.00677526 0.39634272
v 1.1460675 -2.11451053 0.12224721
v -1.14606368 -2.1145091 0.12224859
v 0.60434645 -0.28849113 -0.22029399
v -0.60434627 -0.28849268 -0.22029231
v 0.98124998 -1.81497216 0.06075767
v -0.98124688 -1.81497252 0.0607595
v 0.19019457 -1.05214977 0.7689715
v -0.19019565 -1.05214929 0.76897102
v 1.07183551 -2.13172316 0.1692602
v -1.07183718 -2.13172245 0.16925878
v 0.59766203 -0.36624383 0.41540572
v -0.59766268 -0.36624473 0.41540208
v 0.55607956 -0.7752155 -0.35571768
v -0.55607956 -0.77521556 -0.35571822
v 0.61139428 0.73749613 -0.1060727
v -0.61139243 0.7374975 -0.10608225
v 0.57088857 -0.21803025 0.66479039
v -0.57088881 -0.21803377 0.66478836
v 0.1402997 -0.36394408 1.10150289
v -0.14029969 -0.3639439 1.10150289
v 1.02470338 -1.61459958 -0.30374223
v -1.02468621 -1.61459171 -0.30374047
v 0.71475994 -0.03103825 0.02334489
v -0.71475988 -0.03103825 0.02334493
v 1.21122014 -1.63785421 -0.591367
v -1.21122431 -1.63785564 -0.59136486
v 0.32323896 -0.85949426 0.32901105
v -0.32323873 -0.85949707 0.32901528
v 1.06820964 -1.72864282 -0.09321069
v -1.06820678 -1.72864186 -0.09321043
v 0.1505813 -0.3567464 1.06965065
v -0.15058112 -0.35674691 1.06965148
v 0 0.53506106 -0.82788175
v 0.24625104 0.8342641 0.71095168
v -0.24625247 0.83426415 0.71095079
v 0.54325848 0.01790418 0.73240232
v -0.54325801 0.01790616 0.73240363
v 1.33854222 -1.89768171 -0.12596234
v -1.33854174 -1.8976829 -0.1259609
v 0.42370268 -3.00603914 0.53569394
v -0.42370188 -3.00603914 0.5356943
v 0.34474358 -0.80786705 0.26140534
v -0.34474527 -0.80786669 0.26140579
v 0 -0.02120189 1.05043101
v 0.65398597 -0.23183514 -0.0463896
v -0.65398597 -0.23183444 -0.04639077
v 1.28092801 -1.90113091 -0.07443721
v -1.28093123 -1.90113294 -0.07443785
v 0.6703065 0.28044819 -0.24258221
v -0.67030721 0.28045007 -0.24257804
v 0.3883346 -3.12829423 0.49135059
v -0.38834431 -3.12828826 0.49134996
v 0.59846979 0.76728177 0.14156112
v -0.59847122 0.7672798 0.14155615
v 0.36558091 0.09578092 0.96161276
v -0.36557933 0.0957814 0.96161431
v 0.41749894 -0.53525829 0.76813954
v -0.41749888 -0.53525698 0.76814049
v 0.27440413 -0.94324207 0.44501161
v -0.27440464 -0.94324427 0.44501701
v 0.57278251 -1.69063103 0.06997987
v -0.57277393 -1.69062554 0.06997942
v 0.31084778 0.68347078 0.82358127
v -0.31084233 0.68347406 0.82358229
v 0.68811523 -0.13766977 0.1615877
v -0.68811529 -0.13766956 0.16158744
v 0.20697256 0.40236133 -0.83315962
v -0.20697256 0.40236127 -0.83315962
v 0.50426954 -0.33849871 -0.47548589
v -0.50426954 -0.33849862 -0.47548586
v 0.38185313 -0.8504213 0.33658823
v -0.38185307 -0.85042244 0.33658987
v 0.53200751 -1.90303206 -1.03827524
v -0.53200721 -1.90302527 -1.03828191
v 0.69356399 -0.0164485 0.28773346
v -0.69356393 -0.01644862 0.28773349
v 0.15723265 0.08463265 1.04349207
v -0.15723253 0.08463261 1.04349207
v 0.39799112 -2.01172232 0.3331938
v -0.39799046 -2.01171827 0.33319255
v 0.58209449 -2.00637364 -0.94017684
v -0.58209425 -2.00637507 -0.94017541
v 0.41770058 0.31972956 -0.75278586
v -0.41770067 0.31972968 -0.75278574
v 0.13352572 -1.76470696 -1.20385396
v -0.13352212 -1.76470804 -1.20385301
v 0.71865952 0.0527784 0.10233493
v -0.71865958 0.05277851 0.10233508
v 0.05588116 -0.44270753 1.09225475
v -0.05588116 -0.44270753 1.09225475
v 0.16947391 -0.91043973 0.8834781
v -0.16947244 -0.9104402 0.88347894
v 0 0.87164384 -0.62040114
v 0.70780646 -0.0797737 0.14016577
v -0.70780646 -0.0797734 0.14016605
v 0.53639602 -0.5912857 -0.21709117
v -0.53639626 -0.59128785 -0.2170951
v 0.06229151 -0.46627897 1.07607626
v -0.06229151 -0.46627897 1.07607626
v 0.23222717 -1.67714405 0.19976644
v -0.23222547 -1.67714369 0.19976654
v 0.73855406 -2.98106169 0.31422793
v -0.73855221 -2.98106479 0.31422761
v 1.39076876 -1.76114177 -0.37156927
v -1.39076924 -1.76114094 -0.37157222
v 0.15042129 -0.16803742 -0.7870236
v -0.15042129 -0.16803742 -0.7870236
v 0.07085473 -0.46300998 1.07808816
v -0.07085473 -0.46300998 1.07808816
v 0.01918 -0.86444038 0.95561307
v -0.01918084 -0.86444139 0.9556126
v 0.7368347 -3.00068831 0.29642665
v -0.73684197 -3.00068473 0.29642137
v 0.26486468 0.06711086 0.97887116
v -0.26486358 0.06711118 0.97887182
v 0.14940276 -0.43830892 1.05223572
v -0.14940276 -0.43830886 1.05223572
v 0.53279095 -1.23996686 -0.74046772
v -0.53278976 -1.23996639 -0.74046874
v 0.03167919 -0.27581271 -0.8040958
v -0.03167856 -0.27581256 -0.80409586
v 0.04722816 -0.14628697 1.08081686
v -0.04722713 -0.14628911 1.08081913
v 0.60548901 -1.51319515 -0.08097133
v -0.60548883 -1.5131942 -0.08097195
v 0.69822955 0.34768974 0.00099
v -0.69822961 0.34768846 0.00099263
v 0.22059394 0.04086355 0.96674096
v -0.22059269 0.04086331 0.96674078
v 0.26635539 -2.76120805 0.58043962
v -0.26635822 -2.76120638 0.58043879
v 0.99983537 -1.6762861 -0.14687669
v -0.99983412 -1.67628586 -0.14687569
v 0.64932274 -1.26155996 -0.47361686
v -0.64932286 -1.2615602 -0.47361445
v 0.02078854 -0.2417289 1.15558612
v -0.02078854 -0.2417289 1.15558612
v 0.52820706 -0.72509008 -0.52930909
v -0.52820712 -0.7250902 -0.52930909
v 0.41162866 0.6372264 -0.64652133
v -0.41162872 0.6372264 -0.64652127
v 0.44127371 -1.88098692 0.28285026
v -0.4412699 -1.88098585 0.2828502
v 0.3215852 -0.82490474 0.75395494
v -0.32158586 -0.82490408 0.75395417
v 0.47537308 0.21595451 0.91364884
v -0.47537285 0.21595268 0.9136489
v 0.51249831 -0.64730459 -0.53546989
v -0.51249831 -0.64730483 -0.53546994
v 0.16435487 0.95053857 -0.47830194
v -0.16435487 0.95053857 -0.47830194
v 0.63742506 -3.02123785 0.38626667
v -0.63742327 -3.02123785 0.38626819
v 0.13471894 -2.51717281 0.53602993
v -0.13471962 -2.51717186 0.53602963
v 0.54602479 -0.69267261 -0.31142258
v -0.54602479 -0.69267296 -0.31142255
v 0.08509343 -1.218194 0.20526199
v -0.08509326 -1.21819365 0.20526212
v 0.37158715 -0.39029321 -0.65872216
v -0.37158715 -0.39029321 -0.65872216
v 0.2379356 0.87567287 -0.55189502
v -0.2379356 0.87567287 -0.55189502
v 0.62240922 -0.24742923 0.21317613
v -0.62240928 -0.24742914 0.21317634
v 0.38447189 0.75795418 0.68338042
v -0.38447621 0.75794994 0.68338036
v 1.37017488 -1.81766212 -0.25441378
v -1.37017309 -1.81766724 -0.25440442
v 0.37735089 -0.88971418 0.59650284
v -0.37735009 -0.88971597 0.59650284
v 0 0.7989394 -0.69072824
v 0 -1.06691849 0.46438741
v 1.26825642 -1.85382819 -0.98072028
v -1.26825738 -1.85382854 -0.98071974
v 0.37474811 -1.94092631 0.31583488
v -0.37473091 -1.94093442 0.31583881
v 0.62159842 0.59192901 0.32488411
v -0.62159997 0.59192293 0.32488322
v 0.57010662 -0.44379845 -0.08515182
v -0.57010483 -0.44380375 -0.08515255
v 0.29428988 -0.12601304 0.9409492
v -0.29429012 -0.12601271 0.94094914
v 0.16083292 -0.3305394 1.01320469
v -0.16083273 -0.33053964 1.01320517
v 0.14972214 0.10162912 1.07385778
v -0.14971977 0.1016278 1.07385718
v 0.35124433 0.04933533 0.94220185
v -0.35124498 0.04933521 0.94220149
v 0.27152103 -0.81916064 0.83049935
v -0.27151972 -0.81916064 0.83050096
v 1.08206772 -1.59294271 -0.57268309
v -1.0820688 -1.59294307 -0.57267957
v 0.03953227 -1.96728754 -1.00158357
v -0.03953227 -1.96728754 -1.00158357
v 1.19255626 -1.87751817 -1.03371965
v -1.19262743 -1.87746441 -1.03366506
v 0.71738547 -0.18698392 0.10235747
v -0.71738547 -0.18698385 0.1023576
v 0.16347052 -0.29395929 1.00592958
v -0.1634693 -0.29395952 1.0059309
v 0.56772804 -1.29367971 -0.74141556
v -0.56772935 -1.29367911 -0.74141347
v 0.68229663 -1.45854544 -0.92076218
v -0.68230128 -1.45856428 -0.9207974
v 0.09263549 -1.84432423 -1.12313509
v -0.09263597 -1.84432363 -1.12313556
v 0.18636447 -0.91442692 -0.89820051
v -0.18636412 -0.91442298 -0.89819943
v 0.69754135 -0.29443571 0.07780531
v -0.69754147 -0.29443559 0.07780541
v 0.67544227 0.34560847 0.23971876
v -0.67544287 0.34560254 0.2397172
v 0.78206092 -1.58963012 -0.09499416
v -0.78206479 -1.58963298 -0.0949931
v 0.60867947 -1.20449698 -0.33146017
v -0.60867935 -1.20449602 -0.33145993
v 0.26678201 -1.43740391 0.15557375
v -0.26678562 -1.43739843 0.15557244
v 0.74764949 -0.1672734 0.03215922
v -0.74764925 -0.1672735 0.03215929
v 0.81382477 -0.02104963 -0.00458201
v -0.81382465 -0.02104999 -0.00458235
v 0.84990936 -2.03437328 -0.92238163
v -0.84992009 -2.03436684 -0.92238932
v 0.68471473 -0.39150521 0.1779188
v -0.68471503 -0.3915058 0.17791883
v 0.21353879 -0.96976882 0.831496
v -0.21353778 -0.96977001 0.83149653
v 0.46169725 -0.67515409 0.08051199
v -0.46169742 -0.67515373 0.08051192
v 0.21695375 -0.33757713 -0.76319587
v -0.21695423 -0.3375791 -0.76319575
v 0.21685221 -0.27074459 0.96577411
v -0.21685107 -0.27074328 0.96577447
v 0.0882615 0.05206828 1.04554677
v -0.08826164 0.05206794 1.04554641
v 0.66751349 -0.02351804 -0.12039325
v -0.66751277 -0.02351911 -0.12039514
v 0.29454681 0.58648049 0.90819019
v -0.29454088 0.58647918 0.90819466
v 0.25349423 -1.20538592 -0.95233196
v -0.25349474 -1.20538568 -0.95233154
v 0 -0.60203915 1.09069931
v 0.2165903 -0.30954712 0.96660745
v -0.21658933 -0.30954131 0.96660804
v 0.93457168 -2.71820092 0.27435362
v -0.93456536 -2.71820664 0.27435627
v 0 -0.42267528 1.21184229
v 0.47359022 -1.72188317 -1.22710561
v -0.47358834 -1.72188687 -1.22710156
v 1.01528751 -1.66223752 -0.9814313
v -1.01529002 -1.66223812 -0.98143029
v 0.42200499 0.93505078 -0.20973183
v -0.42200452 0.93505072 -0.20973357
v 0.07981688 -0.42750775 1.12394142
v -0.07981688 -0.42750775 1.12394142
v 1.03296971 -1.59178495 -0.7698034
v -1.03296971 -1.59178495 -0.7698034
v 0.50990587 -1.68018019 -1.27525484
v -0.50990599 -1.68018007 -1.27525472
v 0.90825069 -2.77738213 0.26945194
v -0.90824824 -2.77738332 0.26945364
v 0.53138184 -0.03151788 -0.55885058
v -0.53138184 -0.03151762 -0.55885076
v 0.43949565 -0.98175561 -0.06233375
v -0.4394955 -0.98175597 -0.06233355
v 0.55756622 -0.78479296 -0.45094969
v -0.55756586 -0.78479117 -0.45094981
v 0.89137274 -1.80324208 -1.16611778
v -0.89136987 -1.80324065 -1.16611897
v 0.2392705 -3.18215036 0.51361078
v -0.23927335 -3.18214798 0.51361197
v 0.44373875 -0.13209033 -0.63291227
v -0.44373828 -0.13209046 -0.63291269
v 0.6279807 -0.41102162 0.25336492
v -0.62798076 -0.41102185 0.25336471
v 0.05948034 -0.66692179 1.05931091
v -0.05948144 -0.66692155 1.05931067
v 1.08800995 -2.3583436 0.23175877
v -1.08800923 -2.3583436 0.23175922
v 0.42671856 -0.71063262 0.13371685
v -0.42671707 -0.71063399 0.13371795
v 0.09180593 -0.26335683 -0.79709184
v -0.09180514 -0.26335772 -0.79709202
v 0.53657728 0.4563657 -0.60165172
v -0.53657728 0.45636493 -0.60165196
v -0.91522926 -2.91517591 0.12126416
v 0.91523718 -2.91517067 0.12125769
v 0.40686255 -1.63479137 -1.26627576
v -0.40686145 -1.63478553 -1.26627183
v 0.32373926 0.0522841 0.95551717
v -0.32373884 0.05228418 0.95551741
v 1.22322404 -1.96933364 0.01820643
v -1.22322654 -1.96933579 0.01820615
v 0.28344717 0.76089531 -0.64810288
v -0.28344786 0.76089459 -0.64810305
v 0.16493585 -1.01719665 0.46143475
v -0.16493405 -1.01719772 0.46143278
v 0.69263553 0.05490769 0.05386658
v -0.69263553 0.05490696 0.05386599
v 0.49400124 -0.33875685 0.76811671
v -0.4940066 -0.33874186 0.76811677
v 0.13926349 0.46015107 1.04659295
v -0.13925442 0.46015322 1.04659402
v 0.66753709 -1.45000731 -0.1819719
v -0.6675387 -1.45000922 -0.18197108
v 0.06034906 1.05650305 -0.26961711
v -0.06034939 1.05650305 -0.26961705
v 0.36179906 -0.05738225 0.92088383
v -0.36179927 -0.05738217 0.92088377
v 0.03406794 -0.44199061 1.12039482
v -0.03406794 -0.44199061 1.12039482
v 0.66314923 -2.91287374 0.41697672
v -0.66314888 -2.91287398 0.41697692
v 0.81282323 0.04448644 0.08206001
v -0.81282305 0.0444867 0.08205974
v 0.48328512 -0.04354904 0.79964691
v -0.48328486 -0.04354926 0.79964715
v 0.04178118 -0.42986989 1.13021612
v -0.04178118 -0.42986989 1.13021612
v 0.47315922 -0.79409247 0.44957989
v -0.47315943 -0.79409259 0.449579
v 0.29882562 -2.99686336 0.58345955
v -0.29882574 -2.99686336 0.58345955
v 0.54201859 0.13040617 -0.60926699
v -0.54201912 0.13040486 -0.60926586
v 1.36783087 -1.71183359 -0.54047948
v -1.36782848 -1.71183264 -0.54047602
v 0.68565475 -0.32947209 0.08869328
v -0.68565475 -0.32947206 0.08869212
v 0.22498641 -1.47352695 0.16680581
v -0.22498861 -1.47353231 0.16680559
v 0.67998421 0.05945542 0.24572736
v -0.67998451 0.05945504 0.24572704
v 0.6324529 0.28311371 -0.42009019
v -0.63245362 0.28311392 -0.42008748
v 0.20901459 -0.66665369 0.96754789
v -0.20901498 -0.66665363 0.96754759
v 1.33384442 -1.70448589 -0.46652713
v -1.33384335 -1.70448601 -0.46652349
v 0.20795995 -0.77839356 -0.84852719
v -0.20796127 -0.77839547 -0.84852719
v 0.09946718 -0.075406 0.96637821
v -0.09946712 -0.07540633 0.96637833
v 0.44393244 0.86542093 -0.3468182
v -0.44393083 0.8654198 -0.34682363
v 0.27909094 1.04391372 0.06814909
v -0.27909112 1.0439136 0.06815052
v 0 0.14769125 1.0949347
v 0.44224974 -0.02698282 0.84438091
v -0.44224977 -0.02698282 0.84438091
v 0.55493897 -2.7117877 0.48523086
v -0.55494225 -2.71178603 0.48522937
v 0.48831778 -0.79097706 0.33524498
v -0.4883179 -0.79097688 0.33524471
v 1.21634376 -1.6559087 -0.44450897
v -1.21635139 -1.6559112 -0.44451165
v 0.80098074 -1.67704272 -1.15193653
v -0.80097842 -1.67704212 -1.15193736
v 0.25715521 1.04637789 0.15504023
v -0.25715887 1.04637658 0.15503896
v 0.36569395 0.90107327 -0.40010151
v -0.36569488 0.90107202 -0.40010249
v 0.06598137 0.97130543 0.56888824
v -0.0659815 0.97130566 0.56888765
v 0.47250372 -0.8196733 0.40383833
v -0.47250336 -0.81967383 0.40383908
v 0.79563504 0.01870013 0.1508298
v -0.7956351 0.01870005 0.15082961
v 0.29917588 -1.24626076 -0.94125026
v -0.29917648 -1.24626159 -0.94125032
v 0.25092852 -2.0468831 -0.90654325
v -0.25093531 -2.04688835 -0.90653789
v 0.49670863 0.21556907 -0.68400281
v -0.49670851 0.21556901 -0.68400293
v 0.07305666 -0.34619286 1.17722392
v -0.07305669 -0.34619274 1.17722392
v 1.02013957 -1.67826974 -0.99892216
v -1.02014017 -1.6782701 -0.99892216
v 0.20694699 0.97930735 0.48515734
v -0.20694857 0.97930753 0.48515597
v 0.29191815 -0.40397313 0.91639554
v -0.29191815 -0.40397203 0.91639566
v 0.79399228 -0.08007796 0.04342214
v -0.79399216 -0.08007842 0.04342192
v 0.1849295 -1.41649019 -1.14526081
v -0.18491752 -1.41647911 -1.14525461
v 1.30040299 -1.82546055 -0.16957439
v -1.30040574 -1.82545828 -0.16957961
v 0.50335031 0.89721715 -0.01484501
v -0.50334894 0.89721822 -0.01484756
v 0.33551374 0.09555453 0.98003977
v -0.33551356 0.09555429 0.98003959
v 0.05758145 -2.00886559 0.33266371
v -0.05757945 -2.00886273 0.33266213
v 0.54387098 -3.02829432 0.45826354
v -0.54386931 -3.02829599 0.4582639
v 0.49595865 -0.28151693 0.79529297
v -0.49595785 -0.28151595 0.7952947
v 0.23700669 0.54025602 -0.7933675
v -0.23700669 0.54025602 -0.7933675
v 0.04259479 -2.67561364 0.56911927
v -0.04259645 -2.67561698 0.56912004
v 0.55721795 0.84070974 -0.00386418
v -0.55721986 0.84070795 -0.00385516
v 0.51954168 0.59013533 0.62633121
v -0.51954203 0.59013015 0.62633425
v 0.50009596 -0.43302232 -0.47775971
v -0.50009596 -0.43302232 -0.47775971
v 0.44356182 -1.1396743 -0.78731042
v -0.443562 -1.13967585 -0.78731077
v 0 -1.60534548 -1.27985858
v 0.05250909 -1.08990585 0.86080592
v -0.05250916 -1.08990585 0.86080592
v 0.17934542 -3.15088605 0.5539658
v -0.17934797 -3.15088391 0.55396664
v 0.05953209 1.00490415 0.50004774
v -0.0595313 1.00490462 0.5000469
v 0.65084111 -0.33565643 0.04046271
v -0.65084123 -0.33565652 0.04046274
v 0.1834978 -0.10718791 0.94565886
v -0.18349716 -0.10718707 0.94565856
v 1.22230136 -1.65747392 -0.75074368
v -1.22230207 -1.65747404 -0.75074303
v 0.69450664 0.05019021 0.0645883
v -0.69450676 0.05018989 0.06458822
v 0.78960573 -0.18950237 -0.01101905
v -0.78960585 -0.18950215 -0.0110192
v 0.5709849 0.75114613 0.31573382
v -0.57098519 0.75114536 0.31573438
v 0.2797864 -0.71498441 0.87988495
v -0.27978625 -0.71498388 0.87988525
v 0.16241945 -0.00688895 0.9464159
v -0.16241915 -0.00688978 0.94641566
v 0.75929027 -1.40189302 -0.47281196
v -0.75928682 -1.40189027 -0.4728125
v 0.35558188 -0.92176812 0.47210872
v -0.35558736 -0.92176365 0.47210234
v 0 -0.79443711 0.99311918
v 1.07580792 -1.6175754 -0.37058201
v -1.07580733 -1.61757612 -0.37057849
v 0.24572336 -0.74628585 0.90219718
v -0.24572439 -0.74628526 0.9021964
v 0.9476692 -1.56810331 -0.81972086
v -0.94766777 -1.56810283 -0.81972163
v 1.37962138 -1.79176294 -0.841255
v -1.3796215 -1.79176235 -0.84125447
v 0.28559607 0.0070369 0.96950602
v -0.2855958 0.00703682 0.96950608
v 0.01486514 -0.12834972 1.09746408
v -0.01486514 -0.12834972 1.09746408
v 0 1.04837644 0.39264944
v 0.16436123 -0.69217437 0.97529244
v -0.16436119 -0.69217431 0.9752925
v 0.46491158 -0.67692339 0.11357598
v -0.46491211 -0.67692261 0.11357528
v 0.58099955 -0.4436244 0.4036839
v -0.58099907 -0.44362983 0.40367934
v 0.18131029 -0.98760908 0.30252617
v -0.18131059 -0.98760867 0.30252632
v 0.32667309 -1.47890961 0.1142643
v -0.32667321 -1.47890937 0.11426416
v 0.57282024 0.79433012 0.21391929
v -0.57282114 0.79433059 0.21391381
v 1.17364132 -1.714118 -0.20916228
v -1.17364287 -1.71411752 -0.20916521
v 0.03077671 -0.61676394 1.09193217
v -0.03077688 -0.61676383 1.09193229
v 0.73512613 -0.16470798 0.05960517
v -0.73512607 -0.16470822 0.05960534
v 0.68350291 0.49906373 0.02233353
v -0.68350362 0.49905785 0.0223363
v 0.30025154 -1.56691527 0.14904801
v -0.30025291 -1.56691765 0.14904779
v 0 -2.15063023 0.38142955
v 0.68471521 0.10612546 0.13493055
v -0.6847155 0.10612572 0.13492672
v 1.28553724 -1.70240247 -0.80104887
v -1.28553974 -1.70240366 -0.80104845
v 0.25942751 -1.0374751 0.19222998
v -0.25942751 -1.03747475 0.19223004
v 0.21087893 -0.63999021 0.97412467
v -0.21087874 -0.63998991 0.97412484
v 0.59200638 -2.18843364 0.37380865
v -0.59198939 -2.18842697 0.37381053
v 1.16217792 -2.30602026 0.1687622
v -1.16217792 -2.30602645 0.16876336
v 0.1844484 0.79468065 0.79034626
v -0.18444456 0.79467856 0.79035019
v 0.13977125 -0.06825204 -0.81248772
v -0.13977128 -0.06825169 -0.81248784
v 0.1617383 -1.29161298 0.18066923
v -0.16173926 -1.29161286 0.18066926
v 0.9081816 -1.58471036 -0.21149817
v -0.90818381 -1.58470892 -0.21150393
v 0.25001403 -2.88594293 0.59817177
v -0.25001508 -2.88594365 0.59817165
v 0.7335217 0.03989974 0.26159501
v -0.73352181 0.03989964 0.2615951
v 0.27918857 0.41925573 -0.80993133
v -0.27918857 0.41925573 -0.80993133
v 0.68592941 -1.33359408 -0.53068554
v -0.68592858 -1.33359253 -0.53068083
v 0.88140684 -2.20789742 0.29270169
v -0.88140231 -2.20789527 0.29270267
v 0.50634527 0.35008373 0.81449002
v -0.50634574 0.35008218 0.81448954
v 0.1386525 -1.03320884 0.37595129
v -0.13865229 -1.03320908 0.37595126
v 0.41599673 0.8413549 0.52449357
v -0.41599285 0.84135723 0.52449518
v 0.69947511 -1.34662067 -0.45413941
v -0.69947207 -1.34661686 -0.45414114
v 0 -0.87536436 0.95364993
v 0.06637788 0.27263459 -0.8648957
v -0.06637788 0.27263459 -0.8648957
v 0.10953459 0.65048348 0.93764299
v -0.10953106 0.65048372 0.9376434
v 0.68219196 -0.20176391 0.12652033
v -0.68219149 -0.20176513 0.12652014
v 0.90505635 -1.52191937 -0.40089494
v -0.90505987 -1.52192175 -0.40089497
v 0.38709336 0.90679276 0.43446111
v -0.38709428 0.90679097 0.43446397
v 0.27556288 -0.30344319 -0.73090976
v -0.27556291 -0.30344283 -0.73090976
v 0.71874523 -1.37981522 -0.62232142
v -0.7187466 -1.37981867 -0.62233406
v 0.66248512 0.38459497 0.28962999
v -0.66248339 0.38459217 0.28963902
v 0.39979267 0.41359287 0.93714952
v -0.39979425 0.41358998 0.93714958
v 0 0.65587246 -0.78371912
v 0.96465849 -2.08867096 0.20944105
v -0.9646601 -2.08867287 0.20944117
v 0.46453601 0.84759259 0.42558866
v -0.4645366 0.84759241 0.42558762
v 0.12346489 -2.92986106 0.613864
v -0.12346488 -2.92986106 0.613864
v 0.78341764 -0.11486356 -0.03994173
v -0.78341758 -0.11486351 -0.03994173
v 0.8214761 -0.07485793 0.00293781
v -0.8214761 -0.07485816 0.00293814
v 0.20904552 -1.30372548 -1.03473579
v -0.20904758 -1.30372464 -1.03473413
v 0.14351643 -0.78039455 -0.87095499
v -0.14351649 -0.78039544 -0.87095522
v 1.05018413 -2.21700668 0.21885547
v -1.05018329 -2.21700668 0.21885605
v 0.40167388 0.97940349 0.02000322
v -0.40167599 0.97940212 0.02000044
v 0.5794962 -2.330693 0.41755506
v -0.57950162 -2.33068847 0.41755256
v 0.7496249 0.07765273 0.12732449
v -0.74962651 0.07765048 0.12730942
v 0.31954327 0.44863608 0.97759097
v -0.31954276 0.44863787 0.97759038
v 0.61094993 -0.40015056 0.3190698
v -0.61095017 -0.40015348 0.31906491
v 0.29287433 -0.97614723 0.56028735
v -0.29287204 -0.97614932 0.56029093
v 0.08525107 0.75268483 0.86326777
v -0.08525422 0.7526822 0.86326956
v 0.70629108 -1.45337379 -0.20822933
v -0.70628464 -1.45337176 -0.20822675
v 0.28669121 -1.80515778 0.23718585
v -0.28669145 -1.80515575 0.23718456
v 0.1794226 0.08374379 1.01569056
v -0.17942272 0.08374385 1.01569068
v 0.3876287 0.68746423 -0.63184589
v -0.38762876 0.68746358 -0.63184642
v 0.61236107 -0.44217392 0.26245737
v -0.61236107 -0.44217261 0.26245862
v 0 -0.13691319 1.10472178
v 0.37328258 0.06150792 -0.75930631
v -0.3732827 0.06150836 -0.75930637
v 0.58272767 0.55581837 -0.46839097
v -0.58272743 0.55581659 -0.46839273
v 0.64712995 -0.18859577 0.29800331
v -0.64712965 -0.18859499 0.29800391
v 0.50231599 0.70948928 -0.47794804
v -0.50231605 0.70948678 -0.47795093
v 0.05857045 0.04504684 -0.8605988
v -0.05857045 0.04504684 -0.8605988
v 0 -1.49127614 0.12930159
v 0 0.53570556 1.02021312
v 0.41088274 0.89638054 -0.34078818
v -0.41088327 0.89638155 -0.3407852
v 0.69509059 -2.9502933 0.37703296
v -0.69508904 -2.95029354 0.37703415
v 0.62513101 -0.0650545 -0.30457127
v -0.62513124 -0.06505378 -0.30457043
v 0.56451201 -0.45369598 0.00030863
v -0.56451302 -0.45369416 0.00030855
v 0.94645094 -2.2538321 0.28143602
v -0.94644975 -2.25383162 0.28143635
v 0.696428 -2.61695003 0.41654416
v -0.69642591 -2.61695027 0.41654503
v 0.31281891 0.65441131 -0.70816433
v -0.31281897 0.65441131 -0.70816427
v 0.58376109 -0.49663272 0.12567867
v -0.58376175 -0.4966329 0.12567964
v 0.54785966 -0.74033713 -0.31232655
v -0.54785984 -0.74033641 -0.31232744
v 0.45743769 -0.20894381 0.85853987
v -0.45743843 -0.20894374 0.85853922
v 0.02502739 -0.96277999 0.94429594
v -0.02502804 -0.9627794 0.94429588
v 0.86662697 -1.48547112 -0.47263869
v -0.86662375 -1.48546803 -0.47265049
v 0.36731562 0.01170218 0.93432438
v -0.36731544 0.0117021 0.9343245
v 0.35227575 -0.77452236 0.18733108
v -0.35227674 -0.77452147 0.18733048
v 0.27093842 -3.0735383 0.5711376
v -0.27093809 -3.07353854 0.5711376
v 0.91765427 -1.51767706 -0.55569076
v -0.9176563 -1.51767838 -0.55569708
v 0.69810211 0.30555155 -0.04796225
v -0.69810181 0.30554831 -0.04796554
v 0.38614735 -1.6736356 0.13971088
v -0.38614755 -1.67363488 0.13971042
v 0.35386821 -1.98265481 -0.96633505
v -0.35386741 -1.98265373 -0.96633619
v 0.75916206 0.04183965 0.05242127
v -0.7591629 0.04183959 0.05242066
v 0.31691321 -1.66923785 0.16726701
v -0.31691521 -1.66923236 0.1672644
v 0.35113999 -0.9445064 -0.80994886
v -0.35113984 -0.94450902 -0.80994969
v 1.06167662 -1.59401941 -0.71599429
v -1.06167495 -1.59401857 -0.7159931
v 0.34473055 -0.76263016 0.75033927
v -0.3447324 -0.76262712 0.75033778
v 0.77566272 0.05314802 0.05608934
v -0.77566301 0.05314799 0.05608927
v 0.28488874 0.98731404 -0.30392217
v -0.28488898 0.98731446 -0.30392071
v 0.48120224 -0.9403665 -0.12625975
v -0.48120147 -0.94036603 -0.12625826
v 0.47172641 0.65589469 0.66740316
v -0.4717265 0.65589094 0.66740632
v 0.35132953 0.24819172 1.02749908
v -0.35132941 0.24819153 1.02749919
v 0.37385439 0.9780032 -0.16648013
v -0.37385714 0.97800147 -0.16647982
v 0.57834446 0.62201672 -0.4216724
v -0.57834368 0.62201529 -0.42167529
v 0.3682706 -2.22718095 0.42609497
v -0.36826846 -2.22717428 0.42609292
v 0.4817717 -1.2159754 -0.13251043
v -0.48177087 -1.215976 -0.13250923
v 0.11034434 -0.37618246 1.14357757
v -0.11034461 -0.3761833 1.14357721
v 0.49468511 -0.07142237 -0.59544456
v -0.49468565 -0.07142162 -0.59544414
v 0.15912851 -1.42629766 -1.15906369
v -0.15912148 -1.42629122 -1.15906024
v 1.03378927 -2.09220314 0.17204889
v -1.0337882 -2.09220457 0.17205034
v 0.80845385 -1.45145928 -0.66280108
v -0.80844658 -1.45145297 -0.66279482
v 0.20428945 -0.73194986 0.94288265
v -0.20429045 -0.7319504 0.94288176
v 0.6444745 0.66967767 -0.04674835
v -0.64447683 0.66967177 -0.04674417
v 0.06610048 -0.68198013 -0.85838419
v -0.06610124 -0.68198031 -0.85838413
v 0.78642338 -0.17178089 -0.03402643
v -0.78642356 -0.17178076 -0.03402632
v 0.07925619 1.09427392 0.10774629
v -0.07925619 1.09427392 0.10774629
v 0 1.07540643 -0.20633167
v 0.5488066 0.79868984 -0.23788654
v -0.54880464 0.79869002 -0.23789218
v 0.54049009 -1.26015341 -0.19982948
v -0.54049021 -1.26015341 -0.19982981
v 0.46052533 0.9361754 0.02979961
v -0.46052473 0.93617594 0.0298019
v 1.35567522 -1.70947372 -0.68589544
v -1.35567379 -1.70947337 -0.68589806
v 0.66526508 -0.00553864 -0.14175298
v -0.66526454 -0.00553933 -0.1417548
v 0.1012853 -0.52259779 1.04498624
v -0.10128523 -0.52259773 1.04498624
v 0.51193779 -1.30432665 -0.81695514
v -0.51194846 -1.30434072 -0.81695896
v 0.56194412 0.14916057 -0.58231365
v -0.56194353 0.14915984 -0.58231443
v 0.37876629 -0.22127862 -0.66861385
v -0.37876576 -0.22128145 -0.66861367
v 0.15971446 0.64757496 -0.77014613
v -0.15971446 0.64757496 -0.77014613
v 0.05654243 -1.05232751 0.90618902
v -0.05654243 -1.05232703 0.90618938
v 0.61051541 -1.27874827 -0.29840719
v -0.61051535 -1.27874839 -0.29840728
v 0.39552968 0.59144216 0.82540595
v -0.39553204 0.59144425 0.82540196
v 0.47316733 -2.03447341 0.3330369
v -0.47319188 -2.03446292 0.33302867
v 0.58181476 0.73906344 -0.25641489
v -0.58181422 0.73906785 -0.25640827
v 0.30066883 -2.3281486 0.46442458
v -0.30066025 -2.32814526 0.46442431
v 0.09007113 0.09415757 1.07729411
v -0.09006945 0.09415656 1.07729363
v 0.3650819 0.60492771 -0.70405948
v -0.3650819 0.60492771 -0.70405942
v 0.15390887 -0.47625118 1.01260221
v -0.15390889 -0.47625115 1.01260221
v 0.52442425 0.34016123 0.77255761
v -0.5244258 0.34015879 0.77255487
v 0.07052816 -1.09255588 0.83690929
v -0.07052823 -1.09255588 0.83690911
v 0 -0.06316545 -0.82702434
v 0.64058607 0.47011765 -0.34685319
v -0.64058715 0.4701167 -0.34684935
v 0.32619625 -0.28890112 0.92287653
v -0.32619896 -0.28890252 0.92287522
v 0.49215018 0.46976393 -0.6539129
v -0.49215039 0.46976387 -0.65391272
v 0.73438233 -0.2985551 0.02631146
v -0.73438233 -0.29855507 0.02631165
v 0 0.01477563 -0.85518813
v 0.05604951 -1.09625363 0.79770225
v -0.05604963 -1.09625363 0.79770219
v 0.53183513 -0.48750773 -0.39024552
v -0.53183519 -0.4875082 -0.39024546
v 0.62146878 0.50629025 -0.39505422
v -0.62146854 0.5062887 -0.39505577
v 0.08463689 -0.77905768 0.99507415
v -0.08463688 -0.77905893 0.9950729
v 0.03100558 -0.44929799 1.18041515
v -0.03100563 -0.44929796 1.18041515
v 0.48701009 0.62822884 0.6638816
v -0.48701089 0.62822663 0.66388213
v 0.03124766 -1.13549161 0.267104
v -0.03124771 -1.13549149 0.26710411
v 0.22263127 -1.75166142 -1.21262729
v -0.22262933 -1.75165998 -1.21262896
v 1.18710124 -1.69803357 -0.89956665
v -1.18710053 -1.69803357 -0.89956748
v 0.07131054 -0.80352115 0.97944557
v -0.07131121 -0.80352109 0.97944539
v 0.62017291 -1.13425028 -0.47500601
v -0.62017297 -1.13425195 -0.4750083
v 0.63238567 -2.88110423 0.44471165
v -0.63238567 -2.88110423 0.44471165
v 0.45835793 -1.8105669 0.21396642
v -0.45835605 -1.81056821 0.21396827
v 0.22924949 0.95977765 0.51249319
v -0.22924919 0.95977443 0.5125004
v 0.70341736 -0.11127132 0.26500734
v -0.7034167 -0.11127331 0.26500731
v 0.26656457 -0.24449625 0.94852799
v -0.26656663 -0.24449633 0.94852727
v 0.49296364 -3.09200024 0.45256662
v -0.49296951 -3.09199762 0.45256465
v 0.53840595 0.39749178 -0.61782056
v -0.53840643 0.39749249 -0.61781978
v 0.82939279 -2.69551158 0.35036882
v -0.82939267 -2.69551158 0.35036891
v 0.19881157 -3.06161427 0.59118276
v -0.19881153 -3.06161427 0.59118282
v 0.42163127 -0.77684783 0.06599132
v -0.42163041 -0.77684825 0.06599246
v 0.04437811 -1.06119906 0.54851156
v -0.04437811 -1.06119906 0.54851156
v 0.14590655 -0.23726113 1.00324034
v -0.14590585 -0.23726043 1.00324082
v 0.43240091 -1.5459187 -1.19345033
v -0.43240419 -1.5459249 -1.19345486
v 0.33571523 -0.05974492 0.93556475
v -0.33571523 -0.05974496 0.93556475
v 0.92798185 -1.55573976 -0.32099744
v -0.92798709 -1.55574441 -0.32099261
v 0.18666289 0.79618942 -0.66188013
v -0.18666289 0.79618942 -0.66188013
v 0.67139715 -0.01542413 0.29511821
v -0.67139703 -0.01542435 0.29511836
v 0.4273014 -2.10776758 0.37229993
v -0.42731219 -2.10777163 0.37230065
v 0.67122805 -0.1211477 -0.05943986
v -0.67122763 -0.12115113 -0.05943928
v 0.3895888 0.20542787 1.00332808
v -0.38959071 0.20543053 1.00332713
v 0.43639761 -1.72245264 0.15010112
v -0.4363937 -1.7224524 0.15010213
v 0.80678206 -1.7642554 -1.19780027
v -0.80678039 -1.76425468 -1.19780087
v 1.21695756 -1.91005158 -0.0180778
v -1.21695601 -1.91005039 -0.01807769
v 0.57347929 0.69419086 0.38538488
v -0.57347649 0.69419014 0.38539403
v 0.22775358 -0.82989341 0.87057697
v -0.22775267 -0.82989388 0.87057751
v 0.28236478 0.36802864 1.0312314
v -0.28236129 0.36803814 1.03122949
v 0.6750558 0.06506897 0.26209184
v -0.67505586 0.06506927 0.26209136
v 0.63051605 -0.29710996 0.19710731
v -0.63051599 -0.29710996 0.19710733
v 0.49363887 -0.39598339 -0.48851543
v -0.49363887 -0.39598345 -0.4885154
v 0.70150685 -0.27473709 0.0477322
v -0.70150685 -0.27473747 0.04773242
v 0.62517392 -0.45680463 0.19925962
v -0.62517386 -0.45680466 0.19925957
v 0.11537215 -0.16449239 -0.79450714
v -0.11537219 -0.16449239 -0.79450714
v 0.57607734 -0.32393348 -0.29150071
v -0.5760774 -0.32393229 -0.29150188
v 0.61524784 -0.25234988 0.40182858
v -0.6152476 -0.25235146 0.40182852
v 0.62470245 -0.2756474 0.20962929
v -0.62470245 -0.2756474 0.20962928
v 0.65986877 -0.44130328 0.21886347
v -0.65986859 -0.44130337 0.21886338
v 0.04508726 -0.2219655 -0.80006647
v -0.04508713 -0.22196558 -0.80006647
v 0.07682015 -1.07528078 0.35969054
v -0.07681973 -1.07528102 0.35968995
v 0.26839384 -3.20992422 0.47286823
v -0.26840141 -3.20992255 0.47286635
v 0.27316737 -1.01113271 -0.88324934
v -0.27316835 -1.01112854 -0.88324749
v 0.50757288 -2.50651502 0.47236415
v -0.50756406 -2.50652813 0.47236916
v 0.93289184 -2.52917957 0.3154661
v -0.9328922 -2.52917957 0.31546592
v 0.13492207 -0.61772912 -0.83336412
v -0.13492341 -0.61772805 -0.83336365
v 0.53278791 -1.80601632 0.18741117
v -0.53277832 -1.80601716 0.18741549
v 0 -1.78253579 0.19669456
v 0.36075261 -3.18806648 0.44696751
v -0.36075201 -3.18806672 0.44696757
v 0.12959924 -1.14487505 0.21842278
v -0.12959882 -1.14487588 0.21842269
v 0.70761364 -0.04112701 0.18716277
v -0.70761352 -0.0411272 0.18716286
v 0.08904714 -2.92134118 0.61172437
v -0.08904714 -2.92134118 0.61172437
v 0.68618857 0.01535516 0.27023652
v -0.68618851 0.01535499 0.27023661
v 0.63891357 -1.7410264 0.08305639
v -0.63891172 -1.74102544 0.0830563
v 0.50462323 -0.94374138 -0.16841085
v -0.50462347 -0.94373983 -0.16841121
v 0.07649953 -1.15961802 -1.01547241
v -0.07650023 -1.15961086 -1.01546967
v 0.4092006 0.97352486 0.0690585
v -0.40919753 0.97352707 0.06905704
v 0.72099304 -0.03183247 0.20683957
v -0.72099328 -0.03183239 0.20684011
v 0.71359938 -0.03483355 0.29042989
v -0.71359968 -0.03483311 0.29042974
v 0.45237594 0.46391817 0.84747952
v -0.45237505 0.46391433 0.84748327
v 0.2511053 -0.0408888 0.96296209
v -0.25110507 -0.04088847 0.96296215
v 0.06485825 -0.75864762 1.02653586
v -0.06485636 -0.75864797 1.0265361
v 0.56451177 -0.63504231 0.18524861
v -0.56451183 -0.63504242 0.18524882
v 0.73513174 -0.03375861 0.25716736
v -0.73513162 -0.03375893 0.25716716
v 0.68254149 -0.2155859 -0.01226927
v -0.6825416 -0.21558587 -0.0122693
v 0.61563301 0.40665599 0.45975485
v -0.61563563 0.40663912 0.45975431
v 0.25514438 -0.22690826 -0.7451806
v -0.2551442 -0.22690616 -0.74518078
v 0.05428571 0.98647004 -0.44690373
v -0.05428571 0.98647004 -0.44690373
v 0.49994608 0.1999443 0.87203949
v -0.49994498 0.19994519 0.8720414
v 1.0441879 -1.7750113 -1.06486666
v -1.0441904 -1.77500915 -1.06486427
v 0.36161798 -0.30568638 -0.66869336
v -0.36161756 -0.30568739 -0.66869366
v 0.86365169 -1.85858225 0.14154684
v -0.8636474 -1.85858285 0.14154925
v 0.38493123 -1.3599962 -1.00233161
v -0.3849397 -1.3599962 -1.00232672
v 0.06968432 0.76457369 -0.71443808
v -0.06968433 0.76457369 -0.71443808
v 0.62215298 -0.08890562 0.49074107
v -0.62215292 -0.08890432 0.49074167
v 0.95946466 -2.35719728 0.29708775
v -0.95946532 -2.35719704 0.29708752
v 0.50603604 -0.65390771 0.13295023
v -0.50603705 -0.65390777 0.13295128
v 0.59574407 -1.83894646 0.208572
v -0.59572416 -1.83895051 0.20858189
v 0.36860695 0.45817005 -0.76056754
v -0.36860695 0.45817005 -0.76056754
v 0.87610542 -2.05336785 -0.90281361
v -0.87608873 -2.05337023 -0.90281045
v 0 -3.17475485 0.43085092
v 0.4404087 -0.38334295 -0.57792121
v -0.4404087 -0.38334295 -0.57792121
v 0.55738347 0.32789817 -0.60101437
v -0.55738329 0.3278974 -0.60101479
v 0.64415907 -0.32382443 0.18685945
v -0.64415901 -0.32382434 0.18685942
v 0.33813089 -1.37059652 0.09641946
v -0.3381313 -1.37060654 0.09641888
v 1.25768411 -2.11871957 0.06667704
v -1.25768339 -2.11872196 0.06667832
v 1.03293585 -1.71708881 -1.03089749
v -1.03293561 -1.71708893 -1.03089773
v 0.68326473 0.316715 0.19544462
v -0.68326467 0.31671464 0.1954451
v 0.13473975 1.08617389 0.10034925
v -0.13473975 1.08617389 0.10034925
v 0.38237303 -1.56014299 0.09198688
v -0.38237887 -1.56014418 0.09198307
v 1.07963705 -1.87953639 0.04367816
v -1.0796374 -1.87953424 0.04367676
v 0.27197274 -0.19662849 0.94610774
v -0.27197295 -0.19663049 0.94610768
v 0.28122752 -0.5460453 -0.75928998
v -0.2812277 -0.54604512 -0.75928986
v 0.3287391 -0.72337216 0.8098824
v -0.3287383 -0.72337192 0.80988389
v 0.69199109 0.28827121 -0.10163612
v -0.69199097 0.28826308 -0.10163682
v 1.06101024 -1.77553331 -0.01838287
v -1.06100833 -1.77553236 -0.01838263
v 0.50367075 -2.02086043 0.32225331
v -0.50367724 -2.02085971 0.32225182
v 0.25143894 -2.23413229 0.43342906
v -0.25143757 -2.23412895 0.43342775
v 0.29644408 0.21452742 1.05724501
v -0.2964456 0.21452766 1.0572443
v 0.64807558 -1.99439537 0.27738365
v -0.64807748 -1.99438822 0.27737954
v 0.50553703 -0.63145649 -0.05030911
v -0.50553679 -0.63145607 -0.05030646
v 1.00505614 -1.62555563 -0.2481403
v -1.00505256 -1.62555515 -0.24813672
v 0.02474125 -0.34083882 1.21207857
v -0.02474136 -0.34083867 1.21207857
v 0.09736897 0.03932331 1.02375602
v -0.09736903 0.03932318 1.02375578
v 0.60796421 -0.20463562 -0.29698023
v -0.60796439 -0.20463599 -0.29697933
v 0.81912612 -2.83143281 0.3240754
v -0.81912547 -2.83143329 0.32407575
v 0.64494478 -1.30252647 -0.61555379
v -0.64494258 -1.30252456 -0.61555647
v 0.45637604 -0.50068748 0.72739511
v -0.4563764 -0.50068885 0.72739362
v 0.30424031 0.96159988 0.42806509
v -0.30424234 0.96159887 0.42806476
v 1.25378954 -1.77506423 -0.18118615
v -1.25378513 -1.77506089 -0.18118608
v 0.63058775 0.66954761 -0.16396771
v -0.63058614 0.66954881 -0.16397568
v 0.38491657 0.7613787 -0.56969803
v -0.38491654 0.7613787 -0.56969815
v 0.68993818 -0.43945771 0.12462633
v -0.68993806 -0.43945777 0.1246263
v 0.66965359 -1.32513165 -0.58845901
v -0.66965317 -1.32513201 -0.58846175
v 0.11805724 -1.28682446 -1.05985546
v -0.11805908 -1.28682434 -1.05985474
v 0.69120317 -0.10837218 0.22459571
v -0.69120329 -0.10837203 0.22459571
v 1.36854267 -1.72579979 -0.44078001
v -1.36854028 -1.72579848 -0.4407787
v 0.19421273 -0.43184694 -0.78462505
v -0.19421112 -0.43184846 -0.784626
v 0.57049083 -1.21632778 -0.25416275
v -0.57049322 -1.21632719 -0.2541666
v 0.05031922 -0.72705483 1.04736721
v -0.050319 -0.72705394 1.04736757
v 0.34685719 0.40133416 0.9839527
v -0.34686076 0.40133562 0.98394966
v 0.35670173 -0.06895476 -0.71964323
v -0.35670247 -0.06895443 -0.71964293
v 0.69010663 -1.75706207 -1.19428098
v -0.69008863 -1.75707912 -1.19426083
v 0.64054936 -0.36309847 0.04748758
v -0.6405493 -0.36309865 0.04748766
v 0.61489898 -1.1572771 -0.53433996
v -0.6148979 -1.15727078 -0.53433859
v 0.72094023 -1.37113976 -0.55184471
v -0.72093969 -1.37114 -0.55185359
v 0.7225933 -0.06202228 0.13767068
v -0.72259348 -0.06202183 0.13767091
v 0.51566749 0.873124 0.1857994
v -0.51566797 0.8731243 0.18579492
v 0.84094709 -2.08697104 0.26367837
v -0.84094435 -2.08697128 0.26367959
v 0.45129996 0.09024152 0.88370055
v -0.45129996 0.09024139 0.88370043
v 0.58248692 -0.60713928 0.21904146
v -0.58248698 -0.6071394 0.21903985
v 0.15824131 -0.52986842 1.00499796
v -0.15824119 -0.52986758 1.00499808
v 1.14532911 -1.63335442 -0.77652967
v -1.14532864 -1.63335478 -0.77653187
v 0.50271266 -0.61017024 0.0131413
v -0.50271624 -0.6101619 0.01313852
v 0.67670697 -0.15469417 0.20392611
v -0.67670697 -0.15469421 0.20392604
v 0.30374375 1.01792514 -0.15562802
v -0.30374968 1.01792228 -0.15562924
v 0.21084748 -0.51402556 0.96918124
v -0.21084658 -0.51402366 0.96918171
v 0.65955984 -0.04920865 0.31606179
v -0.65955996 -0.04920754 0.3160617
v 0.61478757 0.22772568 -0.47840267
v -0.61478865 0.22772462 -0.47839951
v 0.11699366 -1.03100502 0.88850307
v -0.11699393 -1.0310049 0.88850295
v 0.68246698 -0.3299041 0.11790291
v -0.68246704 -0.32990407 0.11790264
v 0.22344069 0.55308562 0.96754205
v -0.2234421 0.55308538 0.96754157
v 0.45438605 -0.7041952 0.05314668
v -0.45438671 -0.70419549 0.05314487
v 0.2221246 -0.12559828 0.95128899
v -0.222125 -0.12559653 0.9512887
v 0.19172862 -0.67949575 0.97282165
v -0.19172866 -0.67949557 0.97282183
v 0.5084269 -1.33794117 -0.12815672
v -0.50842589 -1.33794224 -0.12815512
v 0.6767143 -1.66023981 -1.20380938
v -0.67671108 -1.66023838 -1.20380985
v 0.44124105 0.9408977 -0.11144659
v -0.44124168 0.94089752 -0.1114449
v 0.56099295 -0.25361058 0.67790252
v -0.56099361 -0.2536095 0.67790114
v 0.19317643 -0.70793217 0.95486891
v -0.19317656 -0.70793223 0.95486885
v 0.74837422 -0.13266035 -0.03618325
v -0.74837452 -0.13265964 -0.03618317
v 0.68346929 -0.26509425 0.09883501
v -0.68346941 -0.26509434 0.09883489
v 0.36695867 -1.4765675 0.07686165
v -0.36695829 -1.47656571 0.07686151
v 0.6026858 -1.27711153 -0.6724056
v -0.6026864 -1.27711105 -0.67240387
v 0.52135324 0.55051815 -0.57778847
v -0.5213527 0.55051821 -0.57778936
v 1.18566751 -1.78323042 -0.10781975
v -1.18566954 -1.78323066 -0.10782124
v 0.63324326 -0.30317184 -0.05644053
v -0.63324189 -0.30317109 -0.05644817
v 0.54516392 -0.62261045 -0.31441327
v -0.54516357 -0.62260711 -0.31440937
v 0.36238727 -2.89354825 0.56928813
v -0.36238595 -2.89354729 0.56928843
v 0.24904449 -1.34803605 0.16946217
v -0.24904459 -1.34803557 0.16946217
v 0.7330898 -0.25018328 -0.03716173
v -0.7330898 -0.25018346 -0.03716169
v 0.38967454 0.66046685 0.7742083
v -0.38967311 0.66046482 0.77421164
v 0.69976544 0.06236451 0.15835802
v -0.69976645 0.06236404 0.15834125
v 0.99107545 -1.76300895 0.01022247
v -0.99107468 -1.76300883 0.01022296
v 0.60561871 -1.15951728 -0.56757444
v -0.60561883 -1.15951657 -0.56757366
v 0.08688554 1.01983809 0.45284783
v -0.08688779 1.01983881 0.45284509
v 0.90175783 -2.03416514 0.21258746
v -0.90175116 -2.03416299 0.2125895
v 0.09982642 -2.99686765 0.60961669
v -0.09982651 -2.99686813 0.60961669
v 0.18185031 0.43453586 1.04552376
v -0.18185347 0.43453341 1.04552364
v 0.30466336 -0.37192305 -0.71313852
v -0.30466327 -0.37192276 -0.71313858
v 0.06234287 0.17850121 -0.8690105
v -0.06234287 0.17850121 -0.8690105
v 0.56479322 -0.43021604 -0.20948107
v -0.56479245 -0.43021935 -0.20948362
v 0.57352542 -1.52807033 -1.12444233
v -0.57353228 -1.52807378 -1.12444317
v 0.6887598 -0.17417936 -0.01705196
v -0.68875974 -0.17417937 -0.01705198
v 0.26925593 -0.44910579 -0.74811381
v -0.26925668 -0.4491046 -0.74811309
v 0.84927827 -1.74806213 0.03471262
v -0.84927702 -1.74806368 0.034715
v 0.23728491 -0.93246096 0.23437927
v -0.23728488 -0.93246102 0.23437926
v 0.81894898 0.01787301 0.07828195
v -0.81894904 0.01787302 0.07828173
v 0.53388148 -0.76097554 -0.24204379
v -0.53388172 -0.76097548 -0.2420448
v 0.68543398 -0.10177747 -0.02360609
v -0.68543404 -0.10177658 -0.0236062
v 0.40719175 -1.78426611 0.20060463
v -0.40719527 -1.78426766 0.20060545
v 0.31929498 -1.08644187 0.14169341
v -0.31929513 -1.0864408 0.14169332
v 0.26132816 0.10864728 1.02535307
v -0.26132956 0.10864789 1.02535319
v 0.52026337 0.66243314 -0.49613705
v -0.52026426 0.66242951 -0.49613913
v 0.5183779 -0.75553834 -0.18748939
v -0.51837796 -0.75553882 -0.18748952
v 0.03684552 -1.65029907 0.15506953
v -0.0368517 -1.65030658 0.15507015
v 0.73662012 -0.01615612 0.02376389
v -0.73662012 -0.01615563 0.02376413
v 0.45982417 -0.53283786 -0.58469808
v -0.45982417 -0.53283792 -0.58469808
v 0.22734361 -1.03320205 0.71081185
v -0.22734178 -1.03320324 0.71081346
v 1.1943655 -1.73463678 -0.18410256
v -1.1943649 -1.7346363 -0.18410304
v 0.16749003 -0.61463797 -0.82346367
v -0.16749171 -0.6146363 -0.82346284
v 0.43422323 0.26434037 -0.74400973
v -0.43422332 0.26434019 -0.74400967
v 0.06973558 -0.70981228 1.04482603
v -0.0697364 -0.70981216 1.04482579
v 0.42545688 -0.42997187 -0.60412406
v -0.42545688 -0.42997187 -0.60412406
v 0.20138604 -1.04571843 0.70788544
v -0.20138844 -1.04571712 0.70788341
v 0.38972166 -2.96812343 0.55732315
v -0.38972124 -2.96812391 0.55732327
v 0.60467571 -0.48850747 0.1560042
v -0.60467618 -0.48850628 0.15600457
v 0.54228085 -0.25994181 0.72131037
v -0.5422824 -0.25994056 0.72130757
v 0.20936171 -1.51603376 -1.21471965
v -0.20935899 -1.5160315 -1.21471858
v 0.13782447 -1.88678777 0.27868285
v -0.13781414 -1.88678312 0.27867832
v 0 -0.49068293 -0.83384037
v 0.14283809 -2.90014553 0.6126278
v -0.14283809 -2.90014553 0.6126278
v 0.51162838 0.81005179 0.38922658
v -0.51163023 0.81005179 0.38922187
v 0.40271681 0.33189755 0.97309684
v -0.40271538 0.33189821 0.97309774
v 0.57462972 -0.30921873 0.58728367
v -0.5746293 -0.30922073 0.58728337
v 0 -0.67553919 -0.86061394
v 0.37249827 -0.10161531 -0.69910585
v -0.37249705 -0.10161452 -0.69910687
v 0.74579536 -2.6259675 0.39462301
v -0.74579519 -2.62596774 0.3946231
v 0.51641762 -0.26809641 0.76881116
v -0.51641893 -0.26809495 0.76880949
v 0.54507654 0.82851743 -0.16404023
v -0.54507964 0.82851505 -0.16403529
v 0.32579177 -0.16169697 0.93117129
v -0.32579702 -0.16169621 0.93116956
v 0.08394139 -0.40670532 1.16397845
v -0.08394122 -0.40670543 1.16397857
v 0.73962783 -0.11194806 0.07913821
v -0.73962795 -0.11194852 0.07913834
v 0.71605509 -0.31021091 0.05102293
v -0.71605503 -0.31021061 0.05102276
v 0.71779298 -1.4084506 -0.29724651
v -0.7177931 -1.40845024 -0.29724717
v 0.95422434 -1.94481039 -1.02384066
v -0.95422697 -1.9448055 -1.02384603
v 0.52572512 -0.64906317 -0.18688552
v -0.52572518 -0.64906287 -0.18688561
v 0.67297023 -1.53619027 -0.09760073
v -0.67296767 -1.53618633 -0.097603
v 0.23720596 0.96390539 -0.40825447
v -0.23720607 0.96390491 -0.40825545
v 0.0540873 -0.99134224 0.93228191
v -0.05408791 -0.99134171 0.93228179
v 0.49760836 -0.14545272 0.81150704
v -0.49760952 -0.14545311 0.81150555
v 0 1.0957731 -0.07772313
v 0.33319777 -0.04038536 0.94825595
v -0.33319768 -0.04038517 0.94825613
v 0.42240548 -0.81514531 -0.71381288
v -0.42240542 -0.81514555 -0.71381306
v 0.54070621 -0.6638512 -0.27190482
v -0.54070657 -0.6638512 -0.27190724
v 0.75093716 -2.21929001 0.33939734
v -0.75093561 -2.21928644 0.33939671
v 0.67042636 -0.04754775 0.30351901
v -0.67042642 -0.04754742 0.30351886
v 0.23442649 -0.90922963 0.28675401
v -0.23442651 -0.90922963 0.28675386
v 0.66684812 -0.2167855 0.2578457
v -0.66684812 -0.21678552 0.25784558
v 0.30983993 0.00058138 0.96571302
v -0.30984011 0.00058148 0.96571296
v 0.51360499 -0.66143423 -0.14304909
v -0.51360535 -0.66143393 -0.1430502
v 0.21383477 0.81450271 0.75381714
v -0.21383486 0.81449949 0.75382107
v 0.03043141 -1.08820307 0.36530822
v -0.03043141 -1.08820307 0.36530822
v 0.67146241 -0.2030701 0.25042942
v -0.67146307 -0.20306906 0.25042942
v 0 -3.1765654 0.54224193
v 0.53446894 0.22617737 0.79480594
v -0.53446775 0.22617963 0.79480892
v 0.42741379 -1.33980751 -0.02764858
v -0.42741265 -1.33981156 -0.027646
v 0.64505046 -2.12192416 0.33624053
v -0.6450383 -2.12192368 0.3362433
v 0.37978631 -0.49903181 0.83535826
v -0.37978515 -0.49903145 0.83535963
v 0.67371571 -0.15620958 0.23001876
v -0.67371577 -0.15620978 0.23001891
v 0 -1.0620979 0.52480214
v 0.33572918 -0.30814328 -0.68963605
v -0.33572924 -0.30814325 -0.68963599
v 0.48965364 -2.17419385 0.39062017
v -0.48965457 -2.17419648 0.39062097
v 0.3807961 -1.40775585 0.04669271
v -0.38079661 -1.40775692 0.04669236
v 0.50927692 -1.86988234 0.26174682
v -0.50927841 -1.8698827 0.2617464
v 0.5249322 -2.90233182 0.50269877
v -0.52493244 -2.9023323 0.50269866
v 0.64606928 -0.36313292 0.24947689
v -0.64606922 -0.36313328 0.24947711
v 0.22003795 -0.9593051 0.39242267
v -0.22003808 -0.95930558 0.39242443
v 0.4866994 -1.92492151 0.29390683
v -0.4866985 -1.92492091 0.29390674
v 0.05374538 -0.00482503 1.03134203
v -0.05374538 -0.00482505 1.03134203
v 0.1535464 -1.22512412 -1.01364433
v -0.15354794 -1.22512304 -1.01364314
v 0.2941209 -1.25734508 0.14969174
v -0.29412159 -1.25734496 0.14969122
v 0.11253472 -1.72521054 -1.24800002
v -0.11253953 -1.72520971 -1.24800062
v 0 0.4782041 -0.84106034
v 0.96026194 -1.83918821 0.08476339
v -0.96026945 -1.83919 0.08476048
v 0.03315989 0.03747599 1.05584979
v -0.03315969 0.03747642 1.05585002
v 0.74444437 -0.29121956 -0.00487039
v -0.74444478 -0.29121887 -0.0048705
v 0.60083001 0.6266998 0.36507961
v -0.60082906 0.62669897 0.36508348
v 0.53735333 -0.62944203 -0.45180851
v -0.53735333 -0.62944155 -0.45180827
v 0 0.3184396 1.08995151
v 1.34955692 -1.74954712 -0.3359538
v -1.34955573 -1.74954593 -0.33595466
v 0.64088571 0.68782293 0.02335762
v -0.64088451 0.68782591 0.02335878
v 0.03572799 -0.47316536 1.11732661
v -0.03572799 -0.47316536 1.11732661
v 0.21744282 -0.41308581 0.96159255
v -0.21744373 -0.41308292 0.96159219
v 0.50866919 -0.73813378 0.24875861
v -0.50866943 -0.73813325 0.24875813
v 0.42275092 0.94298803 0.23626725
v -0.42275062 0.94298857 0.23626551
v 0.03990322 -2.22415804 0.41533702
v -0.03990311 -2.22416853 0.41534221
v 0.44197973 -1.20630991 -0.81235247
v -0.4419817 -1.20630943 -0.81235063
v 0.1917703 -0.43406564 0.97700685
v -0.19177013 -0.43406453 0.97700703
v 0.5194776 0.81779712 -0.27980709
v -0.51948034 0.81779158 -0.27981209
v 0.34476241 -0.91583591 0.6571052
v -0.34476324 -0.91583508 0.65710395
v 0.73807573 -0.13701601 0.05314508
v -0.73807585 -0.13701586 0.05314502
v 0.3403629 -1.19947767 -0.8898437
v -0.34036377 -1.19947707 -0.8898428
v 0.04629768 -2.39143395 0.49280163
v -0.04629362 -2.39143037 0.49280008
v 0.47091013 -0.6266939 0.57799738
v -0.47090676 -0.62669092 0.57800924
v 0.16413982 -1.80830192 0.24352145
v -0.16413904 -1.80830109 0.24352109
v 0.68398702 0.36708772 -0.14194169
v -0.68398803 0.36709818 -0.14193159
v 0.17709851 -0.15993371 0.96031266
v -0.17709733 -0.15993201 0.96031248
v 0.02539349 -0.72058677 -0.87198263
v -0.02539348 -0.72058683 -0.87198263
v 0.54479038 -0.97893363 -0.24438923
v -0.54479092 -0.978935 -0.24439011
v 0.03274204 -2.30417752 0.45463416
v -0.03274017 -2.30417394 0.45463216
v 0.70726054 -1.98819887 0.2578805
v -0.70724737 -1.98818492 0.25787726
v 0.39225196 -1.06402671 0.02960685
v -0.39225217 -1.06402707 0.02960621
v 0.2113806 1.03695404 0.30306187
v -0.21137987 1.03695404 0.30306276
v 0.38121566 0.7993763 -0.53166204
v -0.38121569 0.79937624 -0.53166216
v 0.47880324 -0.79353755 -0.08735819
v -0.47880321 -0.79353785 -0.08735818
v 0.07957056 1.08153593 -0.15201021
v -0.07956823 1.08153653 -0.15200921
v 0.50048786 -0.42768529 0.6948437
v -0.50048756 -0.42768347 0.69484579
v 0.01983096 -0.5133301 1.09010088
v -0.01983096 -0.5133301 1.090101
v 0.21586842 0.18579414 1.09062087
v -0.21586877 0.18579334 1.09062087
v 0.29291963 -0.89557844 0.36894106
v -0.29292005 -0.89558029 0.36894446
v 0.46306341 -0.87453395 -0.07866577
v -0.46306327 -0.87453448 -0.07866557
v 0.26979371 0.74861282 0.79384982
v -0.26979175 0.74861794 0.79384607
v 0.29672256 0.54147756 -0.77078473
v -0.29672256 0.54147756 -0.77078473
v 0.39706319 -0.3951016 -0.63275277
v -0.39706319 -0.3951016 -0.63275277
v 0.31792599 0.78619617 0.71775555
v -0.31792736 0.78619563 0.71775478
v 0.61428058 -0.3843041 0.03680033
v -0.61431062 -0.38432505 0.03686325
v 0.32265746 0.04176928 -0.78335923
v -0.32265728 0.04176859 -0.78335899
v 0.34389644 -0.91316044 0.43468287
v -0.34389534 -0.91316181 0.43468543
v 1.13465309 -2.23923277 0.17065091
v -1.13465464 -2.23923206 0.17064967
v 0.15212173 -3.18240237 0.53663086
v -0.15212714 -3.18239831 0.53663307
v 0.38527962 -0.74954038 0.13234627
v -0.38528022 -0.74953991 0.13234584
v 0.12416613 -0.48167064 1.0424062
v -0.12416612 -0.48167061 1.0424062
v 0.44695702 -0.04251918 0.8334887
v -0.44695603 -0.04251981 0.83348953
v 0.41210717 -0.87505453 0.40418502
v -0.41210824 -0.87505382 0.40418458
v 0.06183742 1.07005953 -0.21787253
v -0.06183742 1.07005953 -0.21787253
v 0.80073636 -2.14920258 0.30189433
v -0.80073213 -2.14920425 0.30189636
v 0.55708986 -0.83122474 -0.32042691
v -0.55708986 -0.83122426 -0.32042712
v 0.44059386 0.20873756 0.95694184
v -0.44059199 0.20873822 0.95694404
v 1.00176775 -1.60786736 -0.88449901
v -1.00176847 -1.60786783 -0.88449955
v 0.44304633 -0.82145148 0.3264102
v -0.44304615 -0.82145029 0.32640785
v 0.59298312 -1.78345751 0.14016893
v -0.59298288 -1.78345906 0.14017093
v 1.34974157 -1.78695559 -0.86835223
v -1.34973931 -1.78695452 -0.86835348
v 0.77132445 -2.38661432 0.3660244
v -0.77132314 -2.38661217 0.36602455
v 0.6930083 -0.36311748 0.12127169
v -0.69300812 -0.36311757 0.12127205
v -0.65762955 -3.07362604 0.30999386
v 0.65763956 -3.07362079 0.30998793
v 0.51545977 0.36491096 -0.65497231
v -0.51545989 0.3649097 -0.65497237
v 0.11416157 0.8065024 -0.67344409
v -0.11416157 0.8065024 -0.67344409
v 0 0.8913061 0.70809847
v 0.64509719 -2.41952252 0.41444826
v -0.64510726 -2.4195137 0.41444346
v 0 -0.30697619 1.2042365
v 0.14224705 -0.26448595 1.0231111
v -0.14224627 -0.26448571 1.02311205
v 0.54533678 -0.64568853 0.34179893
v -0.54533714 -0.64569032 0.34179589
v 0.47573128 0.40453267 -0.69072759
v -0.47573134 0.40453276 -0.69072753
v 0.89858883 -1.65882277 -0.08901734
v -0.89858973 -1.65882229 -0.08901841
v 0.71858948 -2.05707669 -0.89329648
v -0.71860522 -2.05708146 -0.89329177
v 0.40510997 -1.12237155 -0.01578683
v -0.40510994 -1.12237238 -0.01578669
v 0.46712547 0.40665048 0.85978686
v -0.46712616 0.406652 0.8597849
v 0.92946869 -1.62073004 -0.99291491
v -0.92946833 -1.62073051 -0.99291604
v 0.21346183 0.90175944 -0.53064346
v -0.21346171 0.90175962 -0.53064322
v 0.27880165 -0.09044215 0.95459264
v -0.27880188 -0.09044259 0.95459252
v 0.23189893 -0.91407293 -0.87700748
v -0.23190017 -0.91407567 -0.87700766
v 0.04481287 -0.03121419 1.03665268
v -0.04481287 -0.03121419 1.03665268
v 0.35339078 0.1608507 1.01745557
v -0.35339006 0.16085228 1.01745688
v 0.29161313 0.98630887 0.37411922
v -0.29161092 0.98630923 0.37412199
v 1.00331568 -1.72964239 -1.05913114
v -1.00331544 -1.72964286 -1.05913174
v 0.16310082 0.48257958 1.03041458
v -0.16309556 0.48257473 1.03041839
v 0.66651874 -0.23734737 0.26599794
v -0.66651928 -0.23734922 0.26599693
v 0.54140532 -0.70890724 -0.47634422
v -0.54140538 -0.70890808 -0.47634443
v 0.63843864 -1.34382677 -0.71367895
v -0.63844168 -1.34382569 -0.71367073
v 0.43550416 0.0589224 -0.70931404
v -0.43550309 0.05892349 -0.70931547
v 0.78723007 -1.82100653 0.14515011
v -0.78722584 -1.82100558 0.14515055
v 0.59264391 -1.00199937 -0.49888709
v -0.5926451 -1.00200498 -0.49888688
v 0 -2.52568292 0.53328651
v 0.08614236 -1.49272394 0.14154696
v -0.08615488 -1.4927299 0.14155125
v 0.60182231 -0.14875336 0.54258751
v -0.60182237 -0.14875145 0.54258817
v 0.2334892 -0.12538886 -0.76828527
v -0.23348929 -0.12538881 -0.76828527
v 0.57456308 -0.95737624 -0.53233021
v -0.57456201 -0.95737433 -0.53233218
v 0.39829593 0.25402906 0.99564486
v -0.39829766 0.25403156 0.99564331
v 0.98843061 -2.70524597 0.23452448
v -0.98844128 -2.70523905 0.2345186
v 0.70789974 0.05190421 0.2286984
v -0.70789897 0.05190312 0.22870014
v 0 0.9561578 0.606525
v 0.19474025 -0.06077173 -0.80088478
v -0.19474124 -0.06077126 -0.80088466
v 0.021089 -1.12465643 -1.01225185
v -0.02108905 -1.12465632 -1.01225185
v 0.14458669 -2.07570123 -0.87838453
v -0.14464689 -2.07569456 -0.87838977
v 1.00821363 -2.81221008 0.12378941
v -1.00821304 -2.81221175 0.12378814
v 0.06669845 -1.74902844 0.19214692
v -0.0666964 -1.74902713 0.1921449
v 0.52049821 -0.32081097 -0.44873204
v -0.52049809 -0.32081127 -0.44873219
v 0.51267921 -1.0836066 -0.69447112
v -0.51267951 -1.08360838 -0.69447153
v 0.21845291 0.90449833 0.62229949
v -0.21845254 0.90450137 0.62229472
v 0.54130762 -0.68171501 0.31644746
v -0.54131048 -0.6817097 0.3164418
v 0.34684225 -0.41718536 0.88301408
v -0.34684395 -0.4171856 0.88301301
v 0.45075532 0.74760276 0.60787177
v -0.45075562 0.74760365 0.60787004
v 0.04040478 -0.4105969 1.20691871
v -0.04040473 -0.41059693 1.20691871
v 0.23757855 0.72901392 0.82990264
v -0.23757717 0.7290157 0.82990169
v 0.0294952 -1.06577682 0.90169048
v -0.02949552 -1.06577658 0.90169072
v 0.42159685 0.47089207 0.88148969
v -0.42159533 0.47089639 0.88148856
v 0.62941342 -0.28660771 0.16813071
v -0.62941378 -0.28660798 0.16813026
v 0.70022851 -0.42373606 0.15414893
v -0.70022857 -0.42373615 0.15414851
v 0.99596154 -2.67422294 0.24352395
v -0.99596846 -2.67421722 0.24352105
v 0.63606262 -0.24436955 0.33645635
v -0.63606274 -0.24436956 0.33645591
v 0.16156518 -1.29872548 -1.05260884
v -0.16156007 -1.29872655 -1.05261182
v 0.52874672 -0.64323151 0.14427404
v -0.52874469 -0.64323467 0.14427496
v 0.63476055 -0.4512043 0.14351595
v -0.63476049 -0.45120447 0.14351642
v 0.67507457 -0.34774532 0.15150478
v -0.67507439 -0.34774547 0.1515052
v 0.39788961 -1.87805581 0.28494188
v -0.39788815 -1.87805485 0.28494125
v 0.63881343 0.55117845 -0.30230629
v -0.63881492 0.55117255 -0.30230546
v 0.48213049 -0.65443027 0.10242102
v -0.48213261 -0.65442836 0.10242205
v 0.05832519 -0.32619479 1.1865493
v -0.05832557 -0.32619455 1.18654882
v 0.55054545 -0.70175111 -0.38649174
v -0.55054539 -0.70175075 -0.38649329
v 0.73474419 -0.05628712 0.12197291
v -0.73474401 -0.05628825 0.12197263
v 0.59664636 -1.15871369 -0.59087908
v -0.5966447 -1.15870642 -0.59087836
v 0.58651828 -0.32270631 0.51981586
v -0.58651882 -0.32271161 0.51980769
v 0.29430341 0.79890865 -0.60512924
v -0.29430347 0.79890787 -0.60513001
v 0.43422588 -0.08624468 0.86251956
v -0.43422684 -0.08624517 0.86251878
v 0.67970836 -0.29458597 0.10546539
v -0.67970848 -0.29458594 0.10546526
v 0.72049641 -0.30916842 -0.01093282
v -0.72049647 -0.30916836 -0.01093285
v 0.59634727 0.74060905 -0.19135779
v -0.59634643 0.74060964 -0.19136042
v 0.5952447 -1.88230359 0.2430022
v -0.59520739 -1.88230586 0.24301496
v 0.08724521 -1.09972381 0.27763554
v -0.08724524 -1.09972381 0.27763554
v 0.40138635 -3.09929585 0.50555765
v -0.40138489 -3.0992937 0.50555986
v 0.29862046 -1.9742918 0.33117684
v -0.29860168 -1.97429788 0.33117973
v 0.3387829 0.49193751 -0.76745164
v -0.3387829 0.49193751 -0.76745164
v 0.67040836 0.22951228 0.30000579
v -0.67040741 0.22950843 0.30001276
v 0.45692312 -1.37122249 -0.97208434
v -0.45692658 -1.37122356 -0.97208356
v 0.54251116 -0.35322153 -0.37989303
v -0.54251134 -0.35322248 -0.37989193
v 0.21582622 1.06444335 -0.05804179
v -0.21582827 1.06444311 -0.05803712
v 0.28628179 -0.05239553 -0.76643669
v -0.28628215 -0.05239456 -0.76643687
v 0.21451114 -0.78825259 0.90784436
v -0.21450895 -0.78825157 0.90784668
v 0.1447931 -0.57395046 1.02099466
v -0.14479343 -0.57395082 1.02099442
v 0.50836253 -1.33651387 -0.86964374
v -0.50836741 -1.33648359 -0.86958748
v 0.19027008 -1.04232549 0.22414113
v -0.19027048 -1.04232478 0.22414118
v 0.61966806 -0.46390289 0.18560092
v -0.619668 -0.46390315 0.18559964
v -0.71831268 -2.14242839 -0.79964792
v 0.58355355 0.805875 0.01346357
v -0.58355426 0.80587381 0.01346163
v 0.59934765 0.63386309 -0.35379198
v -0.59934741 0.63386094 -0.35379505
v 0.57387119 -1.67095434 -1.25123739
v -0.57387232 -1.67095434 -1.25123703
v 0.61383825 -0.47467628 0.20394131
v -0.61383813 -0.4746764 0.20394276
v 0.09764672 -0.4483357 1.09580707
v -0.09764672 -0.4483357 1.09580707
v 0.56591033 -2.13085532 -0.81222111
v -0.56589758 -2.13084793 -0.81222885
v 0.07848789 -1.23375427 -1.04257452
v -0.07848742 -1.2337501 -1.04257297
v 0.0896707 0.28025272 1.09249424
v -0.08966672 0.28026315 1.09249317
v 0.20538896 0.48286873 -0.81785851
v -0.20538896 0.48286873 -0.81785851
v 0.41751354 0.12175277 0.93705493
v -0.41751357 0.12175136 0.93705391
v 0.65536606 0.54591012 0.22051744
v -0.65536665 0.54590934 0.22051434
v 0.442054 -0.61809802 0.65299379
v -0.44205409 -0.61810237 0.65298992
v 0.54619413 -3.08874106 0.41420868
v -0.54619097 -3.0887444 0.41420817
v 0.26291647 -1.55883824 0.16469042
v -0.26291602 -1.55883848 0.16469062
v 0.32735729 -0.95935905 0.63213664
v -0.32735681 -0.95935928 0.63213777
v 0.337435 0.35149952 -0.79646188
v -0.337435 0.35149952 -0.79646188
v 0.94128269 -1.61507308 -0.19304725
v -0.94128614 -1.61507654 -0.19304493
v 0.32390901 -0.93419879 0.14975775
v -0.32390886 -0.93419784 0.14975799
v 0.04536883 -0.48377007 -0.83091741
v -0.04537002 -0.4837771 -0.83091831
v 0.43961003 -0.76082462 0.22552815
v -0.43960985 -0.76082581 0.22553001
v 0.33755764 -0.93563431 0.65239948
v -0.33755663 -0.93563538 0.65240085
v 0.43254527 -1.0788486 -0.06496656
v -0.43254518 -1.07884323 -0.06496574
v 0.60314494 0.11199267 0.59017294
v -0.60314613 0.11199299 0.59016919
v 0.73405283 -0.07990268 0.11088879
v -0.73405283 -0.07990289 0.11088875
v 0.10836142 -1.83053064 0.24187749
v -0.10835653 -1.83052921 0.24187557
v 0.04188685 -0.3451634 -0.81156116
v -0.04188798 -0.34516125 -0.81156081
v 0.24768994 -0.05708017 0.9549691
v -0.24768997 -0.05708017 0.9549691
v 0.42667916 0.15672302 0.95159107
v -0.42667836 0.1567233 0.95159208
v 0.14811982 1.0660423 0.2429333
v -0.14811903 1.06604242 0.24293273
v 0.23157919 0.06553896 0.98354053
v -0.2315782 0.0655389 0.98354053
v 0.10641855 0.70700746 0.89614683
v -0.10642214 0.7070021 0.89615029
v 0.13683082 0.9041444 -0.55970013
v -0.13683082 0.9041444 -0.55970013
v 0.78812879 -1.64326238 -0.05120627
v -0.78813499 -1.64327085 -0.05120144
v 0.11746857 -0.39020001 1.13323617
v -0.1174685 -0.39020016 1.13323628
v 0.65718317 0.2961868 -0.31312274
v -0.65718334 0.29618856 -0.31312158
v 0.72289609 -1.37051725 -0.46485659
v -0.72289139 -1.37051248 -0.46485865
v 0.11550078 -1.06466364 0.3020102
v -0.11550067 -1.06466388 0.30200997
v 0.7241553 -0.33738768 0.05154027
v -0.7241556 -0.33738648 0.0515395
v 0.39734056 -1.74082422 -1.20904195
v -0.39734137 -1.74082422 -1.20904183
v 0.10566135 0.77922242 0.83435452
v -0.10566019 0.77922278 0.83435463
v 1.01459968 -2.43092322 0.27959176
v -1.01460015 -2.43092203 0.27959153
v 1.00682365 -2.11986565 0.20173777
v -1.00683057 -2.11987495 0.2017384
v 0.64261442 -0.18370167 -0.12011594
v -0.64261335 -0.18371948 -0.12011097
v 0.0564059 -1.07725989 0.38556319
v -0.0564059 -1.07725989 0.38556319
v 0.73890078 -0.30022683 0.01688158
v -0.73890078 -0.30022671 0.01688153
v 0.78408628 0.07606434 0.12539632
v -0.78408646 0.07606408 0.12539507
v 0 -2.02938175 0.33634817
v 0.7278245 -0.03435348 0.16435019
v -0.7278245 -0.03435348 0.16435021
v 0.67334699 -1.69597816 -1.2278074
v -0.67335033 -1.69597542 -1.22780442
v 0.77575802 -0.0082361 0.00468474
v -0.77575802 -0.00823516 0.00468532
v 0.05010379 -1.91357278 0.27908906
v -0.05010069 -1.91358518 0.27909639
v 0.63442462 -0.19573947 -0.15563693
v -0.63442462 -0.19573822 -0.15563833
v 0.7654941 -2.08859705 0.28940948
v -0.76549953 -2.08859586 0.28940734
v 0.02802847 -0.99681323 0.93770921
v -0.02802867 -0.99681413 0.93770885
v 0.17078849 -1.00785493 0.41740149
v -0.17078872 -1.0078547 0.41740104
v 1.05067944 -1.80442738 -1.07612121
v -1.05067956 -1.80442738 -1.07612097
v 0.08251696 -1.90344166 0.27817383
v -0.08251456 -1.90343356 0.27816838
v 0.2231552 -0.69772571 -0.82133108
v -0.2231554 -0.6977235 -0.82133042
v 0.47855848 -1.25492167 -0.8057
v -0.47855269 -1.25492382 -0.80570691
v 0.45237362 -1.65581488 0.10151325
v -0.45237454 -1.65581464 0.10151277
v 0.25367301 -0.99191659 0.76536583
v -0.25367373 -0.99191659 0.76536458
v 0.17500808 0.04310085 -0.84233748
v -0.1750071 0.04310118 -0.84233778
v 0.67277097 0.56962621 0.02315392
v -0.67277133 0.56962424 0.02315343
v 0.28821292 -2.64041709 0.55194747
v -0.2882061 -2.64042019 0.55194944
v 1.34565794 -1.72442627 -0.39351749
v -1.34565544 -1.72442591 -0.39351415
v 1.05691516 -2.024338 0.12600302
v -1.05692076 -2.02434396 0.12600334
v 0.93187427 -2.08615994 -0.86668545
v 0.29116487 -2.94262981 0.59003734
v -0.29116794 -2.94262719 0.59003663
v 0.85047757 -1.52569341 -0.847898
v -0.85047823 -1.52569353 -0.8478977
v 0.65786618 -1.32016027 -0.35489976
v -0.6578685 -1.32016253 -0.35490223
v 0.66252148 -0.45346841 0.1627466
v -0.6625207 -0.4534685 0.16274727
v 0.4320153 0.58833485 -0.65912765
v -0.43201574 0.58833462 -0.65912735
v 0.20329973 -1.26804626 0.18217566
v -0.20330058 -1.26804494 0.18217571
v 1.17175054 -2.16596388 0.12656027
v -1.17175054 -2.16596365 0.12656022
v 0.15210919 0.18409977 1.10237419
v -0.15210877 0.18410173 1.10237419
v 1.19946932 -1.73402142 -0.94053274
v -1.19946837 -1.7340213 -0.94053328
v 1.13596296 -1.77049732 -0.08019369
v -1.13596439 -1.77049946 -0.08019238
v 0.04132209 -0.08754279 1.0572009
v -0.04132216 -0.08754289 1.0572009
v 0.8548091 -1.96031379 0.19352747
v -0.85481214 -1.96031522 0.19352696
v 1.05974352 -1.84196412 -1.08598184
v -1.05974733 -1.84196519 -1.08598041
v 0.50920701 -1.41766727 -1.01213741
v -0.50922143 -1.41766893 -1.0121299
v 0.66192013 -0.01929157 0.31099093
v -0.66191995 -0.01929088 0.3109909
v 0.79218626 -0.05668622 0.05989401
v -0.79218673 -0.05668591 0.05989406
v 0.38897433 -0.55722981 0.80041468
v -0.38897413 -0.55722826 0.80041581
v 1.021263 -1.64754068 -0.22053305
v -1.02126169 -1.64754653 -0.22052012
v 0.59137958 -0.53552395 0.1516211
v -0.59138017 -0.53552418 0.15162229
v 0.18994884 0.07903496 1.00060749
v -0.18994846 0.07903493 1.00060737
v 0.54929101 -0.91352087 -0.26559096
v -0.54929119 -0.91352284 -0.26559102
v 0.12504036 0.49222195 1.0345205
v -0.12503591 0.49222898 1.03451764
v 1.34686744 -1.88157844 -0.93672978
v -1.34686708 -1.88157892 -0.93673026
v 0.38359606 -2.32809996 0.45671525
v -0.3835985 -2.32809925 0.45671489
v 0.0410476 1.058851 0.34734207
v -0.0410476 1.058851 0.34734207
v 0.72579044 -0.09806142 -0.01186465
v -0.72579014 -0.09806176 -0.01186467
v 1.15860927 -2.39900016 0.18402376
v -1.1586101 -2.39899826 0.18402305
v 0.42151311 -2.23688077 0.42391333
v -0.42150685 -2.23688602 0.42391589
v 0.77787351 0.00320554 0.14911373
v -0.77787339 0.00320535 0.14911334
v 0.03028594 -1.76877117 0.19250235
v -0.03030054 -1.7687689 0.19250039
v 1.20011472 -2.28494262 0.13898517
v -1.20011234 -2.28494954 0.13898794
v 0.89453959 -1.50743579 -0.62838095
v -0.89453959 -1.50743579 -0.62838059
v 0.49235934 -0.18772232 0.82353842
v -0.49236059 -0.1877222 0.82353699
v 0.71411263 -0.13081955 -0.01628329
v -0.71411269 -0.13081786 -0.01628286
v 0.47293207 -2.78127741 0.5241552
v -0.47293138 -2.78128123 0.52415579
v 0.66483479 0.13827136 -0.26081842
v -0.66483408 0.13826794 -0.26082032
v 0.82571977 -2.91652345 0.2667458
v -0.82571959 -2.9165256 0.26674398
v 0.32211926 1.01979184 0.13392815
v -0.32212057 1.01979136 0.13392879
v 0.73340755 -0.00287102 0.2784993
v -0.73340773 -0.0028706 0.27849912
v 0.35947415 -1.10116767 0.08665951
v -0.35947454 -1.10116696 0.08665898
v 0.13361099 -0.87207597 0.91465157
v -0.13361142 -0.87207454 0.91465181
v 1.31382215 -1.88504362 -0.96219635
v -1.31382083 -1.88504397 -0.96219724
v 0.37901297 0.04627268 0.92190635
v -0.37901315 0.04627257 0.92190617
v 0.52038031 0.14757816 0.82172483
v -0.5203793 0.14758242 0.82172811
v 0.58158147 -0.19793386 0.62976115
v -0.58158123 -0.19793398 0.62976181
v 0.4692409 -0.44880348 -0.54312485
v -0.4692409 -0.44880348 -0.54312485
v 0.33121421 0.69082635 -0.67290759
v -0.33121389 0.69082683 -0.67290747
v 0.24856199 -0.49898359 -0.76924014
v -0.24856276 -0.49899002 -0.76924091
v 0.82130295 -1.47774732 -0.31491425
v -0.82129675 -1.47774124 -0.31491857
v 0.54109925 -0.54689067 -0.36114731
v -0.54109919 -0.54689025 -0.36114761
v 0.51736086 0.76348429 0.45385798
v -0.51736033 0.76348477 0.45385879
v 0.12965433 -1.1086986 0.23346015
v -0.12965421 -1.10869801 0.23346054
v 0.45422944 -0.3552455 -0.55869185
v -0.45422944 -0.3552455 -0.55869185
v 0 -0.67889386 1.06503319
v 0.33095651 -0.81041556 -0.7916674
v -0.33095693 -0.81041479 -0.79166692
v 0.09772381 1.09443831 0.0292614
v -0.09772338 1.09443831 0.02926128
v 0.37743607 0.49219664 -0.74530357
v -0.37743601 0.49219673 -0.74530357
v 0.54314535 0.40481296 0.67784923
v -0.54314625 0.40481758 0.67784392
v 0.65396404 -0.27343604 0.14882993
v -0.65396404 -0.27343595 0.14882993
v 0.45456579 -0.31808164 -0.56453555
v -0.45456579 -0.3180817 -0.56453555
v 0.1428772 1.08671367 0.04637515
v -0.14287838 1.08671343 0.0463733
v 0.64159417 -0.01890484 -0.2573755
v -0.64159417 -0.01890227 -0.25737798
v 0.54561811 -1.30063593 -0.77623671
v -0.54561907 -1.30063664 -0.77623623
v 1.28118479 -1.778705 -0.92173576
v -1.28118372 -1.77870452 -0.92173618
v 0.68874609 -0.20895774 0.09996055
v -0.68874591 -0.20895785 0.09996062
v 0.59319096 0.46394693 0.50112652
v -0.59319597 0.46393412 0.50111806
v 0.28662529 -1.14392077 -0.91001069
v -0.28662607 -1.14392173 -0.91001039
v 0.50028985 -1.46366155 -1.08408701
v -0.50029313 -1.4636619 -1.08408582
v 0.49759227 0.62870019 -0.55758297
v -0.49759006 0.62869936 -0.55758655
v 0.17190761 -1.00460052 0.85732209
v -0.17190796 -1.00459992 0.85732215
v 0.10627366 -1.04769873 0.48451659
v -0.10627343 -1.04769885 0.48451319
v 0.52327507 -1.32460713 -0.83466184
v -0.52331459 -1.32460165 -0.83460843
v 0.35593715 -2.73337745 0.55525136
v -0.35594299 -2.73336935 0.55524861
v 0.64865809 -0.26743972 0.30491033
v -0.64865934 -0.26743754 0.3049083
v 0.68432056 0.16232202 -0.14477905
v -0.68432068 0.16232338 -0.1447786
v 0.82161283 -0.03587768 0.05099015
v -0.82161289 -0.03587867 0.05098919
v 0.29823687 -0.82471346 0.23410084
v -0.29823672 -0.82471358 0.23410099
v 0.43352964 -0.70566141 -0.67134219
v -0.43352964 -0.70566141 -0.67134219
v 0.57881289 -0.98545086 -0.32663366
v -0.57881313 -0.98545306 -0.32663342
v 0.12119094 -0.34136813 1.12233662
v -0.12119246 -0.34136864 1.12233519
v 0.25335031 -1.43013918 0.16159118
v -0.25335049 -1.43013739 0.16159117
v 0.60775661 -1.05072152 -0.45770964
v -0.60775631 -1.05071973 -0.45770907
v 0.55312281 -0.09632989 -0.4948928
v -0.55312371 -0.09632942 -0.49489113
v 0.40035608 -0.34983268 0.8674649
v -0.40035843 -0.34982714 0.86746478
v 0.68420535 -0.15022999 0.18893878
v -0.68420535 -0.15023008 0.18893866
v 0.24469065 -1.52150523 0.1651542
v -0.24469015 -1.52149939 0.16515381
v 0.22916914 0.70557493 -0.71543127
v -0.2291691 0.70557493 -0.71543127
v 0.38626653 -0.68708777 -0.71337485
v -0.38626653 -0.68708777 -0.71337479
v 0.43715462 -0.85526853 0.39291882
v -0.43715596 -0.85526734 0.39291811
v 0.68161481 -0.13319791 0.17801588
v -0.68161481 -0.13319791 0.17801579
v 0.71025848 -0.23676897 0.06274915
v -0.71025848 -0.23676867 0.06274917
v 1.20291113 -1.70564675 -0.26201528
v -1.20291769 -1.70564675 -0.26202216
v 0.41974261 0.74314534 0.65750491
v -0.41974297 0.74314606 0.65750372
v 0.6458559 -0.2675808 0.1656185
v -0.6458559 -0.26758074 0.16561858
v 0.06648076 0.4099566 1.07299304
v -0.06648469 0.40996015 1.07299196
v 0.18379813 0.26076376 -0.85252982
v -0.18379813 0.26076376 -0.85252982
v 0.2308848 -0.64976859 0.95367121
v -0.23088564 -0.64976775 0.95367074
v 0.7406153 -0.25928062 0.02330517
v -0.74061554 -0.2592799 0.02330501
v 0.65179598 -0.22852309 0.22491647
v -0.6517955 -0.22852358 0.22491608
v 0.27729314 0.9298042 -0.44078043
v -0.27729427 0.92980337 -0.44078099
v 0.22934998 -0.68070149 0.93611586
v -0.22935013 -0.68070149 0.93611568
v 1.25540638 -1.83920288 -0.11334945
v -1.25540089 -1.83919954 -0.11334794
v 0.20132838 -0.29520356 0.97498428
v -0.20132803 -0.29520297 0.97498458
v 0.25950846 -0.68701881 -0.80181622
v -0.25950899 -0.68701809 -0.80181574
v 0.09195008 0.80774897 0.80537611
v -0.09195146 0.80774855 0.80537635
v 0.51020568 -0.59086298 0.06177316
v -0.5102061 -0.59086179 0.06177243
v 0.66962385 -0.42017889 0.22410149
v -0.66962379 -0.420179 0.22410151
v 0.73937904 -0.14638973 0.08377503
v -0.7393791 -0.14639046 0.08377616
v 0.95332121 -1.54565179 -0.68272972
v -0.95332008 -1.54565155 -0.68273162
v 0.85021704 -1.6220777 -1.06999659
v -0.85021704 -1.6220777 -1.06999659
v 0.52196008 0.82649201 0.32198423
v -0.52195978 0.82649415 0.32197997
v 0.15080378 -1.2112298 0.19639422
v -0.15080396 -1.2112292 0.1963943
v 0.04716868 -0.49095785 1.08304119
v -0.04716869 -0.49095794 1.08304119
v 0.54882133 -0.47298246 -0.29139253
v -0.54882162 -0.47298207 -0.29139083
v 0.82249552 -1.57892465 -0.12863418
v -0.82250058 -1.5789262 -0.12863625
v 0.11638868 1.08632075 -0.07820607
v -0.11638892 1.08632099 -0.07820276
v 0.54005086 -0.4569641 -0.34690761
v -0.54005086 -0.45696431 -0.34690737
v 0.30701515 -0.69923186 0.85645479
v -0.30701568 -0.69923067 0.85645467
v 0.91020149 -1.77984023 0.06412079
v -0.91020339 -1.77984094 0.06412107
v 0.66652697 0.56070089 -0.10011687
v -0.66652637 0.56069237 -0.1001399
v 0.67347705 -0.25009176 0.10363105
v -0.67347705 -0.2500917 0.10363104
v 0.99534428 -1.57348811 -0.40222281
v -0.99534648 -1.57349014 -0.40221849
v 0.40873777 -0.82494759 0.06785492
v -0.4087381 -0.82494705 0.06785462
v 0.40562856 0.28604704 0.98417687
v -0.40562784 0.28604981 0.98417687
v 0.64223295 0.59594893 0.23767861
v -0.64223396 0.59594786 0.23767441
v 0.68840301 0.3818084 -0.10401389
v -0.68840336 0.38180863 -0.10401095
v 0.10043841 -0.50101101 -0.8249368
v -0.1004327 -0.50101399 -0.82493847
v 0.54391384 -0.52939647 -0.31109914
v -0.5439139 -0.52939671 -0.31109848
v 0.38021954 -0.99249005 0.07554951
v -0.3802199 -0.99248951 0.07554912
v 0.34928563 -0.4782989 0.86951011
v -0.34928673 -0.47829967 0.8695091
v 0.62588226 -0.42784449 0.09344253
v -0.62588268 -0.42784452 0.09344278
v 0.62898838 0.70915448 -0.06016409
v -0.62898922 0.70915246 -0.06016576
v 0.67318463 -1.31483054 -0.51836514
v -0.67318427 -1.31483089 -0.51836985
v 0.86899006 -2.38034749 0.33206555
v -0.8689984 -2.38034558 0.33206242
v -0.49434354 -2.82941246 0.01949785
v 0.51172602 -2.8167293 0.00403708
v 0.653198 0.09958069 -0.30333912
v -0.65319824 0.09958357 -0.30333939
v 0.36389195 -2.52131915 0.50912016
v -0.36390221 -2.52131509 0.50911736
v 0.38367441 -0.63945841 0.75910097
v -0.38367459 -0.63946068 0.75909888
v 0.58522874 0.19477161 0.63716173
v -0.58522367 0.19477723 0.63717597
v 0.67452609 -0.28672105 0.23876132
v -0.67452609 -0.28672063 0.23876136
v 0.34530323 -3.12489771 0.51684474
v -0.34530592 -3.12489604 0.5168448
v 1.16214501 -1.68415129 -0.2854366
v -1.16213631 -1.68415069 -0.28542923
v 0.51637154 -0.48951673 -0.44982895
v -0.51637154 -0.48951673 -0.44982895
v 0.97683894 -1.54971742 -0.53268587
v -0.97683978 -1.54971778 -0.53268557
v 0.27736067 -0.53729176 0.92280179
v -0.27736052 -0.5372942 0.92280191
v 0.14244987 -1.07270503 0.74309659
v -0.1424463 -1.07270622 0.74309736
v 0.63125246 -0.29533973 0.33149981
v -0.63125145 -0.29533931 0.33150288
v 0.74494457 -1.470456 -0.86461287
v -0.74494493 -1.47045409 -0.86460763
v 0.51508486 -0.4340111 -0.43874132
v -0.51508486 -0.43401113 -0.43874132
v 0.581528 -1.59133994 -1.18565964
v -0.58152186 -1.59133839 -1.18566036
v 0.88556045 -1.49769318 -0.50454312
v -0.88554859 -1.49768471 -0.50454747
v 0.26249021 -0.50973624 0.93329209
v -0.26249131 -0.50973588 0.93329125
v 0.31301873 0.85859394 0.62426435
v -0.31301924 0.85859525 0.62426173
v 0.69711732 0.01262217 0.27100426
v -0.69711732 0.01262205 0.27100434
v 0.48937839 0.80362194 0.45652848
v -0.48937895 0.80362176 0.45652747
v 0.09499024 1.03368675 0.41048911
v -0.09498954 1.03368723 0.41048774
v 0.1208388 -1.06431198 0.85542398
v -0.12083882 -1.06431198 0.85542398
v 0 0.89961302 -0.58668267
v 0.59784513 -0.34460049 -0.14754435
v -0.59784388 -0.34460315 -0.14754544
v 0.40876439 0.95496845 -0.16617409
v -0.40876019 0.95497095 -0.16617597
v 0.04494502 0.91287368 -0.56744974
v -0.04494502 0.91287368 -0.56744974
v 0.19526098 -2.83461451 0.60255837
v -0.19526198 -2.83461356 0.60255813
v 0.51647216 0.67147105 0.56568479
v -0.51647239 0.67147237 0.56568306
v 0.15743011 -0.70828115 0.98121053
v -0.15743103 -0.70828139 0.98120975
v 0.38811272 -1.28853297 -0.90740907
v -0.38813433 -1.28854119 -0.90740162
v 0.81293791 -0.05721522 -0.02109754
v -0.81293779 -0.05721551 -0.02109768
v 0.23516683 -0.160263 0.95535522
v -0.23516519 -0.1602635 0.95535552
v 0.30102187 -1.16556084 0.15418641
v -0.30102157 -1.16555953 0.15418677
v 0.36151444 0.37943258 -0.78049773
v -0.36151444 0.37943258 -0.78049773
v 0.12591186 -0.64633554 1.03895092
v -0.12591265 -0.6463356 1.03895032
v 0.79195934 -1.54751956 -1.00208115
v -0.79195708 -1.54751849 -1.00208139
v 0.2225148 -1.59158885 -1.26539003
v -0.22251318 -1.59158444 -1.26538741
v 0.64142614 -1.26956999 -0.38178682
v -0.64142596 -1.26957082 -0.38178467
v 0.06208594 -1.09182608 0.7647767
v -0.06208491 -1.0918262 0.76477682
v 0.18775081 1.03620457 -0.26000201
v -0.1877501 1.03620398 -0.26000481
v 0.10134484 -0.09747967 0.96873682
v -0.1013447 -0.0974792 0.96873688
v 0.45116895 -0.73114925 0.03692108
v -0.45116877 -0.73114967 0.03692127
v 0.51660078 0.20292639 -0.65939694
v -0.51660156 0.20292674 -0.65939605
v 0.76988881 -0.16075708 0.02371504
v -0.76988828 -0.16075803 0.02371512
v 0.45181497 0.91198962 0.27118957
v -0.45181891 0.91198819 0.27118259
v 1.01592087 -2.03848743 0.15350505
v -1.01592028 -2.03848528 0.15350417
v 1.13188684 -2.47242736 0.20440635
v -1.13188624 -2.47242903 0.20440669
v 0.79675716 -0.14257307 0.00955575
v -0.79675704 -0.14257353 0.00955567
v 0.46280503 -0.75037866 -0.00388811
v -0.46280461 -0.75037998 -0.00388765
v 0.26637101 -3.06764912 0.30686542
v -0.2663266 -3.06758856 0.30679467
v 0.1808938 -1.34929215 -1.08772528
v -0.18089442 -1.34929192 -1.0877248
v 0.28424647 -0.99543643 0.65380638
v -0.28424212 -0.9954397 0.65381366
v 0.19045905 -1.62888908 0.18763642
v -0.19046093 -1.62889325 0.18763761
v 0.48326155 -0.70391321 -0.03808964
v -0.48326155 -0.70391315 -0.03808978
v 0.64143174 -0.44145625 0.11882519
v -0.64143168 -0.44145631 0.11882534
v 0.24279244 1.01575994 -0.26943382
v -0.24278947 1.01576185 -0.26943114
v 0.27537837 0.06866998 -0.81548738
v -0.27537885 0.06867071 -0.81548738
v 0.15775802 -1.68550109 0.19842988
v -0.15775603 -1.68549692 0.19842822
v 0.54178601 -0.53759437 -0.13114455
v -0.54178583 -0.53759586 -0.13115032
v 0.23156337 0.12134236 1.0576812
v -0.23156158 0.1213424 1.05768215
v 0.34098744 -1.53524982 0.11422032
v -0.34098595 -1.53525197 0.11422199
v 1.14114105 -1.80103933 -1.0302906
v -1.14114105 -1.80103933 -1.0302906
v 0.71780782 -0.38345924 0.08577102
v -0.71780812 -0.38345846 0.08576975
v 0.53743523 -0.57164228 -0.20020629
v -0.53743553 -0.57164174 -0.20020914
v 0.60153669 -0.13833716 -0.35812696
v -0.60153693 -0.13833381 -0.3581278
v 0.63132393 -0.4236513 0.24432912
v -0.63132393 -0.42365133 0.24432914
v 0.62395644 -1.17713165 -0.51214206
v -0.6239562 -1.17713022 -0.51214116
v 0.4144065 -1.61600315 0.09772018
v -0.41440665 -1.61600244 0.09771975
v 0.4554708 0.62849003 0.7170878
v -0.45547291 0.62849462 0.71708053
v 0.74065452 -0.06128834 0.10048952
v -0.74065464 -0.06128815 0.10048943
v 0.95396757 -1.68143963 -0.10039922
v -0.95396918 -1.68143999 -0.10039995
v 0.7336604 -0.27755582 -0.02803149
v -0.73366063 -0.27755558 -0.02803158
v 1.05914354 -2.52781271 0.24675887
v -1.05914259 -2.52781391 0.24675907
v 0.09537465 0.3689824 1.07998883
v -0.09537921 0.36898332 1.07998824
v 0.14363078 -0.13267122 -0.79363435
v -0.14363086 -0.13267141 -0.79363429
v 0.03861111 -3.0434947 0.59400379
v -0.0386111 -3.0434947 0.59400379
v 0.52606153 -1.15885627 -0.19646501
v -0.52606242 -1.15886378 -0.19646559
v 0.40758612 -0.88594049 0.51539701
v -0.40758836 -0.88593858 0.51539385
v 0.05283772 -0.6360526 1.08242619
v -0.05283852 -0.6360526 1.08242583
v 0.08647065 -3.09641647 0.58447408
v -0.08647186 -3.09641456 0.58447492
v 0.66174739 -0.28369876 0.00989286
v -0.66174739 -0.283699 0.00989298
v 0.60728359 -2.70900654 0.46213531
v -0.60728377 -2.70900416 0.4621351
v 0.59323799 -0.42529395 0.06034805
v -0.59323787 -0.42529594 0.06035092
v 0.03072808 -3.07976651 0.58322954
v -0.0307279 -3.07976698 0.58322942
v 0.37216529 -0.90676665 0.58764034
v -0.37216484 -0.90676707 0.58764106
v 0.69519889 -1.35964083 -0.36810168
v -0.69519609 -1.35963892 -0.36809933
v 0.10615609 -2.27519369 0.44881138
v -0.1061463 -2.27518653 0.44880676
v 0.99087065 -1.85420978 -1.12412142
v -0.99086594 -1.85420739 -1.12412333
v 0.65755665 -0.32355767 0.243284
v -0.65755605 -0.32355845 0.2432827
v 0.38718426 -3.03697919 0.54275536
v -0.38718444 -3.03697919 0.54275524
v 0.29946252 -0.34523725 0.92253965
v -0.29946011 -0.34523284 0.92254149
v 0.04114459 -0.23531082 1.13861918
v -0.04114463 -0.23531089 1.13861918
v 0.20823636 -1.42052912 0.17029076
v -0.20823597 -1.4205383 0.17029012
v 0.08090061 -1.05470299 0.49285265
v -0.08090084 -1.05470287 0.49285253
v 0.56629568 0.19756566 -0.58538878
v -0.56629502 0.19756621 -0.58538997
v 0.22674746 -0.9821214 0.22168661
v -0.22674746 -0.9821214 0.22168661
v 0.05546604 -1.60728168 0.14845249
v -0.05546563 -1.60728263 0.14845381
v 0.57420837 -1.16534876 -0.64086651
v -0.57420676 -1.16534793 -0.64086884
v 0.12179336 -1.31317687 0.17498058
v -0.12179048 -1.31317555 0.17498073
v 0.25287345 -0.96299845 0.20744685
v -0.25287348 -0.96299845 0.20744684
v 0.65463429 -0.3181205 0.14049926
v -0.65463423 -0.31812045 0.14049923
v 1.01185691 -1.56670975 -0.51499146
v -1.01185607 -1.56670939 -0.51499295
v 0.01873954 -0.18989101 1.12303865
v -0.01873961 -0.18989063 1.12303841
v 0.12674912 -1.37726104 0.16302898
v -0.12674801 -1.37726247 0.1630285
v 0.09220194 -0.98866486 0.9166519
v -0.09220212 -0.98866474 0.9166519
v 0.59296953 -0.554726 0.25390923
v -0.59296959 -0.55472564 0.25390914
v 0.29278385 -1.83877503 0.25863009
v -0.2927792 -1.83877563 0.25863117
v 0.45443746 0.29563829 0.93155562
v -0.45443812 0.29563713 0.93155509
v 0.61803019 0.72739756 0.12654088
v -0.61802768 0.72739952 0.12655457
v 0.16726459 -0.40499326 1.01249027
v -0.16726465 -0.40499395 1.01249015
v 0.71058297 -1.55814683 -0.09505862
v -0.71058112 -1.55814099 -0.09506326
v 0.61974859 -0.45537447 0.14260292
v -0.61974859 -0.45537447 0.14260305
v 0.13677342 0.22290453 -0.8614633
v -0.13677342 0.22290453 -0.8614633
v 0 -2.99415993 0.60111421
v 0.47341138 0.28602114 0.90776526
v -0.47341069 0.2860234 0.90776556
v 0.06496037 -0.42363488 1.14793312
v -0.06496037 -0.42363488 1.14793312
v 0.50748473 0.52893245 -0.60873138
v -0.50748395 0.52893298 -0.6087321
v 0.37326082 -2.84372186 0.56330788
v -0.37326368 -2.84372282 0.5633071
v 0.48901978 0.23721472 0.89149671
v -0.4890187 0.23721291 0.89149862
v 0.79712271 0.04123467 0.04232812
v -0.79712277 0.04123439 0.0423278
v 0.15623703 -0.42130163 1.04665756
v -0.15623706 -0.42130181 1.04665732
v 0.05890378 0.31847089 -0.86172181
v -0.05890378 0.31847089 -0.86172181
v 0.34252548 0.98544424 0.27546554
v -0.34252464 0.98544424 0.27546745
v 0 -1.09019291 0.86767149
v 1.22208881 -1.64797627 -0.49897298
v -1.22209119 -1.64797711 -0.49897369
v 0.11508534 -1.05205607 0.3661358
v -0.1150854 -1.05205595 0.36613583
v 0.17473532 0.02365677 0.95585858
v -0.17473493 0.02365659 0.95585852
v 0.45474365 -0.78669977 0.27823013
v -0.45474317 -0.78670048 0.27823093
v 0.57248133 0.81678146 -0.0451009
v -0.57248115 0.81678062 -0.04511019
v 0.86656522 -1.55493247 -0.21385148
v -0.8665747 -1.55493986 -0.2138502
v 0.05893738 -0.42516252 1.13096129
v -0.05893738 -0.42516252 1.13096129
v 0.47737097 -1.04189014 -0.72236758
v -0.47736948 -1.0418868 -0.72236818
v 0.61363655 -0.35828039 0.35093596
v -0.61363697 -0.35828185 0.35093316
v 0.47554245 -1.46890425 -0.02752629
v -0.47554254 -1.46890485 -0.02752613
v 0.63467341 -1.75280964 -1.19510936
v -0.6346687 -1.75280654 -1.19511246
v 0.89529448 -1.54852879 -0.27686685
v -0.89529609 -1.54853284 -0.27685937
v 0.66274654 0.58135795 0.11843468
v -0.66274774 0.58136069 0.11841907
v 0.59916389 -0.29064703 0.47271549
v -0.59916424 -0.29064622 0.47271418
v 0.11881002 -1.99060201 0.33450159
v -0.11881224 -1.99060285 0.33450228
v 0.56302624 -0.29710876 0.63846421
v -0.56302619 -0.29710677 0.63846647
v 0.60093039 -0.33437076 0.42848983
v -0.60093098 -0.33436644 0.42849004
v 0.36512503 0.17303717 -0.78802549
v -0.36512503 0.17303718 -0.78802549
v 0.50458627 0.87272167 0.24014213
v -0.50458765 0.87272155 0.24013665
v 0.12992712 -2.01456236 0.34549969
v -0.12992341 -2.01456403 0.34550002
v 0.66231155 0.61018109 0.06083097
v -0.66231119 0.61018288 0.06083054
v 0.22080384 -1.01866602 0.78644752
v -0.22080376 -1.01866555 0.78644806
v 0.1565828 0.70434582 0.88491356
v -0.15658313 0.70434522 0.88491392
v 1.02134251 -2.25209879 0.2472829
v -1.02134132 -2.25209713 0.24728304
v 0.18640345 -2.30996203 0.4671773
v -0.18639573 -2.30997443 0.46718251
v 0 1.00713658 0.5049721
v 0.384137 0.94046104 0.34613788
v -0.38414323 0.94046062 0.34612661
v 0.6714164 0.45312634 0.20326274
v -0.67141747 0.45312181 0.20325885
v 0.5727176 0.30317145 -0.57610398
v -0.57271748 0.30317261 -0.57610422
v 0.660456 -1.39707684 -0.24395868
v -0.66045618 -1.39707636 -0.24395921
v 0.07792471 0.85481113 0.74812716
v -0.07791915 0.85481619 0.74812179
v 0.07259944 -3.23458981 0.50192159
v -0.07260076 -3.23459005 0.50192147
v -1.24133014 -1.95677757 -1.02090942
v 1.23955738 -1.95600724 -1.02182745
v 0.61775183 -1.37097191 -0.22560754
v -0.61775392 -1.37097287 -0.22560894
v 0.43370381 0.84724277 0.48577547
v -0.43370485 0.8472405 0.48577764
v 0.40719455 -0.76678377 0.09156219
v -0.40719333 -0.76678425 0.09156349
v 0.07619366 0.94654536 0.61191833
v -0.07619254 0.9465475 0.61191505
v 1.22379982 -1.91632509 -1.02529966
v -1.2245872 -1.91632938 -1.02486395
v 0.30264002 -0.91836196 0.41709432
v -0.30264037 -0.91836261 0.41709601
v 0.57748818 0.66752082 -0.3748576
v -0.57748985 0.66751861 -0.37485593
v 0.41732576 0.88514649 0.43353831
v -0.41732567 0.88514494 0.4335424
v 0.05563508 0.64061158 -0.78881102
v -0.05563508 0.64061158 -0.78881102
v 0.462017 -0.28266081 0.83503818
v -0.46201527 -0.28266495 0.83503854
v 0.78250151 -1.4791665 -0.24123564
v -0.78250193 -1.47916817 -0.2412333
v 0.81692725 -1.70396602 -0.00599226
v -0.81692045 -1.70397293 -0.0059837
v 0 -1.07599008 0.64181047
v 0.49315473 0.13075371 0.85470986
v -0.49315369 0.13075062 0.8547098
v 0.71519571 -1.43947839 -0.23648741
v -0.71517455 -1.43946361 -0.23649078
v 0.42546939 0.46458083 -0.71973562
v -0.42546957 0.46458095 -0.71973538
v 0.32576236 -0.46125894 -0.71041172
v -0.32576227 -0.46125903 -0.71041178
v 0.05869014 -1.42617893 0.14059363
v -0.05869741 -1.42617559 0.14059549
v 0.56517285 -0.15212033 -0.44166186
v -0.5651713 -0.15212266 -0.44166404
v 0.34030601 0.17395712 1.03087484
v -0.3403061 0.17395755 1.03087508
v 0.28646701 0.92627096 0.53110683
v -0.28646907 0.92626887 0.53110885
v 0.92206388 -1.59871232 -0.95732307
v -0.92206829 -1.59871518 -0.95732396
v 0.55893862 0.01222404 0.6999998
v -0.55893862 0.01222486 0.69999992
v 0.61366528 -1.30062973 -0.28896161
v -0.61366272 -1.30062902 -0.28895792
v 0.77557921 -1.83984684 0.16445113
v -0.77558332 -1.83984625 0.16444954
v 0.03106789 -1.40185439 0.14244343
v -0.03106086 -1.4018594 0.14244148
v 0.62015533 -1.62506866 -0.00478253
v -0.62015414 -1.62506699 -0.00478327
v 0.42828267 -1.67192101 -1.28687107
v -0.42828163 -1.67192101 -1.28687107
v 0.61664354 -0.01521478 0.52978879
v -0.61664295 -0.01521728 0.52979052
v 1.08688116 -2.40331625 0.23755364
v -1.0868802 -2.40331602 0.23755431
v 0.56025266 -1.59558522 -0.0001078
v -0.56025058 -1.59558749 -0.00010529
v 0.22709322 -0.96900361 0.44300583
v -0.22709262 -0.96900439 0.44300693
v 0.16286714 0.4369758 -0.83565509
v -0.16286714 0.4369758 -0.83565509
v 0.16145418 -0.41803476 -0.7953881
v -0.16145272 -0.41803607 -0.79538881
v 0.16786782 -1.1882044 -0.99261826
v -0.1678695 -1.18820476 -0.9926176
v 0.36555689 -1.3231337 -0.96434533
v -0.36555919 -1.32313215 -0.96434158
v 0.49424684 -0.62492859 0.03238401
v -0.4942477 -0.62492662 0.03238331
v 0.59115165 0.76238888 0.21096321
v -0.59115225 0.76238995 0.21095626
v 0.15345946 -1.02563846 0.29564496
v -0.15345867 -1.02563953 0.29564493
v 0.76183253 0.07627934 0.20124845
v -0.76183265 0.07627932 0.20124846
v 0.20090489 -0.61354243 -0.81137526
v -0.20090696 -0.61354309 -0.8113746
v 0.23871159 -1.74081432 0.2191136
v -0.23871178 -1.74081802 0.21911485
v 0.47097316 -0.71087491 -0.00023556
v -0.47097316 -0.71087551 -0.00023609
v 0.21953879 1.00169241 -0.33463937
v -0.21953888 1.00169253 -0.33463922
v 0.04377724 -2.76251792 0.58564949
v -0.04377726 -2.76251769 0.58564949
v 0.0343867 -1.51268482 0.13144762
v -0.03436895 -1.51268041 0.13144643
v 0.62017059 0.67491054 -0.21744537
v -0.62017113 0.67490786 -0.21744847
v 0.14387121 -1.03457665 0.30987438
v -0.1438712 -1.03457653 0.3098745
v 0.48142933 -0.66005396 0.02278884
v -0.48143017 -0.66005373 0.02278554
v 0.24303169 1.02706086 0.30136817
v -0.24303002 1.0270617 0.30136686
v 0.40598389 -2.3634355 0.46328738
v -0.40599244 -2.36344289 0.46328797
v 0.30393314 -0.82771951 0.20626615
v -0.30393242 -0.82772046 0.20626658
v 0.27431824 -1.34462571 0.15837818
v -0.27431866 -1.34463512 0.15837734
v 0.61862647 0.64723849 -0.27410924
v -0.61862683 0.64723819 -0.27410841
v 1.03687715 -1.81871473 0.03164708
v -1.03687822 -1.81871891 0.03164923
v 0.37122234 -0.4212943 -0.66299647
v -0.37122234 -0.4212943 -0.66299647
v 0.09177447 -0.86608547 0.93469464
v -0.09177314 -0.86608481 0.93469548
v 0.24180483 0.3552691 1.05091285
v -0.24180986 0.35525775 1.05091428
v 0.52994686 -1.01743006 -0.64498776
v -0.52994579 -1.01742661 -0.64498806
v 0.65059572 -0.27300193 0.2148963
v -0.65059572 -0.2730019 0.21489627
v 0.30198282 0.64359623 0.86189866
v -0.3019807 0.64359372 0.86190205
v 0.3987025 -1.81330776 -1.13084936
v -0.39869877 -1.81330823 -1.13084924
v 0.54698026 -0.78260088 -0.50464952
v -0.54698079 -0.78260344 -0.50464928
v 0.43193575 -1.93371594 0.3072364
v -0.43193402 -1.93371522 0.30723655
v 0.53841799 -1.42447805 -0.10429795
v -0.53842282 -1.42447817 -0.10430167
v 0.44267633 -0.872545 -0.01761155
v -0.44267678 -0.87254428 -0.01761253
v 0.68330824 0.14975729 0.17289607
v -0.68330806 0.14975503 0.17289759
v 0.31380182 -1.80714976 -1.14338135
v -0.31379976 -1.8071506 -1.14338064
v 0.73709023 -1.65753936 -1.17265999
v -0.73708897 -1.65753853 -1.17265999
v 1.28216385 -1.67532873 -0.48702341
v -1.28216755 -1.67532956 -0.48702833
v 1.19197869 -1.84456992 -1.02316105
v -1.19197785 -1.84456968 -1.02316141
v 0.56352156 -0.81377595 -0.38624519
v -0.56352204 -0.81377977 -0.38624316
v 0.69767284 -0.13455584 0.14200441
v -0.69767272 -0.13455596 0.14200455
v 1.29775309 -1.69269895 -0.43840378
v -1.29775166 -1.69269871 -0.43840238
v 0.63184064 -1.88086938 -1.06230294
v -0.63184267 -1.88087034 -1.06230211
v 0.44080498 -3.12158107 0.46486538
v -0.44080549 -3.12158155 0.46486464
v 0.41048699 -0.03081065 0.88571858
v -0.41048699 -0.03081068 0.88571858
v 0.76645445 -2.52400207 0.38137662
v -0.76645475 -2.52400207 0.3813765
v 0.68029087 -0.12664541 0.2132238
v -0.68029093 -0.12664488 0.21322383
v 0 -0.18940004 1.12657296
v 0.32136943 0.39720934 1.00104987
v -0.32137152 0.39720514 1.00105047
v 0.40314808 -0.0020648 0.90244156
v -0.40314814 -0.00206489 0.9024415
v 0.27103403 0.86505895 -0.54440277
v -0.27103439 0.86505913 -0.54440224
v 0.55820399 -3.04530429 0.27700468
v -0.55807972 -3.04514312 0.2768158
v 0.59968596 -2.55792975 0.44988223
v -0.59968543 -2.55792832 0.44988223
v 1.25894677 -1.70791721 -0.84486651
v -1.25894522 -1.70791649 -0.84486675
v 0.11189867 -0.73769605 -0.86578971
v -0.1118991 -0.7376967 -0.86578983
v 0.04742797 0.70253288 -0.75757676
v -0.04742797 0.70253288 -0.75757676
v 0.1150178 -1.04716527 0.54487335
v -0.11502169 -1.04716408 0.5448721
v 0.20175206 -1.04179084 0.77727973
v -0.20175221 -1.0417906 0.77728015
v 0.44491294 0.12472957 0.91073548
v -0.44491329 0.12472766 0.91073387
v 0.29359576 -0.67149579 -0.77860319
v -0.29359576 -0.67149651 -0.77860337
v 0.05494066 -1.06356191 0.57878917
v -0.05494022 -1.06356203 0.57878887
v 0.12779733 -0.97393536 -0.93869251
v -0.12779741 -0.97393566 -0.93869257
v 0.52220618 -2.66213131 0.49266836
v -0.5222032 -2.6621294 0.49266922
v 0.56013369 -0.46675297 -0.03023954
v -0.56013584 -0.46674817 -0.0302407
v 0.73138427 -0.17654772 0.04450038
v -0.73138457 -0.17654682 0.04450044
v 0.05628622 -1.28579664 0.18405425
v -0.05628261 -1.28579485 0.18405525
v 0.29286268 -1.72408878 0.19650536
v -0.29286047 -1.72408652 0.19650545
v 0.585657 -0.4063304 -0.06846742
v -0.5856558 -0.40633308 -0.06846801
v 0.41527536 0.81130093 0.57424545
v -0.41527727 0.81130272 0.57423991
v 0.69937592 -0.41934177 0.09539207
v -0.69937634 -0.41934084 0.09539093
v 0.0732127 -0.06800352 -0.822205
v -0.07321309 -0.06800342 -0.822205
v 0.65654838 0.37693476 -0.30336225
v -0.65654599 0.37693357 -0.30337461
v 0.14838272 -1.47265195 0.16052874
v -0.14838872 -1.47265362 0.16053029
v 0.04137315 0.97176331 -0.47664961
v -0.04137315 0.97176331 -0.47664961
v 0.10846128 -0.29270467 1.09495949
v -0.10846128 -0.29270494 1.09495985
v 0.03122599 0.81229734 -0.67862135
v -0.03122599 0.81229734 -0.67862135
v 0.66886979 -1.89538991 0.22752119
v -0.6688627 -1.89539229 0.22752444
v 0.22412549 0.26687479 -0.84339743
v -0.22412549 0.26687479 -0.84339743
v 0.14037528 -1.50738203 0.15986447
v -0.14038188 -1.50738894 0.15986682
v 0.68391114 -0.14783646 0.28886807
v -0.68391084 -0.14783705 0.28886807
v 0.44809708 -1.51522493 -1.16123998
v -0.44809174 -1.51522898 -1.16124546
v 0.08892493 -1.5230503 0.14391636
v -0.08891733 -1.52305793 0.14391605
v 0.68473559 0.4849711 -0.02194525
v -0.68473583 0.48497125 -0.02194066
v 0.06039593 -0.39938712 1.19502735
v -0.06039586 -0.39938715 1.19502747
v 0.33040159 -1.36797499 -1.04164779
v -0.33040151 -1.36797523 -1.04164803
v 0.40203484 -1.70257556 0.14902241
v -0.40203174 -1.70257723 0.14902412
v 0.14890478 0.80370271 -0.66707378
v -0.14890478 0.80370271 -0.66707378
v 0.62769866 -0.32915261 0.31933495
v -0.62769812 -0.32915318 0.31933641
v 0.59217953 0.38437384 -0.52155792
v -0.59218013 0.38437089 -0.52155721
v 0.55576485 -0.48533082 -0.19946317
v -0.55576366 -0.48533698 -0.1994653
v 0.53830611 -1.36051952 -0.88184559
v -0.5382986 -1.36051499 -0.88184493
v 0.02836091 -0.90041035 0.9459812
v -0.02836097 -0.90041053 0.94598114
v 1.04764843 -1.74562811 -1.04500091
v -1.04764723 -1.7456274 -1.04500114
v 0.63394105 0.08206446 -0.37328246
v -0.63394099 0.08206116 -0.37328064
v 0.63212102 0.33912912 0.4347904
v -0.63212102 0.33912357 0.43479317
v 0.10800971 -1.09234595 0.26373276
v -0.10800981 -1.09234595 0.2637327
v 0.18894971 -0.69498264 0.95674496
v -0.18894989 -0.69498264 0.95674479
v 0.50504648 -0.82164841 -0.15928341
v -0.5050463 -0.82164806 -0.1592828
v 0.77716934 0.0257285 0.20605881
v -0.77716934 0.02572843 0.20605863
v 0.6270461 0.24682469 0.48748725
v -0.62704581 0.24683584 0.48748469
v 0.63179463 0.23021671 -0.42466783
v -0.63179439 0.23021578 -0.42466867
v 0.9592086 -2.87227439 0.11399319
v -0.9592027 -2.87228322 0.11398915
v 0.03825942 -0.01061828 -0.84594243
v -0.03825927 -0.01061804 -0.84594255
v 0.02259391 -0.28283971 1.18780148
v -0.02259403 -0.28283968 1.18780136
v 0.78780782 -1.45262658 -0.73295182
v -0.78781211 -1.45262694 -0.73294258
v 0.48691955 -1.82478535 -1.11600625
v -0.48692286 -1.82478439 -1.1160072
v 0.44229614 -1.12040984 -0.08229946
v -0.44228908 -1.12039887 -0.08228886
v 0.10106321 -0.74433165 1.01994109
v -0.1010625 -0.74433171 1.01994156
v 0.67740076 -0.17796213 0.23398336
v -0.67740076 -0.17796173 0.23398323
v 0.44882139 -1.9057281 0.29479461
v -0.44881904 -1.90572762 0.29479485
v 0.11253669 0.0300941 0.98619395
v -0.11253672 0.03009401 0.98619377
v 0.44669991 -1.33653116 -0.9242044
v -0.44669932 -1.33653199 -0.92420643
v 0.42299974 0.15501023 -0.74618387
v -0.42299938 0.15501062 -0.74618423
v 0.14237414 -1.35806477 -1.10723388
v -0.14237444 -1.35806274 -1.10723209
v 0.548648 0.05069104 0.73008495
v -0.54864704 0.05069207 0.73008745
v 0.39968687 -0.73159468 0.65412598
v -0.39968854 -0.73158574 0.65412849
v 0.67358917 -0.19254349 0.20867306
v -0.67358928 -0.19254355 0.20867428
v 0.07993279 -1.34127688 0.16461236
v -0.07992849 -1.34127807 0.16461168
v 0.10723967 -0.05712934 0.95774877
v -0.10723952 -0.05712943 0.95774889
v 0.14210414 -1.03823924 0.86367821
v -0.1421041 -1.03823924 0.86367821
v 0.31000816 -3.0201931 0.57585185
v -0.31000816 -3.0201931 0.57585185
v 0.14951746 1.04753208 -0.25317448
v -0.14951707 1.0475322 -0.2531743
v 0.61673033 -1.21024489 -0.3513861
v -0.61673003 -1.21024584 -0.35138496
v 0.11227363 -0.5015282 1.0428189
v -0.11227363 -0.5015282 1.0428189
v 0.51114302 -0.69409859 0.18021926
v -0.51114338 -0.69409811 0.18021902
v 0.1162412 -0.00751883 0.95876348
v -0.11624106 -0.00751878 0.95876354
v 0.53613764 -0.52815634 -0.38792759
v -0.53613752 -0.52815628 -0.38792794
v 0.62367141 -1.19030833 -0.38746094
v -0.62367028 -1.19030582 -0.38745787
v 0.60040897 -0.43657323 0.33216026
v -0.60040646 -0.43657046 0.33217379
v 0.47036948 -0.69658082 0.15345203
v -0.47036987 -0.69658124 0.15345285
v 0.03301578 -1.16479587 0.24276898
v -0.03301549 -1.16479575 0.24276919
v 0.54592967 -0.49762529 0.06034528
v -0.54592931 -0.49762541 0.06034385
v 0.07383707 -1.26042425 -1.055884
v -0.0738386 -1.26042461 -1.05588388
v 0.65741801 0.51383823 -0.23572698
v -0.65741854 0.51383012 -0.23573015
v 0 -2.02809333 -0.93568521
v 0.59704297 -0.56031125 0.20044155
v -0.59704327 -0.56031048 0.20044083
v 1.25467371 -1.67665886 -0.77062869
v -1.25467658 -1.67666018 -0.77062863
v 0.5324437 -0.55247658 -0.04330273
v -0.53244221 -0.55248081 -0.04330226
v 0.3305031 1.01820576 -0.04661539
v -0.33050885 1.0182029 -0.04661221
v 0.07389654 -0.83670431 0.95584368
v -0.07389715 -0.83670288 0.95584434
v 0.86341154 -1.48600304 -0.62242949
v -0.86341315 -1.48600482 -0.62243586
v 0.42730134 -0.01294649 -0.68615454
v -0.42730227 -0.01294696 -0.68615353
v 1.39472377 -1.74961483 -0.74389928
v -1.39472425 -1.749614 -0.74389576
v 0.60056698 -0.25841799 0.19353702
v -0.60056674 -0.25841796 0.19353705
v 0.47534245 0.80684804 -0.39589449
v -0.47534349 0.80684781 -0.39589312
v 0.62685716 -1.29973685 -0.65432381
v -0.62685608 -1.29973757 -0.65432691
v 0.13920623 -3.03110361 0.60514694
v -0.13920639 -3.03110384 0.60514688
v 0.06159072 1.09218227 0.15265983
v -0.06159072 1.09218227 0.15265983
v 0.52139526 -0.47353777 0.5913608
v -0.5213952 -0.47353729 0.59136134
v 0.2977831 0.04854163 0.96444922
v -0.29778331 0.04854146 0.96444916
v 0.21422387 -1.56234061 0.17455445
v -0.21422341 -1.56233716 0.17455387
v 0.66489625 -1.68585169 0.02832911
v -0.66490995 -1.68585348 0.02832552
v 0.48625299 -0.61079096 0.55244255
v -0.48625287 -0.61078536 0.55244875
v 0.19059583 -2.99005889 0.60716468
v -0.19059577 -2.99005889 0.60716468
v 0.10375849 -1.06952059 0.66522306
v -0.10376205 -1.0695213 0.66523116
v 1.2639414 -2.10645365 -0.16067783
v -1.26394653 -2.10643887 -0.16068248
v 0.51983434 -1.79085838 0.17554043
v -0.51983273 -1.79085922 0.17554178
v 0 0.64625948 0.94918513
v 0.44960895 -2.09272933 -0.85358065
v -0.44960975 -2.09273052 -0.8535794
v 0.73650807 -2.76925134 0.39449247
v -0.73650801 -2.76925134 0.3944925
v 0.09034413 -1.08506453 0.74410402
v -0.09034247 -1.08506465 0.74410325
v 0.24915026 0.46719738 -0.80981463
v -0.24915026 0.46719738 -0.80981463
v 0.21546509 -1.93106341 0.31599652
v -0.21545273 -1.9310702 0.31599906
v 0.02837806 -0.89531409 -0.93012535
v -0.02837806 -0.89531409 -0.93012535
v 0.6354745 0.64282542 0.20818857
v -0.63547396 0.64282614 0.2081903
v 1.31919646 -1.95778489 -0.2960596
v -1.31922912 -1.95769512 -0.29606962
v 0.81700468 0.00888612 0.0250498
v -0.81700509 0.00888451 0.02504862
v 0.63364076 -0.14982195 0.35828575
v -0.63364058 -0.14982278 0.3582867
v 0.10453379 -2.13309454 0.38163349
v -0.1045497 -2.13309645 0.38163557
v 0.53886413 -1.19979608 -0.71087795
v -0.53886294 -1.19979381 -0.71087825
v 0.11781229 -0.32858243 -0.79728609
v -0.11781495 -0.32858043 -0.79728525
v 0.24286744 0.73883146 -0.68646442
v -0.24286755 0.73883241 -0.68646359
v 0.5255801 -1.51950693 -0.03135062
v -0.52557259 -1.51951086 -0.03134369
v 0.62600976 -0.24055576 0.36657869
v -0.62600964 -0.24055814 0.36657813
v 0.18322213 0.17948843 1.09965694
v -0.18322312 0.17948889 1.09965658
v 0.50458729 -0.65893697 -0.10577949
v -0.50458765 -0.65893632 -0.10578037
v 0.79712992 0.06107851 0.08053012
v -0.79713046 0.0610779 0.08052945
v 0.78849208 -0.04581273 -0.02029335
v -0.78849172 -0.045813 -0.02029341
v 0.4286848 -1.23319637 -0.05038275
v -0.42868593 -1.23319125 -0.05038528
v 0.0525108 -0.09037311 1.04601824
v -0.05251061 -0.09037396 1.04601883
v 0.4995273 -1.20382666 -0.75704503
v -0.49952504 -1.20382511 -0.7570467
v 0.73253876 -0.02810937 0.27692145
v -0.73253887 -0.02810905 0.27692151
v 0.54492968 0.85575199 0.0591385
v -0.54492861 0.8557533 0.05913145
v 0.30241218 -2.01026296 0.34009334
v -0.30241587 -2.01025891 0.34009185
v 0.69485157 0.23071701 -0.07353359
v -0.69485187 0.23071813 -0.07353207
v 0.15249478 -0.23056201 0.99274981
v -0.15249565 -0.23056265 0.99274945
v 0.3470973 -0.17571224 -0.69988244
v -0.34709721 -0.17571292 -0.69988238
v 0.40303292 0.51821619 0.86987775
v -0.40303251 0.51822072 0.86987489
v 0.47584572 -0.69650769 -0.61574685
v -0.47584572 -0.69650769 -0.61574685
v 0.43879491 -0.69555401 0.59646666
v -0.43879503 -0.69555783 0.59646356
v 0.1840423 -0.02939873 0.9394893
v -0.18404252 -0.02939889 0.93948924
v 0.1962666 0.59715139 -0.78418833
v -0.1962666 0.59715139 -0.78418833
v 0.66457265 -0.2848007 0.12321181
v -0.66457265 -0.28480067 0.12321183
v 0.02610628 -1.73199534 0.17784388
v -0.02614169 -1.73199534 0.1778448
v 0.65206879 -1.82221126 -1.12222743
v -0.65206277 -1.82220983 -1.12222862
v 0.16281387 -0.03261861 0.93646991
v -0.16281384 -0.03261858 0.93646991
v 0.23213772 -0.22620828 -0.75574272
v -0.23213787 -0.22620867 -0.75574266
v 0.02453727 -0.39450156 1.21641469
v -0.02453739 -0.3945015 1.21641469
v 0.65325081 0.04068737 -0.25601702
v -0.65325093 0.04068701 -0.25601625
v 0.54331857 -0.51627171 0.08075597
v -0.54331821 -0.5162729 0.08075597
v 0.78916937 0.07480943 0.15766434
v -0.78916925 0.07480946 0.15766443
v 0.1931843 -0.04490125 0.92695754
v -0.1931843 -0.04490125 0.92695754
v 0.05576641 -1.45199799 -1.19047701
v -0.05576488 -1.4519943 -1.19047462
v 0.09763177 -0.91373103 0.92079591
v -0.09763058 -0.91373086 0.92079645
v 0.17967411 -1.0127666 0.49046558
v -0.17967194 -1.01276814 0.49046671
v 0.71660691 0.00362185 0.04602194
v -0.71660691 0.00362147 0.04602166
v 0.04847234 0.39319029 -0.85409843
v -0.04847234 0.39319029 -0.85409843
v 0.55749094 -0.490013 0.08176011
v -0.55749017 -0.49001357 0.08175915
v 0.36235287 0.50036096 0.91839361
v -0.3623569 0.50036031 0.91839075
v 0 -3.06637406 0.30479958
v 0.61732423 0.74439919 0.05089235
v -0.61732423 0.74439889 0.05089786
v 0.7197839 0.04338051 0.08304232
v -0.71978414 0.04338059 0.08304241
v 0 -2.73176026 0.57825785
v 0.41832453 -3.17090964 0.42649629
v -0.41831687 -3.17091202 0.42649921
v 0.5993008 -1.07575202 -0.5279386
v -0.59930062 -1.07574737 -0.52793598
v 0.54420262 -0.53678721 -0.18099382
v -0.54420346 -0.53678417 -0.18099451
v 0.14860668 0.13201735 1.09448325
v -0.14860718 0.13201782 1.09448337
v 0.51951503 -3.06124544 0.45574176
v -0.51951754 -3.06124496 0.45574027
v 0.27559948 0.86634725 0.64497983
v -0.27560421 0.86634969 0.6449722
v 0.07278465 -0.73444092 1.03936696
v -0.07278517 -0.73444134 1.0393666
v 0.60939008 -0.130304 0.52010428
v -0.60939055 -0.13030593 0.52010148
v 0.56126886 0.49555739 -0.54434883
v -0.56126791 0.4955585 -0.54434984
v 0.43113604 -1.03750717 -0.76852351
v -0.43113634 -1.03750824 -0.76852351
v 0.892497 -1.73671746 -1.1358143
v -0.89250439 -1.73671531 -1.13580834
v 0.68075841 -0.24608814 -0.00822192
v -0.68075817 -0.2460889 -0.00822173
v 0.28096544 -1.34965515 -1.04472482
v -0.28095805 -1.34965312 -1.04472601
v 0.07202438 -0.49968504 1.05702757
v -0.07202442 -0.49968519 1.05702745
v 0.68474435 -0.05730665 0.29915452
v -0.68474441 -0.05730597 0.2991544
v 0.76994508 -0.23766224 -0.00723569
v -0.76994496 -0.23766326 -0.00723643
v 0 -0.9475193 0.94766122
v 0.03996176 -1.40489924 -1.15937733
v -0.0399632 -1.40489852 -1.15937674
v 0.05755066 -0.47885558 1.07299315
v -0.05755068 -0.47885561 1.07299315
v 0.28483295 -1.4732387 0.14545333
v -0.28483328 -1.47323989 0.14545309
v 0.5798462 -0.54056304 0.13827611
v -0.57984554 -0.54056465 0.1382759
v 0.10181972 -1.66740918 -1.31512975
v -0.1018227 -1.66740906 -1.31512975
v 0.80074691 -1.59238195 -1.06891465
v -0.80075579 -1.592386 -1.06891357
v 0.13002689 -0.78548401 0.96338468
v -0.1300269 -0.78548425 0.96338456
v 0.85765832 -2.75305342 0.32090559
v -0.85765826 -2.75305342 0.32090562
v 0.4412786 0.03667352 0.86511498
v -0.44127869 0.03667318 0.86511474
v 0.6501128 -0.32589379 0.20731902
v -0.65011304 -0.32589402 0.20731855
v 0.53711521 0.18048618 0.79485523
v -0.53711444 0.18048647 0.7948569
v 0.75994145 0.01629408 0.0303604
v -0.75994175 0.01629572 0.03036143
v 0.45091697 0.05453665 0.86184746
v -0.45091766 0.0545368 0.8618468
v 0 0.40170201 1.07684934
v 0.68668568 -0.17448249 0.16047051
v -0.68668586 -0.17448188 0.16047135
v 0.71863889 -2.03946852 0.28096965
v -0.71861684 -2.03947258 0.28097772
v 0.77646172 -1.56317603 -1.0448687
v -0.77645868 -1.56317496 -1.04486942
v 0.11532183 0.0699106 1.05100262
v -0.11532188 0.06991045 1.05100238
v 0.32443234 -1.61373555 0.14726473
v -0.32443305 -1.61373603 0.14726455
v 0.69164615 -0.16779625 0.16186884
v -0.69164621 -0.16779625 0.16186893
v 0.4332484 -0.18365594 0.88007992
v -0.4332486 -0.18365742 0.8800798
v 1.16845798 -1.96672964 0.04788391
v -1.16845595 -1.9667294 0.04788482
v 0.72579693 -0.20180572 0.03441598
v -0.72579675 -0.20180647 0.03441593
v 0.55313628 0.16440445 0.74957889
v -0.55313456 0.16440725 0.74958437
v 0.66752994 0.50068497 -0.17595519
v -0.66753065 0.50068885 -0.1759454
v 0.67732971 -2.34330296 0.39071264
v -0.67732137 -2.34330606 0.39071589
v 0.41476473 0.20544588 -0.75778466
v -0.41476455 0.20544599 -0.75778478
v 0.44739037 0.93286305 0.19232696
v -0.44738575 0.93286716 0.19232389
v 0.05250467 0.14942714 1.09604847
v -0.05250312 0.14942754 1.09604835
v 0.30907595 -1.04062092 -0.86734074
v -0.30907449 -1.04062187 -0.86734199
v 0.63538348 -0.36212071 0.25973925
v -0.63538324 -0.36212143 0.25973936
v 0.55479192 -0.66584235 0.23166051
v -0.55479168 -0.66584307 0.23166266
v 0.25609076 -1.23735308 0.17280173
v -0.25609093 -1.23735272 0.17280171
v 0.46885639 -0.81507146 0.4353958
v -0.46885705 -0.81507074 0.43539434
v 0.30548197 -0.81085073 0.78802108
v -0.30548214 -0.81085073 0.78802079
v 0.05410675 0.17981191 1.09850454
v -0.05410359 0.17981243 1.09850442
v 0.15327353 -0.05913678 0.93411052
v -0.15327353 -0.05913677 0.93411052
v 0 0.99092435 -0.44265449
v 0.56037813 0.65977442 -0.42428228
v -0.56037777 0.65977412 -0.42428332
v 0.28921863 -0.85113328 0.79066687
v -0.2892186 -0.85113239 0.79066741
v 0.48563665 -0.79886341 0.35875365
v -0.48563686 -0.79886299 0.35875296
v 0.96653801 -1.81054031 -1.12396729
v -0.96653991 -1.81054031 -1.12396621
v 1.11471164 -1.64527761 -0.86028361
v -1.11470949 -1.64527678 -0.86028367
v 0.04755029 -0.81228411 0.97774803
v -0.04755105 -0.81228405 0.97774791
v 0.67279988 -0.26198318 0.25210663
v -0.67279982 -0.26198321 0.25210675
v 0.5403316 -0.07427622 0.73226529
v -0.54033231 -0.07427853 0.73226463
v 0.58040183 0.77003949 0.24466674
v -0.58040142 0.77003997 0.24466726
v 0.19241762 0.52166813 0.99940127
v -0.19240984 0.52166855 0.99940395
v 0.3543843 -1.36043679 0.0756146
v -0.35438326 -1.36043763 0.07561586
v 0.14865113 0.80627763 0.79098349
v -0.14864982 0.80627679 0.7909848
v 0.86588168 -1.48323237 -0.51824677
v -0.86587983 -1.48323106 -0.51825672
v 0.51904791 -0.1038475 0.76751709
v -0.51904732 -0.10384738 0.76751774
v 0.12358802 -0.45322951 1.07871985
v -0.12358802 -0.45322951 1.07871985
v 0.13594912 -1.17312622 0.2081177
v -0.13594685 -1.17312717 0.20811796
v 0.36440044 -1.17888855 0.07067626
v -0.36440068 -1.17888808 0.07067592
v 0.28266355 -0.16629302 0.94458472
v -0.28266298 -0.16629289 0.9445849
v 0.19197008 -0.0655461 0.93430692
v -0.19197006 -0.06554606 0.93430692
v 0.23989591 0.60510474 -0.76756733
v -0.23989571 0.60510516 -0.76756721
v 1.05235397 -1.6390922 -0.27516657
v -1.05233275 -1.63908612 -0.27515459
v 0.61094081 -1.26032912 -0.63864654
v -0.61094433 -1.26032888 -0.63863879
v 0.61236769 -0.22162051 -0.26472789
v -0.61236733 -0.22161875 -0.26473096
v 0.13726767 -0.6684795 -0.84280335
v -0.13726818 -0.66847759 -0.84280276
v 0.39137885 -0.0267055 -0.71026527
v -0.39137956 -0.02670351 -0.71026551
v 0.14818809 -0.45771899 1.02792441
v -0.14818787 -0.4577195 1.02792441
v 0.42373451 0.81913572 -0.45710399
v -0.42373284 0.81913656 -0.45710501
v 0.61876261 -0.26006573 0.21739409
v -0.61876273 -0.26006573 0.21739403
v 0.48556709 -2.09614658 0.35929575
v -0.48556697 -2.09615087 0.35929757
v 0.74598926 -0.01536545 0.25171482
v -0.74598902 -0.01536567 0.25171479
v 0.63862723 -0.39945656 0.07112564
v -0.63862776 -0.39945679 0.07112595
v 0.20665022 -1.0160259 -0.92175126
v -0.20664942 -1.01602399 -0.92175108
v 0.6425091 -0.23803143 0.23383259
v -0.64250892 -0.23803149 0.23383255
v 0.13935113 0.97371166 -0.44704911
v -0.13935102 0.97371184 -0.44704881
v 1.30125987 -1.68513298 -0.71012121
v -1.30126512 -1.68513548 -0.7101199
v 0.96241366 -1.95023334 0.13392446
v -0.96242004 -1.95023202 0.13392058
v 1.31150472 -1.72814452 -0.82422894
v -1.31150472 -1.728145 -0.82423013
v 0.35712695 0.91227984 0.46971771
v -0.35713267 0.91227948 0.46970972
v 0.32252395 0.24623018 -0.81129461
v -0.32252386 0.24623011 -0.81129467
v 0.12374976 0.64264148 -0.77970159
v -0.12374976 0.64264148 -0.77970159
v 0.07470989 0.02380707 1.0286287
v -0.07470988 0.02380708 1.0286287
v 0.14787492 -2.64778757 0.569049
v -0.14787299 -2.64778828 0.56904923
v 1.36046993 -1.71625053 -0.48179173
v -1.36046731 -1.71624958 -0.48178824
v 0.61906111 -0.26824307 0.17996682
v -0.61906111 -0.26824307 0.17996679
v 0.70905023 -0.24694755 -0.02943486
v -0.70905029 -0.24694816 -0.02943485
v 0.14932461 -1.93317306 -1.03055405
v -0.14932742 -1.93317461 -1.03055203
v 0.23929305 0.36353904 -0.83078926
v -0.23929303 0.36353901 -0.83078926
v 0.58111459 -1.30251658 -0.23618486
v -0.58111584 -1.30251586 -0.23618733
v 0 -1.09786438 0.79228651
v 0 -2.78719115 -0.03107625
v 0.64661926 0.65898072 0.0884469
v -0.64661967 0.65897846 0.08844915
v 0.70398157 -0.27572268 0.05987907
v -0.70398145 -0.27572327 0.05987925
v 0 0.12775817 1.09117066
v 0.04412083 1.09896326 -0.01373641
v -0.04412078 1.09896326 -0.01373618
v 0.3340258 -2.72372365 -0.10688925
v -0.32278767 -2.72210884 -0.10881938
v 0.48634839 -2.3347435 0.44135385
v -0.48634028 -2.33476114 0.44136005
v 0.15223071 -2.44867682 0.51586443
v -0.15222169 -2.44868564 0.51586741
v 0.78714847 -1.60972309 -1.09927082
v -0.78714186 -1.60972225 -1.09927439
v 0.66437399 -0.18653909 0.28378501
v -0.66437411 -0.18653938 0.2837848
v 0.15339206 1.00513243 -0.37238168
v -0.15339206 1.00513243 -0.37238168
v 0.09065824 -0.7212165 1.03440845
v -0.09065876 -0.72121667 1.03440821
v 0.68522316 -1.33729195 -0.40600895
v -0.68522286 -1.33729064 -0.40601298
v 0.65500569 0.42100662 0.30541077
v -0.65500593 0.4210059 0.30540978
v 0.17839071 -2.50435972 0.53068852
v -0.17838637 -2.50435733 0.53068822
v 0.65002059 -0.12958061 0.31331184
v -0.65002101 -0.12957707 0.31331244
v 0.60151207 0.5301364 -0.43873387
v -0.60151213 0.53013539 -0.43873441
v 0.33527851 0.99377286 -0.19622466
v -0.33528247 0.99377131 -0.1962222
v 0.20309026 -0.08992978 -0.78875005
v -0.20308964 -0.08993037 -0.78875011
v 0.62821131 0.52130609 0.35104903
v -0.62821257 0.52129226 0.35105365
v 0.31148198 -1.51528275 0.13163611
v -0.31148093 -1.51528251 0.13163682
v 0.50745803 0.88858664 -0.07205911
v -0.50745677 0.88858771 -0.07205934
v 0.19594451 -0.86211556 0.8810088
v -0.19594639 -0.86211878 0.88100606
v 0.61123991 0.54628884 -0.39951476
v -0.61124068 0.54629266 -0.39950951
v 0.64388203 -1.24964225 -0.43410104
v -0.64388239 -1.24964451 -0.43409749
v 0.31026715 -0.84908932 0.30634006
v -0.31026744 -0.84908908 0.3063398
v 0.51552379 -1.45123195 -0.06868897
v -0.51552796 -1.45123255 -0.06869147
v 0.49622514 -0.67152065 -0.06392692
v -0.49622556 -0.6715188 -0.06392668
v 0.02589662 -1.02530133 0.92892444
v -0.02589643 -1.02530121 0.9289245
v 0.73662662 0.06211695 0.23843163
v -0.73662674 0.06211699 0.23843163
v 1.22787833 -2.0917716 0.07369487
v -1.22787666 -2.09177064 0.07369538
v 1.15580582 -1.62341594 -0.69167792
v -1.15580582 -1.62341594 -0.69167792
v 0.71719771 -1.80998337 0.14575628
v -0.71719926 -1.80998206 0.14575403
v 0.26275706 -0.99761062 0.74158006
v -0.26275491 -0.99761223 0.74158239
v 0.57190662 0.41668039 -0.5559076
v -0.5719068 0.41668045 -0.55590736
v 0.74525272 -0.01507043 0.14358599
v -0.74525272 -0.01507039 0.14358599
v 0.03700288 -2.88523101 0.6047635
v -0.03700273 -2.8852303 0.60476344
v 0.69845747 -1.48423814 -0.95926481
v -0.69846409 -1.48423802 -0.95925647
v 0.5049721 0.76326578 -0.40766602
v -0.50497376 0.76326501 -0.40766394
v 0.61586761 -0.46583306 0.16413977
v -0.61586755 -0.46583315 0.16413922
v 0.63368707 -1.48159539 -0.12482075
v -0.63369417 -1.48159873 -0.12482249
v 0.02877592 -2.84027695 0.59811908
v -0.02877617 -2.84027671 0.59811902
v 0.15833702 0.95926964 0.55610555
v -0.15833522 0.95926982 0.55610615
v 0.56758141 0.81307584 0.1737108
v -0.56758189 0.81307488 0.17371106
v 0.71686917 -0.35423806 0.07410715
v -0.71686917 -0.35423725 0.07410646
v 0.48257935 -3.1183567 0.43755164
v -0.48257482 -3.11835646 0.43755507
v 0.59420442 0.14027188 -0.51480627
v -0.59420448 0.14027257 -0.51480639
v 0.65423309 0.21924039 -0.3310984
v -0.65423375 0.2192315 -0.33109489
v 0.32174754 0.4851486 0.95624649
v -0.32174712 0.48514938 0.95624619
v 0.18772517 -3.22353911 0.48897028
v -0.18772926 -3.22353863 0.48896944
v 0.88803678 -2.66720986 0.32159617
v -0.88803958 -2.66720867 0.32159468
v 1.18035042 -1.70973694 -0.92445033
v -1.18034803 -1.70973587 -0.92445075
v 1.11697197 -1.66804957 -0.91013789
v -1.11697197 -1.66804957 -0.91013789
v 0.27824702 0.47802531 0.98538082
v -0.27824959 0.47802317 0.98538053
v 0.35972908 0.13587993 -0.78723806
v -0.35972964 0.13588044 -0.78723776
v 0.05098772 -1.47431647 0.13338461
v -0.0509819 -1.47431635 0.13338387
v 0.22376206 0.05139377 0.97100198
v -0.22376215 0.05139388 0.97100204
v 0.35116717 0.85045594 -0.49786594
v -0.35116681 0.85045617 -0.49786603
v 0.64410901 -0.33156198 0.03562868
v -0.64410907 -0.33156207 0.03562875
v 0.36606183 -3.16855478 0.46652093
v -0.36606037 -3.16855311 0.46652373
v 0.40431341 -0.89680445 0.05711376
v -0.40431377 -0.89680218 0.05711366
v 0.05421371 0.74571901 0.8731935
v -0.0542138 0.74572116 0.87319177
v 0.45451539 0.33556667 0.9157409
v -0.45451501 0.3355669 0.91574126
v 0.09592232 0.45386973 1.05631363
v -0.09592498 0.45386824 1.05631387
v 0.17652088 -0.41988328 0.99277716
v -0.17652094 -0.4198831 0.9927771
v 0.73924821 -0.08490027 0.06663791
v -0.73924821 -0.0849003 0.06663793
v 0.49141505 0.25154417 -0.6917361
v -0.4914149 0.25154385 -0.69173622
v 0.37267044 -2.03498172 0.34369397
v -0.37268051 -2.03497648 0.3436914
v 0.56454891 0.8202486 -0.09298653
v -0.56454771 0.82025003 -0.09298688
v 0.48834458 -0.9969291 -0.14474183
v -0.48834353 -0.99692934 -0.1447402
v 0.21236859 1.05934536 0.17805062
v -0.21237184 1.05934453 0.17804813
v 0.56742376 -0.13009858 0.68765854
v -0.56742262 -0.13010105 0.68766152
v 0.48421075 -0.71756219 0.47434091
v -0.48421013 -0.71756231 0.47434246
v 0.08520341 -1.6309427 0.16140373
v -0.08519452 -1.63093841 0.16140073
v 0.5977143 -1.24406218 -0.29240837
v -0.59770745 -1.24406075 -0.29239633
v 0.32655313 -0.78259205 0.7710728
v -0.32655373 -0.78259241 0.77107155
v 0.55505865 -0.15914152 0.71921306
v -0.55505621 -0.15914581 0.71921885
v 0.33102253 0.3961023 -0.79311019
v -0.33102253 0.3961023 -0.79311019
v 0.52776062 -0.5873993 0.44572281
v -0.5277633 -0.5874027 0.44571071
v 0.36861774 0.92272406 -0.35091853
v -0.36861783 0.92272412 -0.3509182
v 0.59272921 -0.01582195 0.6081171
v -0.59272968 -0.01582199 0.60811591
v 0.27128991 0.23410159 1.06540966
v -0.27130183 0.23410804 1.06540453
v 0.03378772 -1.85452604 0.23853057
v -0.03378498 -1.85452246 0.23852799
v 0.32970646 0.75816023 0.73882406
v -0.32970812 0.75816112 0.7388215
v 0.57127022 0.725281 -0.31427949
v -0.57127046 0.72528374 -0.31427475
v 0.90038478 -1.98099923 -0.98171657
v -0.90039217 -1.9810009 -0.98171538
v 0.40258383 -0.32979729 -0.62664741
v -0.40258383 -0.32979729 -0.62664741
v 0.55369699 -2.8194766 0.49077877
v -0.55370014 -2.81947541 0.49077725
v 0.31414023 -3.1108253 0.53920596
v -0.31414029 -3.1108253 0.53920602
v 0.45496031 0.88950747 -0.26835936
v -0.45496299 0.88950479 -0.26836028
v 0.04155415 -2.34866476 0.47579261
v -0.04156153 -2.34865832 0.47579047
v 1.11756527 -2.37988543 0.21411214
v -1.11756479 -2.37988615 0.21411249
v 0.56669282 -2.9429214 0.47391888
v -0.56669265 -2.9429214 0.473919
v 0.25338852 -0.60275214 0.94199919
v -0.25338918 -0.60275232 0.9419986
v 0.57859802 -2.09504818 -0.85105115
v -0.57859927 -2.09504914 -0.85105031
v 0.86939954 -2.24620747 0.30736014
v -0.86940401 -2.24620723 0.30735862
v 0.2601574 -1.85276126 0.27152195
v -0.26015716 -1.85276365 0.27152377
v 0.5394274 -1.10641849 -0.22068136
v -0.53942668 -1.10641789 -0.22068049
v 0.57718443 -2.88514113 0.47664642
v -0.57718473 -2.88514089 0.47664627
v 0.87439954 -1.90433383 0.15649017
v -0.8743968 -1.90433168 0.15649059
v 0.71235925 0.0601892 0.19537441
v -0.7123593 0.06018922 0.19537603
v 0 1.07656872 0.2750034
v 1.03043627 -2.50036644 0.26818847
v -1.03044056 -2.50036573 0.26818618
v 0.80690449 -2.90923357 0.29440221
v -0.80690401 -2.90923333 0.29440286
v 0.60462296 -0.4750351 0.14442969
v -0.60462278 -0.47503536 0.14442965
v 0.0348907 -2.18210959 0.39528706
v -0.03489103 -2.18211507 0.39528939
v 1.22374951 -2.04424428 0.05634856
v -1.22375142 -2.0442481 0.05634927
v 0.81145411 -1.92734444 0.19409859
v -0.81145411 -1.92734217 0.19409765
v 0.23130363 -2.7442615 0.58362978
v -0.23130397 -2.74426221 0.58362984
v 0.69641256 0.16011579 -0.00469241
v -0.69641149 0.16009667 -0.00469815
v 0.55130189 -0.30629822 -0.38378319
v -0.55130165 -0.30629906 -0.38378322
v 0.22152631 -0.00875417 0.96414601
v -0.22152599 -0.00875419 0.96414589
v 0.10908757 -0.77164882 0.98705852
v -0.10908768 -0.77164888 0.98705834
v 0.13406331 -1.06686246 0.83551573
v -0.13406345 -1.06686246 0.83551573
v 0.67890656 -1.37210083 -0.70774662
v -0.67890214 -1.37210023 -0.70775497
v 0.68328553 0.46104776 -0.0819849
v -0.6832869 0.46104037 -0.08198111
v 0.58351957 -1.78473627 -1.15863192
v -0.58351457 -1.78473877 -1.15862929
v 0.652547 -0.16788177 0.29696771
v -0.65254688 -0.16788271 0.29696753
v 0.30204069 -1.2737987 -0.95715117
v -0.30204084 -1.27379822 -0.95715081
v 0.58968836 -2.00262522 0.29591867
v -0.58969366 -2.00262475 0.29591718
v 0.26834711 0.91906064 0.56135231
v -0.26834505 0.91905826 0.56135851
v 0.6207239 -1.35987281 -0.78056567
v -0.62073624 -1.35987973 -0.78056341
v 0.42096391 0.18268027 0.97041463
v -0.42096301 0.1826799 0.97041541
v 0 -0.08865234 -0.81852078
v 0.56144082 -1.37613129 -0.15995664
v -0.56144201 -1.37612962 -0.15995901
v 0.45795479 -0.71886026 0.53588551
v -0.4579555 -0.71885824 0.53588497
v 0.33151748 0.5946536 0.87836414
v -0.33151787 0.59465503 0.87836277
v 0.60214901 -0.36785578 -0.04068838
v -0.60214942 -0.36785394 -0.04071015
v 0.586847 -1.24002242 -0.66623997
v -0.58685398 -1.24002134 -0.66622763
v 0.29959198 -2.78133678 0.57640045
v -0.29959315 -2.78133773 0.57640039
v 0.52599751 -1.67796874 0.08161557
v -0.52599513 -1.67796111 0.08161073
v 0.60866802 -0.34825116 -0.08131498
v -0.60866957 -0.34824755 -0.08131444
v 0.48252707 -0.87384653 -0.11701405
v -0.48252704 -0.87384629 -0.11701393
v 0.66590023 0.35326787 -0.25716719
v -0.66590327 0.35326826 -0.25715002
v 0.23430119 -0.89641249 0.83413606
v -0.23430298 -0.89641231 0.8341344
v 0.55516642 0.84126484 0.1012164
v -0.55516749 0.84126371 0.10121437
v 0.39418089 0.1821838 0.99492812
v -0.39417916 0.1821842 0.99492979
v 0.27067983 -0.39374908 -0.73841935
v -0.27067962 -0.39374879 -0.73841947
v 0.12058441 -1.02607953 -0.95862281
v -0.12058439 -1.02607941 -0.95862281
v 0.97041946 -2.16228127 0.24077045
v -0.97041899 -2.16228389 0.24077181
v 0.23198956 -1.43492579 0.16698408
v -0.23199005 -1.43492901 0.16698376
v 0.15374191 1.0657686 -0.1710179
v -0.15374109 1.06576943 -0.17101472
v 0.4293347 0.37819385 0.92627537
v -0.42933422 0.37819317 0.92627626
v 0.20310182 -1.87191665 0.28036898
v -0.20309764 -1.87192869 0.28037563
v 0.05315368 0.60907447 0.97322213
v -0.05315241 0.60907858 0.97321939
v 0.31567645 -0.97221106 0.62843442
v -0.31567636 -0.97221118 0.62843322
v 0.56387329 -0.37864688 -0.28417369
v -0.56387329 -0.37864628 -0.28417432
v 0.43625846 0.51615333 -0.69211804
v -0.43625858 0.51615375 -0.69211769
v 1.28654718 -2.03566598 0.01360027
v -1.28654813 -2.03566288 0.01359796
v 0.61824023 -1.44899487 -0.14466847
v -0.61823737 -1.44899427 -0.14466685
v 0.5100106 0.0189412 0.78339487
v -0.5100103 0.0189391 0.78339439
v 0.21928034 -2.10096764 0.3735297
v -0.21927315 -2.10096883 0.3735302
v 1.29097151 -1.91176581 -0.98536121
v -1.29095876 -1.9117335 -0.98536133
v 0.57223504 0.23975463 0.66399377
v -0.57223838 0.23975367 0.66398292
v 0.61564612 0.01575777 -0.39081382
v -0.61564701 0.01575786 -0.39081096
v 0.335413 -0.01618831 0.9538747
v -0.33541297 -0.01618829 0.9538747
v 0.16271992 -0.35811862 1.02276563
v -0.16271999 -0.35811808 1.02276504
v 0.39012616 -1.03087604 -0.80357742
v -0.39012637 -1.03087437 -0.80357676
v 0.11667105 0.92983824 -0.5297535
v -0.11667094 0.92983824 -0.52975356
v 1.32322001 -1.94667351 -0.97077667
v -1.32318759 -1.94675993 -0.97081434
v 0.50266951 0.40892854 -0.66076761
v -0.50266981 0.40892791 -0.66076737
v 0 0.58068418 -0.81441289
v 1.40189802 -1.73050534 -0.60964882
v -1.40189802 -1.73050534 -0.60964858
v 0.80294907 -1.8105725 -1.14741826
v -0.80296003 -1.81058251 -1.14740896
v 0.10101988 -1.13953316 0.23285825
v -0.10102067 -1.13953328 0.23285783
v 0.42061063 0.69080698 -0.59877651
v -0.42061132 0.69080537 -0.59877711
v 0.88465279 -2.83438015 0.26038405
v -0.88465869 -2.83437466 0.26038134
v 0.40911501 -1.46162235 -1.12016868
v -0.40911209 -1.46161973 -1.12016689
v 1.3375951 -1.69232785 -0.59378707
v -1.33759498 -1.69232773 -0.59378606
v 0.26735207 -0.87283176 0.29483139
v -0.26735234 -0.8728314 0.29483097
v 0.80486577 -1.71067488 -1.17214512
v -0.80486965 -1.71067524 -1.17214334
v 0 -0.78031647 1.00683748
v 0.50588011 -0.72474473 0.41079253
v -0.50588059 -0.72474646 0.41078963
v 1.36912763 -1.71129071 -0.63658815
v -1.36912882 -1.71129131 -0.63658601
v 0.09961736 -3.03762841 0.60257393
v -0.09961767 -3.03762793 0.60257411
v 0.13244845 -2.38963937 0.49762243
v -0.13245593 -2.3896358 0.49762138
v 0.03365616 -0.4574593 1.14436984
v -0.03365616 -0.4574593 1.14436984
v 0.92212277 -1.53612887 -0.72387194
v -0.92212337 -1.53612923 -0.72387236
v 0.560063 0.61596584 0.50061762
v -0.56006622 0.6159619 0.50061148
v 0.56903314 0.30932426 0.64376473
v -0.56903028 0.30932793 0.64377248
v 0.74370253 -0.10998214 0.04838783
v -0.74370265 -0.10998213 0.04838783
v 0.47744473 -1.65543627 -1.26689279
v -0.47744065 -1.65543699 -1.26689422
v 0.03266924 -0.47353887 1.13109016
v -0.03266924 -0.47353887 1.13109016
v 0.0472655 -0.18963193 -0.80031222
v -0.0472655 -0.18963195 -0.80031222
v 0.03481105 1.09709835 0.12051265
v -0.03481107 1.09709835 0.12051254
v 0.92347627 -1.54440403 -0.76386535
v -0.92347353 -1.54440224 -0.76386302
v 1.00354182 -1.70650196 -0.09462875
v -1.00354254 -1.70650374 -0.09462613
v 0.44803005 0.11284886 -0.71536546
v -0.44802996 0.11284792 -0.71536523
v 0.83749318 -1.65779304 -0.05663634
v -0.83749431 -1.65779507 -0.05663486
v 0.3117654 0.92232596 -0.42217037
v -0.31176716 0.92232501 -0.42217043
v 1.06189858 -2.25644493 0.22517541
v -1.06189584 -2.25644421 0.22517688
v 0.25244951 -0.93957525 0.80046051
v -0.25244671 -0.9395765 0.80046331
v 0 -1.16147923 0.24854266
v 0.39491066 -1.1928507 0.00671681
v -0.39491143 -1.1928507 0.0067153
v 0.17583231 0.08213292 -0.85008013
v -0.17583316 0.08213328 -0.85008001
v 0.56212812 -0.80084532 -0.42600002
v -0.56212806 -0.80084461 -0.42599999
v 0.76291269 -0.1391894 -0.04152151
v -0.76291263 -0.13918915 -0.04152147
v 1.06531655 -2.32794237 0.24143204
v -1.06531465 -2.32794237 0.24143314
v 0.16695451 -1.03273689 0.24841189
v -0.16695414 -1.03273749 0.24841186
v 0.69110983 -0.23695932 0.09152771
v -0.69110965 -0.23695965 0.09152782
v 0.57861214 -0.89872741 -0.3980799
v -0.57861208 -0.89872682 -0.39808073
v 0.08786789 -0.01302991 -0.84101259
v -0.08786802 -0.01302973 -0.84101265
v 0.94913852 -1.55497813 -0.37438121
v -0.94913858 -1.55497956 -0.37437522
v 0.72908914 0.05999567 0.11668175
v -0.7290892 0.05999524 0.11667971
v 1.00982201 -2.29564642 0.26457899
v -1.00982177 -2.29564619 0.26457908
v 0.70515608 -0.2327765 0.07751549
v -0.70515602 -0.23277674 0.07751549
v 0.6875143 -0.43777614 0.171386
v -0.68751335 -0.43777701 0.17138724
v 0.52520638 0.61936551 -0.52469617
v -0.52520567 0.61936384 -0.52469855
v 0.72681057 -1.40295255 -0.32574954
v -0.72681289 -1.40295374 -0.32575151
v 0.49244397 -0.15216095 -0.57167553
v -0.49244406 -0.15216247 -0.57167488
v 0.22290769 -0.0685864 0.9507429
v -0.22290764 -0.0685862 0.95074284
v 0.65200603 -0.39517137 0.24583844
v -0.65200585 -0.39517206 0.24583858
v 0.63173812 -0.01395771 -0.31004735
v -0.63173788 -0.01395883 -0.31004738
v 0.34246897 -1.73087441 0.18034915
v -0.34246414 -1.73087263 0.18034973
v 0.45537665 -0.80587226 0.48806494
v -0.4553751 -0.80587476 0.48806685
v 0.49604171 0.32196638 0.85192859
v -0.49604171 0.32196843 0.85192751
v 0.19458034 -0.75687086 0.9396643
v -0.19457921 -0.75686985 0.93966549
v 0.39284652 -0.58577871 0.77825391
v -0.39284595 -0.58578103 0.77825343
v 0.46955421 -0.97535419 -0.70934635
v -0.46955397 -0.97535431 -0.70934665
v 0.67085945 -0.28953298 0.00892735
v -0.67085963 -0.28953325 0.00892733
v 0.56039321 -1.23053968 -0.70004302
v -0.56039643 -1.23054122 -0.7000398
v 0.70853585 -1.3665179 -0.59797734
v -0.70853632 -1.36651897 -0.59798073
v 0.11683458 0.57035416 0.99084126
v -0.11683675 0.57036292 0.99083519
v 0.89957678 -1.57550776 -0.9297294
v -0.89957422 -1.57550633 -0.92972934
v 1.16983377 -1.90722858 -1.05201315
v -1.16998851 -1.90652155 -1.0517975
v 0.45149287 0.89417165 0.33403182
v -0.45149385 0.89417082 0.33403196
v 0.15018712 -0.13602811 0.95843964
v -0.1501884 -0.13602934 0.95843964
v 0.24797985 1.05633711 -0.00572573
v -0.24797856 1.05633747 -0.00572905
v 0.41485154 0.37123039 -0.74839901
v -0.41485154 0.37123039 -0.74839901
v 0.95665162 -1.60734105 -0.9358173
v -0.95665073 -1.60734021 -0.93581658
v 0.60735774 -0.52117836 0.19725596
v -0.60735821 -0.52117615 0.1972555
v 0.69844049 0.05928563 0.09924096
v -0.69844019 0.05928451 0.09923533
v 0.47052112 0.57613432 0.73575073
v -0.47052153 0.57613205 0.73575174
v 0.20677566 -0.33895078 0.97321146
v -0.20677538 -0.33895412 0.97321164
v 0.06250543 -1.07974886 0.87627261
v -0.06250537 -1.07974886 0.87627255
v 0.31578579 -0.94280678 0.69859314
v -0.31578537 -0.94280719 0.69859373
v 0.71174913 0.05422702 0.10964903
v -0.71174907 0.05422706 0.10964909
v 0.68399584 0.40709337 0.13580334
v -0.68399339 0.40709427 0.13582605
v 0.43941631 0.53958213 0.81201726
v -0.43941485 0.53958565 0.81201654
v 0.29534694 -0.94459271 0.73626476
v -0.29534679 -0.94459396 0.73626405
v 0.62240636 -0.41153281 0.07685235
v -0.6224063 -0.41153255 0.07685203
v 0.17629604 1.07884061 0.00334825
v -0.17629562 1.07884061 0.00335109
v 0 -1.83887863 -1.13018429
v 0 -1.08882081 0.73427826
v 0.81200426 -0.11433579 -0.01609524
v -0.8120045 -0.11433465 -0.01609527
v 0.73254305 -0.31842935 0.00170972
v -0.73254311 -0.31842929 0.0017097
v 0.23541961 -1.93846678 -1.01750183
v -0.23541325 -1.9384731 -1.01749622
v 0.7811647 0.0728291 0.18732194
v -0.78116494 0.07282903 0.18732155
v 0.54681098 -0.52022463 -0.25244683
v -0.5468111 -0.52022397 -0.25244656
v 0.04660654 -1.08415556 0.71046799
v -0.0466095 -1.08415567 0.71046966
v 0.50783598 -1.28620362 -0.80184954
v -0.50782412 -1.28620028 -0.80186015
v 1.12862992 -1.81086325 -0.0356655
v -1.12862873 -1.81086218 -0.03566537
v 0.74890989 -0.28037172 0.00498049
v -0.74891012 -0.28037133 0.00498057
v 0.87897133 -2.06683635 0.23939502
v -0.87897199 -2.06684279 0.23939773
v 0.37270742 -2.04501295 -0.90409845
v -0.37270784 -2.04501318 -0.90409815
v 0.04018955 -0.30837884 1.1927483
v -0.04018966 -0.30837914 1.19274842
v 0.40895351 0.9697318 0.12377618
v -0.40895539 0.96973061 0.12377549
v 1.1549499 -1.87238001 -0.00667204
v -1.15495061 -1.87238025 -0.00667242
v 1.23245811 -2.19353628 -0.06290808
v -1.2324562 -2.19354224 -0.06293958
v 0.25488972 -0.91187834 0.35506716
v -0.25488984 -0.91187804 0.3550668
v 0.69947969 0.25247043 0.02483388
v -0.69947981 0.25247222 0.02482946
v 0.60104 0.66886109 0.32391053
v -0.60103952 0.66885376 0.3239198
v 0.32529071 -0.2355308 0.92899185
v -0.32529044 -0.23552921 0.92899209
v 0.64995205 0.15417006 0.42291495
v -0.64995265 0.15416914 0.4229123
v 0.64408874 0.06631404 -0.3224914
v -0.64408969 0.06631489 -0.32248783
v 0.51960891 -0.14927269 0.78125107
v -0.51960563 -0.14927341 0.7812559
v 0.4944244 0.49916562 -0.63949352
v -0.49442443 0.4991652 -0.6394937
v 0.74885159 -0.2266417 -0.04199682
v -0.74885165 -0.22664167 -0.04199682
v 0.57145065 0.00182297 0.66932493
v -0.57144951 0.00182504 0.66932791
v 1.1246947 -1.74283897 -1.00005459
v -1.12469387 -1.74283862 -1.00005471
v 0.06098429 0.01959126 -0.85424411
v -0.06098407 0.01959143 -0.85424417
v 0.65625238 0.19981288 0.38605642
v -0.65625262 0.19980658 0.38605701
v 0.38313731 -0.53556859 0.81811982
v -0.38313522 -0.53557097 0.81812185
v 1.15267121 -1.64811503 -0.37808024
v -1.15266704 -1.64811348 -0.37807962
v 0.49883747 -1.60788357 -1.22685194
v -0.49883696 -1.60788273 -1.22685134
v 0.10445176 0.04238897 -0.85540455
v -0.10445125 0.04238925 -0.85540473
v 0.67120021 -0.2851631 0.2185729
v -0.67120033 -0.28516274 0.21857307
v 0.45497283 -0.26954552 -0.57783544
v -0.45497271 -0.26954579 -0.57783544
v 1.03388357 -2.74153256 0.16608914
v -1.03388047 -2.7415409 0.16608572
v 0.04404897 0.54889792 -0.82337236
v -0.04404897 0.54889792 -0.82337236
v 0.05370278 0.54595065 1.01305031
v -0.05370308 0.54595148 1.01304996
v 0.46059235 0.67079937 -0.57120919
v -0.46059131 0.6708014 -0.57120865
v 0.52095359 -0.62650013 0.12201415
v -0.52095401 -0.62650114 0.12201538
v 0.41943591 0.69892036 0.70340895
v -0.41943404 0.69892054 0.7034111
v 0.54375129 -0.83482205 -0.26822575
v -0.54375135 -0.83482229 -0.26822602
v 0.15514378 -1.12508297 0.21530896
v -0.1551423 -1.12508332 0.21530941
v 0.44690287 0.77409434 -0.48429596
v -0.44690117 0.77409428 -0.48429831
v 0.72691011 -2.02670908 -0.9246093
v -0.72692292 -2.02670478 -0.92461425
v 0.04101238 0.49321177 -0.83703917
v -0.04101238 0.49321177 -0.83703917
v 0.11116544 -3.20344853 0.5256704
v -0.11117085 -3.20344495 0.52567261
v 0.44152027 -0.27867093 0.85573428
v -0.44151955 -0.27867201 0.8557347
v 0.13369341 -1.01465463 0.8842073
v -0.13369286 -1.01465463 0.88420772
v 0.70666945 -1.60542607 -1.1418786
v -0.70666062 -1.60542225 -1.14187943
v 0.09260462 0.12036496 1.08968102
v -0.09260562 0.12036509 1.08968102
v 0.73106426 -2.11397075 0.30994153
v -0.73105096 -2.11398148 0.30994948
v 0.26302832 -0.84359496 -0.84094518
v -0.26303085 -0.84360057 -0.84094536
v 0.47871479 0.78197139 0.51454889
v -0.47871452 0.78197199 0.5145486
v 0.33187001 -0.5623883 0.87131434
v -0.33187124 -0.56238579 0.87131369
v 0.62417846 -0.33866071 -0.0140714
v -0.62417262 -0.3386707 -0.01407326
v 0.81216096 -2.4845221 0.36116015
v -0.81216085 -2.48452234 0.36116021
v 0.26548472 -0.93062585 -0.8635177
v -0.26548495 -0.93062442 -0.8635171
v 1.33941018 -1.70911002 -0.7283501
v -1.33940994 -1.7091093 -0.72834807
v 0.06805689 -1.08586096 0.33400261
v -0.06805688 -1.08586096 0.33400261
v 0.25012111 -1.22566747 -0.96315807
v -0.25012263 -1.22566747 -0.96315717
v 1.25723481 -1.65602529 -0.61524176
v -1.25723433 -1.65602529 -0.61524456
v 0.99731969 -2.48680687 0.28718465
v -0.99732065 -2.48680615 0.28718417
v 0.28872326 1.0394293 -0.02322981
v -0.28872847 1.03942692 -0.02323039
v 0.63684791 -0.01794561 0.41860896
v -0.63684833 -0.01794441 0.4186072
v 0.70727515 -0.38748276 0.11749279
v -0.70727503 -0.38748344 0.11749366
v 0.70329654 -1.35049486 -0.49596878
v -0.70330029 -1.35049903 -0.49596798
v 0 -1.11215615 0.3070634
v 0.73245549 -0.17966851 0.07937863
v -0.73245483 -0.17967014 0.07937809
v 0.75379508 -2.57860231 0.38951712
v -0.75379538 -2.57860231 0.389517
v 0.31851747 0.96580213 -0.31834814
v -0.31851947 0.96580159 -0.31834688
v 0.68471908 -0.00223949 0.2772566
v -0.6847189 -0.00223952 0.2772566
v 0.63884925 -0.06448832 0.38702458
v -0.63884913 -0.06449029 0.38702425
v 0.01278316 -0.49948874 1.10747349
v -0.01278327 -0.49948871 1.10747337
v 0.09074194 1.09402835 -0.02618274
v -0.09074238 1.09402823 -0.02618248
v 1.20241189 -1.68190729 -0.33727005
v -1.20241665 -1.68190634 -0.33727818
v 0 -1.96365392 0.30541682
v 0.72714573 -0.25233492 0.02883335
v -0.72714573 -0.25233459 0.02883328
v 0.5173695 -0.78558534 -0.18823584
v -0.51736933 -0.78558528 -0.18823538
v 0.53856134 0.73274046 -0.3826166
v -0.53855979 0.7327407 -0.38261961
v 0.94087916 -1.53150165 -0.52438622
v -0.94088083 -1.5315026 -0.52438646
v 1.02536201 -1.59669899 -0.80821317
v -1.02536201 -1.59669899 -0.80821317
v 0.36784273 0.07354384 0.93865561
v -0.36784184 0.07354361 0.93865603
v 0.55022722 -0.40277543 -0.32716086
v -0.55022716 -0.4027754 -0.32716104
v 0.44887334 0.16630221 -0.72575879
v -0.44887292 0.16630105 -0.72575897
v 0.69124817 0.07651574 0.07802331
v -0.69124811 0.07651625 0.0780226
v 0.14919409 -1.03210234 0.51735782
v -0.14919076 -1.03210377 0.5173577
v 0.38002267 -0.89310145 0.09140828
v -0.38002282 -0.89309996 0.09140825
v 0.74967604 -1.77495336 0.08860318
v -0.74966895 -1.77495431 0.08860596
v 0.61023962 -1.06209659 -0.43093347
v -0.61023938 -1.06209492 -0.43093201
v 0.13074268 -1.56019651 0.16259481
v -0.13074907 -1.56019449 0.16259652
v 0.5564357 -1.02466738 -0.26101288
v -0.55643439 -1.02466321 -0.26101097
v 0.14534068 -1.040048 0.56715899
v -0.14533676 -1.04004883 0.56715649
v 0.44922712 0.87214183 0.40138417
v -0.44922766 0.87214034 0.40138664
v 0.6011371 0.21932642 -0.51459443
v -0.60113751 0.21932555 -0.51459342
v 0.38612881 0.72865533 -0.59926843
v -0.38612875 0.72865533 -0.59926855
v 0.56617838 0.72604608 0.3678638
v -0.56617814 0.72604566 0.36786505
v 0.3824175 -1.11245715 0.04007846
v -0.38241758 -1.11245918 0.04007784
v 1.12082135 -1.97278034 0.07405311
v -1.1208173 -1.97278022 0.07405488
v 0.23963445 -0.72414308 0.91249072
v -0.23963502 -0.72414326 0.91249018
v 0.33615231 -1.78882992 0.2154202
v -0.33615598 -1.78882813 0.21541814
v 0.5906642 0.26479098 -0.54080784
v -0.59066408 0.26479068 -0.5408082
v 0.44129353 -0.69814646 0.09859623
v -0.44129422 -0.69814574 0.09859561
v 0.77384191 -0.21541966 -0.03131223
v -0.77384138 -0.21542069 -0.03131233
v 0.30500921 -0.97542899 0.58724302
v -0.30500945 -0.97542882 0.5872429
v 0.61677479 0.70911604 0.19040736
v -0.61677402 0.70911532 0.19041466
v 0.21851496 0.04197346 -0.82918858
v -0.21851424 0.04197356 -0.82918882
v 0.5146988 0.41169396 0.75647854
v -0.51469737 0.41168734 0.75648635
v 0.39283844 -1.70347571 -1.25160396
v -0.39283445 -1.70347654 -1.25160324
v 0.47162714 -2.22512817 0.41221436
v -0.47161987 -2.22512865 0.41221573
v 0.35734403 -0.04570961 0.93104523
v -0.35734394 -0.04570967 0.93104529
v 0.67072862 -3.03115916 0.34441468
v -0.67072475 -3.03116202 0.34441605
v 0.22995981 -0.11167646 0.9495297
v -0.2299596 -0.11167646 0.94952964
v 1.10268724 -1.62059128 -0.40284299
v -1.10268521 -1.62058913 -0.40284815
v 0.37519279 0.36437976 0.98102504
v -0.375193 0.36437723 0.98102593
v 0.37183141 -2.28497695 0.44518882
v -0.37182501 -2.28498101 0.44519072
v 0.26842629 -2.70448565 0.56972265
v -0.26842877 -2.70448374 0.56972175
v 0.12221407 1.05850243 0.30314028
v -0.12221407 1.05850243 0.30314028
v 0.09811814 -0.24094107 1.07299888
v -0.09811803 -0.24094112 1.07299923
v 0.2399764 -1.05563139 0.19954107
v -0.23997692 -1.05563092 0.19954095
v 0.63909733 -1.25066804 -0.39923504
v -0.63909673 -1.2506684 -0.39923214
v 0.42042827 -0.82906401 0.32214725
v -0.4204255 -0.82906609 0.32214886
v 0.46344438 0.79815632 0.51849353
v -0.4634445 0.79815393 0.51849687
v 0.3717274 -2.12696647 0.38496297
v -0.37173181 -2.12697172 0.38496518
v 0.09054619 -1.05479979 0.45466521
v -0.09054644 -1.05479979 0.45466527
v 0.55019027 0.62288075 -0.48013365
v -0.55019176 0.6228798 -0.48013189
v 0.52739286 -0.50870001 -0.41983902
v -0.52739292 -0.50870007 -0.41983887
v 0.47313132 -0.14678056 0.84076321
v -0.47313362 -0.1467814 0.840761
v 0.75572943 0.06913729 0.0925404
v -0.75573587 0.06913223 0.09252405
v 0 -0.74976331 -0.88133955
v 0.42159292 -3.06989693 0.51195174
v -0.42159012 -3.06989812 0.51195263
v 0.69683229 0.26557728 0.07591016
v -0.69683307 0.26557725 0.07589992
v 1.29250466 -1.81185221 -0.94027519
v -1.29250586 -1.81185221 -0.94027417
v 0.0234981 -0.78631842 -0.89273309
v -0.02349813 -0.78631877 -0.89273321
v 0.02309895 -0.63484489 1.09130513
v -0.02309905 -0.63484489 1.09130513
v 0.30106255 0.68868321 -0.69257533
v -0.30106255 0.68868321 -0.69257533
v 0.7162972 -0.36825382 0.0458633
v -0.71629703 -0.36825439 0.04586384
v 0.39738574 -1.59341847 0.09656477
v -0.3973844 -1.59341764 0.09656518
v 0.48577773 -0.76712203 -0.62202465
v -0.48577791 -0.7671225 -0.62202453
v 0.26859483 -0.87051916 0.23330824
v -0.26859509 -0.87051868 0.23330815
v 0.34452906 0.85389345 0.59802961
v -0.34452912 0.85389614 0.59802538
v 0.42867577 -1.57354915 0.06464772
v -0.42867517 -1.57354939 0.06464831
v 0.29341593 -0.95235997 0.17659047
v -0.29341566 -0.95236057 0.17659065
v 0.7971189 0.06813915 0.14088375
v -0.79711931 0.06813914 0.14088219
v 1.00651085 -1.56320071 -0.5831846
v -1.00650942 -1.56320011 -0.58318692
v 0.69352269 -1.75060391 0.07355132
v -0.69350099 -1.75060749 0.07356146
v 0.26892796 -0.88338667 0.22227737
v -0.26892778 -0.88338673 0.22227755
v 0.56355321 -0.0097236 -0.51141685
v -0.56355303 -0.0097262 -0.51141595
v 0.26113763 -0.17620417 -0.74757528
v -0.26113778 -0.1762043 -0.74757522
v 0.80131214 0.0582441 0.13932101
v -0.80131226 0.058244 0.13932076
v 1.28134918 -1.77130866 -0.21613051
v -1.28135013 -1.7713077 -0.21613316
v 1.07815182 -1.66713964 -0.24120339
v -1.078161 -1.6671437 -0.24120439
v 0.39279186 -0.90386289 -0.76603192
v -0.39279201 -0.90386277 -0.7660318
v 0.96899318 -1.64523279 -0.99453288
v -0.96899557 -1.6452347 -0.99453365
v 0.31161981 0.61399215 -0.73142451
v -0.31161981 0.61399215 -0.73142451
v 0.0214333 -0.05089803 1.05645561
v -0.0214333 -0.05089803 1.05645561
v 0.80459177 0.060661 0.11948276
v -0.80459123 0.06066095 0.11948308
v 0.38023984 -0.16103829 0.91091203
v -0.38023892 -0.16103832 0.91091245
v 0.70145618 -0.35688933 0.02783921
v -0.70145559 -0.35689041 0.02784021
v 0.46545773 0.59682041 -0.61959153
v -0.46545708 0.59682059 -0.61959219
v 0.41526809 -1.63743138 0.10914912
v -0.41526085 -1.63743341 0.10915384
v 0.53260737 -0.68252313 -0.2287347
v -0.53260749 -0.68252188 -0.22873489
v 0.58640325 -0.18193568 -0.37514016
v -0.58640378 -0.18193328 -0.37514042
v 0.33789628 -0.09108728 0.93343216
v -0.33789423 -0.09108667 0.93343329
v 0.16725568 -1.58622241 0.17593546
v -0.1672562 -1.58621811 0.17593477
v 0.66133058 -0.07798884 0.31193086
v -0.6613307 -0.0779881 0.31193074
v 0.68733364 -0.12120856 0.16380778
v -0.68733346 -0.12120908 0.16380824
v 0.60355222 -0.00375128 -0.41643956
v -0.60355168 -0.00375034 -0.41644173
v 0.05932236 -0.3606958 1.19565844
v -0.05932236 -0.36069598 1.19565856
v 0.36517369 -0.12386485 0.91475194
v -0.36517342 -0.12386415 0.91475206
v 0.53523701 -0.71125513 -0.50158518
v -0.53523701 -0.71125513 -0.50158518
v 1.35873794 -1.84728992 -0.20091179
v -1.3587383 -1.84728884 -0.20091368
v 0.58108454 -0.34229093 -0.24321568
v -0.58108413 -0.34229138 -0.24321699
v 0.23241083 0.15241266 -0.84298664
v -0.2324109 0.15241268 -0.84298664
v 0.22446033 0.0840899 1.00594329
v -0.2244609 0.08409039 1.00594389
v 0.58973586 -0.10993912 -0.40534058
v -0.58973699 -0.10994146 -0.40533646
v 0.69266718 -0.00438717 0.00253695
v -0.69266712 -0.00438824 0.00253674
v 0.8327862 -1.54818713 -0.95531678
v -0.83279138 -1.54819071 -0.95531898
v 0.10330934 1.08947873 0.13137565
v -0.10330947 1.08947873 0.13137523
v 0.90612274 -1.74592769 0.01878251
v -0.90612578 -1.74593794 0.01879592
v 0.24373491 -0.31961944 -0.74903518
v -0.2437347 -0.31962141 -0.74903535
v 0.65908736 -1.28621733 -0.49307817
v -0.65908747 -1.28621745 -0.49307528
v 0.98693257 -1.6693567 -1.01251888
v -0.98693257 -1.6693567 -1.01251888
v 0.44211554 -0.23925392 0.86604392
v -0.44211316 -0.23925527 0.86604565
v 0.22159823 -0.28118008 -0.75919407
v -0.22159822 -0.28118008 -0.75919407
v 0.79578024 0.00859742 0.13493067
v -0.79578065 0.00859745 0.13493035
v 0.65123361 -0.04935542 -0.1677313
v -0.65123319 -0.04935842 -0.16773054
v 0.51577311 0.72956085 0.50333398
v -0.51577121 0.72955757 0.50334268
v 0.15471996 -0.84773695 0.91412228
v -0.15472185 -0.84773433 0.91412258
v 0 -1.05988466 0.90894067
v 0.4507049 0.90955382 -0.22041831
v -0.45070374 0.90955537 -0.2204163
v 0.19449713 -1.58578276 0.17863589
v -0.19449617 -1.58578515 0.17863622
v 0.05557478 -0.74848347 1.03768897
v -0.05557469 -0.74848336 1.03768897
v 0.71688228 -0.29072201 0.04054314
v -0.7168824 -0.29072168 0.04054299
v 0.70353937 -0.05305444 0.01106634
v -0.70353925 -0.05305308 0.01106686
v 0.23663842 -0.2348143 0.95719438
v -0.23663696 -0.23481501 0.95719486
v 0.1592227 -2.85747456 0.6081168
v -0.1592231 -2.85747456 0.6081168
v 0.70931726 -0.15353401 0.13852836
v -0.70931726 -0.15353393 0.13852833
v 0.43616747 -2.93352699 0.5417459
v -0.43616855 -2.9335277 0.54174536
v 0.69516372 -0.29269129 0.04579371
v -0.69516366 -0.2926912 0.04579368
v 0.18741336 -0.23426821 0.97375994
v -0.18741197 -0.23426601 0.97376012
v 0.57377481 -0.41889923 -0.13560183
v -0.57377356 -0.41890126 -0.13560839
v 0.69387942 -0.15695564 0.16483555
v -0.6938793 -0.15695563 0.16483584
v 0.50005853 0.019092 -0.62286859
v -0.50005871 0.01909216 -0.62286847
v 0.18992617 -0.09630291 0.94152289
v -0.18992686 -0.09630341 0.94152319
v 0.52581244 -0.81367433 -0.57417023
v -0.52581238 -0.81367409 -0.57417017
v 0.55904042 0.54952538 0.55165106
v -0.55904018 0.54952359 0.5516529
v 0.74205851 0.03817899 0.2607187
v -0.74205857 0.03817896 0.2607187
v 0.04168144 -0.4307014 1.11903834
v -0.04168144 -0.4307014 1.11903822
v 0.87032115 -1.65882372 -0.0714915
v -0.87032055 -1.65882253 -0.07149239
v 0.51596206 -0.00914808 -0.59055167
v -0.5159614 -0.00915008 -0.59055173
v 0.01425233 -0.47548142 1.15271234
v -0.01425233 -0.47548142 1.15271234
v 0.2498444 0.04813653 0.96982252
v -0.2498444 0.04813603 0.96982246
v 0.53853482 -0.22610318 0.74424779
v -0.53853464 -0.22610445 0.74424761
v 0.25658908 0.27453509 1.06466782
v -0.25659379 0.27453404 1.06466651
v 0.6509462 -1.5941981 -1.15850997
v -0.65095001 -1.59420025 -1.15851032
v 0.20560626 0.93199384 -0.4882687
v -0.20560626 0.93199384 -0.4882687
v 0.10691059 -1.35568738 0.16397643
v -0.10690993 -1.35568571 0.16397671
v 0.67414665 0.14818863 0.28391724
v -0.67414653 0.14818759 0.28391826
v 0.42150372 -0.50784468 -0.62819504
v -0.42150372 -0.50784462 -0.62819498
v 0.51638943 0.11991383 -0.64218038
v -0.51638948 0.11991401 -0.64218038
v 0.12880238 0.04642771 0.98815125
v -0.12880246 0.04642786 0.98815137
v 0 -0.27875679 -0.80527222
v 0.12901435 -1.31569516 -1.07604515
v -0.1290135 -1.31569433 -1.07604467
v 0.68066966 0.09590934 0.21437075
v -0.68066966 0.09590856 0.21437147
v 0.8208732 -0.02100405 0.00224342
v -0.82087326 -0.02100418 0.00224343
v 0.06830135 -1.1055268 0.28684416
v -0.06830137 -1.10552692 0.28684404
v 0.49385294 -0.01653038 0.79199045
v -0.49385181 -0.01653158 0.79199141
v 0.10847 0.01056471 0.9716658
v -0.10846998 0.01056471 0.9716658
v 0.15212518 -0.23292133 -0.78356951
v -0.15212489 -0.23292122 -0.78356957
v 0.15948529 0.14650051 1.09880983
v -0.15948571 0.14650049 1.09880971
v 0.96325308 -2.00056147 -0.96453094
v -0.96323424 -2.00057888 -0.96451091
v 0.80673199 0.0393157 0.04771356
v -0.80673188 0.03931462 0.04771189
v 0.22379188 -0.03101943 0.95863246
v -0.22379218 -0.03101948 0.95863252
v 0.1141316 -0.24007 -0.79219079
v -0.11413162 -0.24007013 -0.79219079
v 0.07305897 -0.31398949 1.16438937
v -0.07305907 -0.31398907 1.16438913
v 0.69123357 0.42246177 -0.03836154
v -0.69123381 0.42246079 -0.0383575
v 0.92701482 -1.53208518 -0.42601624
v -0.92701745 -1.53208661 -0.42601579
v 0.13085004 -1.03790807 0.48379224
v -0.13084785 -1.03790903 0.48379209
v 0.11121982 0.73709774 -0.72823613
v -0.1112198 0.73709774 -0.72823613
v 0.66095221 -2.98617839 0.38764432
v -0.66095352 -2.98617816 0.38764321
v 0.36055797 0.992756 -0.12721048
v -0.36055633 0.99275612 -0.12721592
v 0.14647415 0.77665579 0.82521712
v -0.14647322 0.77665489 0.82521849
v 0.22041569 -2.68645 0.57317429
v -0.22041691 -2.68645358 0.57317489
v 0.72727388 -0.05093279 0.27400431
v -0.72727394 -0.05093242 0.27400425
v 0.13506732 -1.03477394 0.40836584
v -0.1350677 -1.0347737 0.40836674
v 0.36788088 -0.77325421 0.20898754
v -0.36788198 -0.77325367 0.20898729
v 1.18230807 -2.24515891 0.14197313
v -1.18230867 -2.24515795 0.1419726
v 0.08909857 -2.42171549 0.50633573
v -0.0891071 -2.42170476 0.50633275
v 0.10503267 -0.89045059 0.92201918
v -0.10503105 -0.8904497 0.92202007
v 0.1449065 -1.41412019 0.16209393
v -0.14490808 -1.4141221 0.16209408
v 0.7274 -0.05040684 0.26334512
v -0.72740024 -0.05040639 0.26334524
v 0.68633806 -0.33348283 0.07986216
v -0.68633806 -0.33348289 0.0798622
v 0.45122551 -1.23403728 -0.8177452
v -0.45122745 -1.23404014 -0.81774509
v 0.68333435 -0.03271606 0.29444059
v -0.68333423 -0.03271573 0.2944405
v 0.98367255 -1.7786225 0.03128948
v -0.98367446 -1.77862501 0.03129097
v 0.13976334 -0.74460834 0.98473358
v -0.13976368 -0.74460858 0.9847331
v 0.682931 -0.13238999 0.22518631
v -0.68293106 -0.13238979 0.22518646
v 0.81941831 -2.19965148 0.31202739
v -0.81942701 -2.19965004 0.31202414
v 0.39104023 -1.19925355 -0.85126137
v -0.39103749 -1.199252 -0.85126292
v 0.16141551 0.74166661 -0.71351605
v -0.16141556 0.74166655 -0.71351605
v 0.08686006 -1.09174418 0.80673199
v -0.08686103 -1.09174394 0.80673158
v 0.54499256 0.17040044 -0.61514949
v -0.54499268 0.17040227 -0.61514967
v 0.41907465 -0.731893 0.09503234
v -0.41907402 -0.73189353 0.09503279
v 0.68893075 -0.3959209 0.0618109
v -0.68893063 -0.3959223 0.06181205
v 0.60799062 0.49735152 0.43519228
v -0.60799104 0.49734646 0.43519449
v 0.6065495 -0.51594084 0.22583231
v -0.60654944 -0.51594066 0.22583282
v 0.5553503 -0.48954674 -0.10573102
v -0.55534958 -0.48954919 -0.10573148
v 0.18102525 0.53728503 -0.80898058
v -0.18102525 0.53728503 -0.80898058
v 0.35962814 0.69921284 0.76959306
v -0.35962912 0.69921261 0.76959216
v 1.33828902 -1.69366526 -0.56033313
v -1.33828914 -1.6936655 -0.56033217
v 0.65732753 -0.24355538 0.16058458
v -0.65732747 -0.24355544 0.16058461
v 0.55791598 -0.48011651 -0.06525191
v -0.55791795 -0.48010981 -0.06524645
v 0.526905 -0.032487 0.74929666
v -0.52690458 -0.03248802 0.74929702
v 0.94283443 -1.57715201 -0.86385721
v -0.94283545 -1.57715261 -0.86385768
v 0.69312143 0.19883263 0.11431233
v -0.69312161 0.19883574 0.11431266
v 0.24841713 -1.47876691 0.16161461
v -0.24841761 -1.47876405 0.1616145
v 0.43174237 -1.37165844 -0.99054426
v -0.4317334 -1.37165224 -0.99054044
v 0.65682297 -0.25096648 0.1390879
v -0.65682303 -0.25096634 0.13908779
v 0 -0.52819377 1.09085261
v 0.40841719 -1.54930126 0.06741903
v -0.40842261 -1.54930365 0.0674159
v 0.17627847 1.01480913 -0.33397713
v -0.17627725 1.01480937 -0.33397731
v 0.06263028 -1.3201642 0.17101442
v -0.0626306 -1.32016181 0.17101527
v 0.70570081 -0.05576512 0.20123775
v -0.70570129 -0.05576391 0.20123781
v 0.57337027 -0.26837196 0.62603044
v -0.57337063 -0.26837363 0.62602782
v 0.14426796 -0.2931638 1.02911567
v -0.14426676 -0.29316312 1.0291171
v 0.96100354 -2.19430995 0.25732874
v -0.96100133 -2.19430685 0.25732857
v 0.49316644 -0.52174955 -0.52251237
v -0.49316644 -0.52174955 -0.52251237
v 0.56913554 -1.32292783 -0.20683316
v -0.56913626 -1.32292544 -0.20683552
v 0.7443397 -0.01373881 0.26154142
v -0.74433964 -0.01373899 0.26154145
v 0.15094623 -0.31921663 1.02675724
v -0.15094618 -0.31921702 1.02675759
v 0.520644 -2.21863412 0.4007444
v -0.52064204 -2.21864461 0.40074837
v 0.50653463 -0.87427192 -0.16782359
v -0.50653392 -0.87427371 -0.16782222
v 0.73071909 -0.03725188 0.24658125
v -0.7307192 -0.03725193 0.24658143
v 0.05577053 -1.15496325 0.24281741
v -0.05577123 -1.15496313 0.24281725
v 0.2190019 0.22524464 -0.84659236
v -0.2190019 0.22524464 -0.84659236
v 0.47472009 -0.50067246 -0.54953903
v -0.47472009 -0.50067251 -0.54953908
v 0.64108878 -0.31699991 0.2004548
v -0.64108872 -0.31699979 0.2004545
v 0.92986118 -1.52827858 -0.62907397
v -0.92986375 -1.52828037 -0.62907809
v 0 0.18784903 -0.87019991
v 0.74774509 -0.12396612 0.042122
v -0.74774497 -0.12396618 0.04212201
v 0.3022632 -0.15233844 -0.73069852
v -0.30226367 -0.1523396 -0.7306981
v 0.32135576 0.53610992 -0.76134526
v -0.32135576 0.53610992 -0.76134526
v 0.79806089 -2.69293761 0.36742454
v -0.79806089 -2.69293761 0.36742454
v 0.40100109 -1.43343019 -1.09122324
v -0.40098625 -1.43342566 -1.09122359
v 0.22804199 -2.07264614 0.36299747
v -0.22802637 -2.07265067 0.36299955
v 0.25636309 -3.15348768 0.53142517
v -0.25636389 -3.15348458 0.53142732
v 0.25508263 -3.01036453 0.59223955
v -0.25508263 -3.01036453 0.59223955
v 0.83763235 -2.61720824 0.35273897
v -0.83763325 -2.617208 0.35273855
v 0.68640106 0.04814297 0.24483048
v -0.68640112 0.04814346 0.24482989
v 0.43339648 -1.42820906 -1.07111072
v -0.43339458 -1.42820978 -1.07111251
v 0.66170072 -0.24527132 0.24089559
v -0.66170072 -0.24527119 0.2408957
v 0.32650995 0.06604127 0.95710724
v -0.32650989 0.06604128 0.95710718
v 0.52018386 -0.22095932 0.77886354
v -0.52018261 -0.22096039 0.77886533
v 0.68501001 -1.58387327 -0.0618098
v -0.68501377 -1.58387768 -0.06180782
v 0.65631967 -0.21883696 0.28359362
v -0.65631985 -0.21883671 0.28359335
v 0.0820686 0.70553064 0.90139663
v -0.08206693 0.7055329 0.90139514
v 0.18309117 -0.58374989 0.9947521
v -0.18309164 -0.58375012 0.99475181
v 0.72035473 -0.04620261 0.28652817
v -0.72035479 -0.04620236 0.2865282
v 0.41448739 -1.47742342 0.03113911
v -0.41448688 -1.47742486 0.03114022
v 0.61199325 -1.2383784 -0.6150611
v -0.61199373 -1.23838031 -0.61506176
v 0.07484941 0.64640486 0.94549071
v -0.07484633 0.64640831 0.94548863
v 0.5824837 0.77403307 -0.16887642
v -0.582484 0.77403181 -0.16887834
v 0.74210685 -0.03279047 0.11563788
v -0.74210679 -0.03279034 0.11563807
v 0.06155021 1.03990519 -0.32052657
v -0.06155021 1.03990519 -0.32052657
v 0.31718164 -0.6915971 -0.76876759
v -0.31718164 -0.6915971 -0.76876759
v 0.69890701 -0.29929104 -0.00760689
v -0.69890683 -0.29929035 -0.00760701
v 0.52310282 -1.14988493 -0.70786148
v -0.52310222 -1.14988088 -0.70786058
v 0.74831986 -0.03861583 0.10175251
v -0.74831986 -0.03861543 0.10175299
v 0.70903241 -0.25353986 0.06312975
v -0.70903241 -0.25353992 0.0631298
v 0.73632735 -1.39028966 -0.39903217
v -0.73632949 -1.39029252 -0.39902702
v 1.05459463 -2.68478035 0.18669883
v -1.05459106 -2.68479037 0.18669575
v 0.2886466 1.01948261 0.24527935
v -0.28864902 1.0194813 0.24528056
v 0.53126591 0.84712773 0.22614546
v -0.53126466 0.84712904 0.22614538
v 0.74135071 -0.07284922 0.07661499
v -0.74135077 -0.07284922 0.07661499
v 1.16202974 -1.78609478 -1.01038181
v -1.16202902 -1.78609442 -1.01038205
v 0.99417418 -1.65359497 -0.18046651
v -0.99416858 -1.65359473 -0.18046078
v 0.75232708 -0.07887157 0.05796138
v -0.75232714 -0.0788716 0.05796139
v 0.34248578 -1.30089676 -0.95456492
v -0.34248593 -1.30089473 -0.95456272
v 0.07355099 -0.10185787 1.0208652
v -0.07355093 -0.1018569 1.02086496
v 0.64029365 -0.1253599 -0.16381873
v -0.64029294 -0.1253612 -0.16382254
v 0.42824694 -1.67597913 0.12541946
v -0.42824617 -1.6759783 0.1254194
v 0.58418238 -3.09422993 0.37062048
v -0.58418262 -3.09423136 0.37061855
v 0.74418813 -0.06106923 0.07708238
v -0.74418848 -0.06106885 0.0770828
v 0.29067233 1.03181636 0.15858016
v -0.29067578 1.03181457 0.1585823
v 0.72205579 -0.04705886 0.1546314
v -0.72205591 -0.04705939 0.1546307
v 0.51931482 0.7295196 -0.4252913
v -0.51931637 0.72951835 -0.42528986
v 0.16622619 0.34433096 1.07440316
v -0.16622044 0.34433829 1.07440269
v 0.23881518 -1.96172833 0.33000376
v -0.23881697 -1.96172976 0.33000424
v 0 -0.07013967 1.07316124
v 0 -1.38831353 0.14516653
v 0.09302698 -3.13317489 0.56996029
v -0.09302591 -3.13317561 0.56995981
v 0.42295941 0.96044635 -0.06528938
v -0.42296019 0.96044629 -0.06528487
v 0.44495967 0.25418269 0.95241969
v -0.44495961 0.25418505 0.95241934
v 0 -0.04214225 1.05780029
v 0.66786319 -1.84094905 0.19146229
v -0.66785258 -1.8409512 0.19146694
v 0.36372542 1.00227952 -0.0040254
v -0.36373129 1.00227606 -0.00402246
v 0.89964103 -1.51091527 -0.45411467
v -0.89963984 -1.51091384 -0.45411899
v 0.15700238 -2.0262351 0.35066399
v -0.15698963 -2.02623701 0.35066425
v 0 -1.46327459 -1.19885873
v 0.14878131 0.11374446 1.08366894
v -0.14878177 0.11374353 1.08366835
v 0.87569767 -1.50054848 -0.40167424
v -0.87570226 -1.50055313 -0.4016681
v 0.04612874 0.88247245 -0.60577619
v -0.04612874 0.88247245 -0.60577619
v 0.55750984 0.79861575 0.2667399
v -0.55751258 0.79861521 0.2667306
v 0.42275604 -0.35796234 0.846439
v -0.42275619 -0.35796281 0.84643882
v 0.09722709 0.07420115 1.06250929
v -0.09722787 0.07420075 1.06250882
v 1.04295325 -1.58257091 -0.67257696
v -1.04295492 -1.58257162 -0.67257881
v 0.42878899 -0.83916467 0.52436596
v -0.42878919 -0.83916533 0.52436488
v 0.42093488 0.86660713 -0.38409611
v -0.42093423 0.86660695 -0.38409736
v 0.03616346 0.85909014 -0.63310444
v -0.03616346 0.85909014 -0.63310444
v 0.11050829 -0.67775899 1.02801132
v -0.11050758 -0.67775934 1.02801144
v 1.22526621 -1.73083853 -0.22314353
v -1.22526311 -1.73083841 -0.22314053
v 0.03864132 -1.06766927 0.44706004
v -0.03864131 -1.06766927 0.44706049
v 0.76780587 -1.86018443 0.17946283
v -0.76781058 -1.86018252 0.17946033
v 0.20481368 -0.19161106 -0.76879978
v -0.20481261 -0.19161066 -0.76880013
v 0.48333734 -0.7605952 0.25570431
v -0.48333725 -0.76059526 0.2557044
v 1.35333812 -1.75333356 -0.81768316
v -1.35333704 -1.7533338 -0.817685
v 0.633771 -2.96107983 0.4224455
v -0.63377183 -2.96107959 0.42244496
v 0.46945616 -0.66586244 0.09062462
v -0.46945622 -0.66586238 0.09062519
v 1.12185668 -2.20330405 0.16736957
v -1.12185716 -2.20330357 0.16736911
v 0.05319272 -1.06014692 0.48556038
v -0.05319274 -1.06014692 0.48556059
v 0.34307816 -2.91409134 0.1235985
v -0.34305214 -2.91411495 0.12362721
v 1.33143138 -1.83861887 -0.92734074
v -1.33143079 -1.83861863 -0.92734098
v 0.28061038 -1.5712049 0.16010941
v -0.28061029 -1.57120204 0.16010889
v 0.05064026 0.01189444 1.03855061
v -0.05064025 0.01189445 1.03855061
v 0.13541241 0.42846214 1.05934822
v -0.13542337 0.42846474 1.05934536
v 0.57622033 -0.61264967 0.18301594
v -0.57622063 -0.61264801 0.18301464
v 1.04666912 -2.40416407 0.26171827
v -1.04666829 -2.40416622 0.26171886
v 0.12110069 -0.22088313 1.02861464
v -0.12110119 -0.22088247 1.02861332
v 0.0657742 0.8259114 -0.66327381
v -0.0657742 0.8259114 -0.66327381
v 0.92285811 -2.86223483 0.18884395
v -0.92287147 -2.86222362 0.18883717
v 0.95130831 -1.89265441 -1.07872521
v -0.95127958 -1.8926568 -1.07871961
v 0.56078356 0.26381278 -0.59910202
v -0.56078338 0.26381269 -0.59910225
v 0.08641807 -0.15182814 1.0307579
v -0.08641737 -0.15182656 1.03075802
v 0.7296096 -2.4952321 0.39353978
v -0.72960972 -2.49523186 0.39353972
v 0.36517244 -0.4268437 0.86874014
v -0.36517331 -0.42684361 0.8687396
v 0.69995331 0.29981386 -0.00977841
v -0.69995325 0.29981514 -0.0097803
v 0.15119487 -0.81861728 0.93143737
v -0.15119426 -0.8186143 0.93143957
v 0.17498341 0.87566345 0.68898099
v -0.17498357 0.87566316 0.68898117
v 0.22099922 -3.14440608 0.54820531
v -0.22098998 -3.14440703 0.54820722
v 0.16090931 -1.01445949 0.35362035
v -0.16090926 -1.01445961 0.35362014
v 0.0387425 0.86764848 0.73780113
v -0.03873867 0.86764758 0.73780262
v 0.15075503 -1.82441532 -1.14019548
v -0.15076638 -1.82441699 -1.1401931
v 0.04941156 0.47572177 1.05016601
v -0.04942459 0.47572037 1.05016613
v 0.29122024 0.2171389 -0.82479167
v -0.29122021 0.21713897 -0.82479167
v 0.07635952 -0.15715348 -0.80033898
v -0.07635953 -0.15715347 -0.80033898
v 0.59736836 0.31017071 -0.52230233
v -0.59736788 0.31017142 -0.52230334
v 0.30207058 0.90674501 -0.458808
v -0.30207085 0.90674471 -0.4588083
v 0.46311876 -0.82738274 0.37111711
v -0.46311938 -0.82738196 0.37111645
v 0.50480616 -0.29162201 -0.49245417
v -0.5048061 -0.29162216 -0.49245423
v 0.95900875 -2.44250059 0.30478048
v -0.95900929 -2.44250011 0.30478024
v 0 0.46262022 1.05657112
v 0.51649963 -1.83959496 0.23239782
v -0.51650363 -1.83959949 0.2324016
v 0.0679097 1.02028739 -0.37072071
v -0.06790967 1.02028739 -0.37072059
v 0.48703396 -0.32824841 -0.51116722
v -0.48703402 -0.32824838 -0.51116716
v 0.55996918 -0.61171615 0.15282081
v -0.55997014 -0.61171537 0.15282151
v 0.26038557 -1.39812505 -1.10455226
v -0.26038152 -1.39812457 -1.10455334
v 1.14043927 -1.82927382 -1.04364919
v -1.14044153 -1.82927441 -1.04364836
v 0.60096764 0.1020456 -0.48233807
v -0.60096782 0.10204598 -0.48233795
v 0.70159101 -0.10962398 0.25339829
v -0.70159083 -0.10962452 0.25339832
v 0.50628286 0.63743603 0.61829316
v -0.50628519 0.63743913 0.61828589
v 0.33484253 -0.79153549 0.19278706
v -0.33483922 -0.79153847 0.19279062
v 0.40265771 -1.41268456 0.02179572
v -0.40265813 -1.41268324 0.02179492
v 0.687267 0.08508138 -0.07890261
v -0.687267 0.08508177 -0.07890303
v 0.40749946 0.24464704 -0.76362186
v -0.40749964 0.24464704 -0.76362174
v 0.29470235 -0.63278001 0.8961305
v -0.29470437 -0.6327784 0.89612871
v 0.59811264 0.78098577 -0.00693293
v -0.598113 0.78098541 -0.00693193
v 0.24888137 -1.6665771 -1.30796515
v -0.2488805 -1.6665771 -1.30796527
v 0.41549229 -0.27275601 -0.62329983
v -0.41549193 -0.27275648 -0.62330007
v 0.6112681 -1.2367649 -0.32293656
v -0.61126488 -1.23676645 -0.32292833
v 0.86780387 -1.51904273 -0.78476309
v -0.867805 -1.51904022 -0.78475064
v 0.68923109 0.04480419 -0.04828324
v -0.68923091 0.04480283 -0.04828423
v 0.34784594 0.65011948 -0.68914425
v -0.34784585 0.65011972 -0.68914419
v 0.21916374 -1.63985073 -1.29554271
v -0.21916604 -1.63985037 -1.29554235
v 0.03794204 -2.4449253 0.51017785
v -0.03794421 -2.44491434 0.51017445
v 0.35069745 -1.4023869 -1.07350695
v -0.35069659 -1.40238809 -1.07350873
v 0.55452495 -0.04447444 0.70612746
v -0.55452448 -0.04447411 0.70612829
v 0.95826488 -2.66060185 0.2777456
v -0.95826393 -2.66060161 0.27774632
v 0.6711651 -0.23831215 -0.0078494
v -0.6711651 -0.23831248 -0.00784925
v 0.19784662 -0.9770841 0.3730053
v -0.19784666 -0.9770841 0.37300559
v 0.65510946 -1.48975551 -1.01490557
v -0.65511822 -1.48975682 -1.01490044
v 0.31045383 -1.47921264 0.12771703
v -0.31044954 -1.47921168 0.12772031
v 0.53233259 -0.91533237 -0.22481109
v -0.53233188 -0.91533285 -0.2248094
v 0.52608174 0.27167773 0.80248457
v -0.5260809 0.27167856 0.80248683
v 0.10655704 0.40071785 -0.84894383
v -0.10655704 0.40071785 -0.84894383
v 0.3083204 -2.07998013 -0.86960327
v -0.30831891 -2.07998013 -0.86960327
v 0.77632683 -2.98827314 0.255236
v -0.7763257 -2.98827648 0.25523319
v 0.77203935 0.01402227 0.20453394
v -0.77203941 0.0140223 0.20453381
v 1.22837615 -1.68619346 -0.83250129
v -1.22837662 -1.68619287 -0.83249932
v 0.12972012 -0.37423554 1.12038517
v -0.12972049 -0.37423571 1.12038469
v 0.66212183 0.60486561 -0.05271822
v -0.66212123 0.60486871 -0.05271605
v 0.12815164 0.34974363 -0.85317617
v -0.12815164 0.34974363 -0.85317617
v 0.85391765 -2.93284893 0.20902928
v -0.85391479 -2.93284893 0.20903366
v 0.29046911 0.76541644 0.76238459
v -0.29046857 0.76541864 0.76238262
v 0.36349603 0.22194372 1.02200055
v -0.36349698 0.22194315 1.02199995
v 0.66942149 -0.3922252 0.06518745
v -0.66942215 -0.39222577 0.06518758
v 0.04293502 -2.92060399 0.60729992
v -0.04293502 -2.92060399 0.60729992
v 0.68151789 -0.1833349 0.25399866
v -0.68151789 -0.18333494 0.25399896
v 0.71827429 -0.22043624 -0.03550374
v -0.71827423 -0.22043748 -0.0355037
v 0.26591792 -0.62718027 -0.78393763
v -0.26591759 -0.62718075 -0.78393793
v 0 -0.85072439 0.96252059
v 0.63847863 -2.05267453 0.30823892
v -0.63845783 -2.05268859 0.30825093
v 0.3656826 0.79339224 0.66131049
v -0.36568418 0.79339075 0.66131079
v 0.35159599 -1.15319991 0.09523104
v -0.35159432 -1.15319359 0.09523431
v 0.03733211 -0.18963405 1.11181128
v -0.0373325 -0.18963417 1.11181104
v 0.7185992 -0.0300498 0.18876193
v -0.71859926 -0.03004977 0.18876195
v 0.4632337 -0.07156477 0.82501196
v -0.46323454 -0.07156456 0.82501113
v 1.10883522 -1.60752117 -0.49372914
v -1.10883712 -1.60752177 -0.49373048
v 0.3861255 0.11994742 0.96453326
v -0.38612622 0.1199458 0.96453142
v 0.52763736 0.78946286 -0.31684297
v -0.52763879 0.78946197 -0.31684082
v 0.2019401 -0.98009818 0.40976607
v -0.20193921 -0.98009896 0.40976607
v 0.68294197 -1.33596026 -0.57030946
v -0.68294167 -1.33595991 -0.57030952
v 0.5288971 -0.60371077 -0.47108042
v -0.5288971 -0.60371077 -0.47108042
v 0.19075883 0.71188211 -0.72510349
v -0.19075928 0.71188169 -0.72510367
v 0.67391514 -0.18695858 0.17678313
v -0.6739155 -0.18695971 0.17678158
v 0.13041088 -0.70966881 -0.85384076
v -0.13041062 -0.70966798 -0.85384053
v 0.54662698 0.75617492 -0.32952109
v -0.54662793 0.75617253 -0.32952255
v 0.2379489 -1.02176713 0.66072642
v -0.23794148 -1.02177226 0.66073691
v 0.13774479 0.86327809 -0.61018544
v -0.13774479 0.86327809 -0.61018544
v 0.61693722 0.13220481 -0.4527125
v -0.61693745 0.13220651 -0.45271226
v 0.50279521 -0.75160545 0.39538958
v -0.50279456 -0.75160789 0.39538922
v 0.21312739 -1.00782501 0.22229678
v -0.2131275 -1.00782489 0.22229674
v 0.11657603 -0.59806573 1.03943896
v -0.11657616 -0.59806674 1.03943896
v 0.62455761 -1.50658941 -1.06660068
v -0.62456178 -1.50658965 -1.06659817
v 0.51535219 -0.54977816 0.52516442
v -0.51534843 -0.54978311 0.52517193
v 0.24157519 -1.01276147 0.20503228
v -0.24157555 -1.01276135 0.20503209
v 0.86257237 -2.77138948 0.31125244
v -0.86257386 -2.77138924 0.31125137
v 0.05724957 -0.7240265 -0.87049782
v -0.05724931 -0.7240262 -0.87049776
v 0.47560238 -0.2064975 0.84163492
v -0.47560319 -0.20649719 0.84163409
v 0.39604312 0.98145997 -0.02864471
v -0.3960447 0.98145896 -0.02864438
v 0.34288629 -3.00007343 0.5697295
v -0.34288555 -3.00007367 0.56972968
v 0.42366445 -0.04877609 0.85522836
v -0.42366462 -0.0487761 0.85522818
v 0.7579317 -0.26180702 -0.02133759
v -0.7579317 -0.26180699 -0.02133771
v 0.18647873 0.91769778 0.61885345
v -0.18647827 0.91769844 0.61885261
v 0.30841541 -0.07695409 -0.74650102
v -0.30841311 -0.07695447 -0.74650216
v 0.5439977 -0.17059224 -0.47819262
v -0.54399818 -0.17059165 -0.47819209
v 0.26968923 -3.19552111 0.48908355
v -0.26968941 -3.19551944 0.48908528
v 0.21959048 -1.00330877 0.80442655
v -0.21959175 -1.00330781 0.80442565
v 0.18682198 -1.27894783 0.18201057
v -0.18682515 -1.27894556 0.18201075
v 0.253766 -0.9396041 0.4140712
v -0.25376632 -0.93960374 0.41407087
v 0.66889631 0.06561657 0.29246619
v -0.66889613 0.06561408 0.29246631
v 0.17793555 0.89565807 -0.55603528
v -0.17793566 0.89565807 -0.55603528
v 0.21074268 -1.22658503 0.18590286
v -0.21074281 -1.22658479 0.18590289
v 0.52053582 -0.73516583 0.28631579
v -0.52053731 -0.73516321 0.28631457
v 0.23936443 -0.08792677 -0.77577686
v -0.23936347 -0.08792825 -0.7757768
v 0.25972861 -0.96086072 0.47091078
v -0.25972777 -0.96086192 0.47091293
v 0.41873413 -1.99811375 -0.94896906
v -0.41873416 -1.99811375 -0.948969
v 0.03993375 -2.51779604 0.53232353
v -0.03993329 -2.51779389 0.53232294
v 0.24645611 0.86592811 0.66622012
v -0.2464578 0.86592626 0.66622197
v 0.67427384 0.08658124 0.26322197
v -0.67427301 0.0865795 0.26322799
v 0.16355191 -0.26864057 0.99792766
v -0.16355203 -0.26864099 0.99792778
v 0.31866765 -2.71325898 0.5609681
v -0.31866604 -2.7132616 0.56096887
v 0.55500876 -0.74797648 -0.3863345
v -0.5550087 -0.7479757 -0.38633498
v 0.73273253 -0.15362939 0.10935302
v -0.73273217 -0.15362976 0.10935357
v 0.75464028 -1.60823452 -0.06828695
v -0.75464522 -1.60823488 -0.06828884
v 0.36771839 0.97280037 -0.20601959
v -0.3677203 0.9727993 -0.2060191
v 0 -1.69559288 0.16513419
v 0.11639171 -0.18322917 1.00550854
v -0.11639293 -0.18323011 1.00550746
v 0.39499193 -0.12398483 -0.67668122
v -0.39499118 -0.1239845 -0.67668181
v 0.04925234 1.09037613 -0.11156687
v -0.04925165 1.09037625 -0.11156622
v 0.19942347 0.99225091 -0.37456148
v -0.19942286 0.99225097 -0.37456166
v 0.5017808 -0.77108049 0.36049991
v -0.50178146 -0.77107912 0.36049929
v 0.19693462 0.16464641 1.09605205
v -0.19693455 0.16464573 1.09605193
v 0.62430268 -1.15231013 -0.45327761
v -0.62430197 -1.15230596 -0.45328021
v 0.62773573 0.03069205 0.49539315
v -0.62773585 0.03069356 0.49539318
v 0.50694966 -0.41081145 -0.45890045
v -0.50694966 -0.41081145 -0.45890045
v 0.24687154 -0.32467266 0.94939875
v -0.24687209 -0.32467299 0.94939839
v 0.45233669 -0.69540548 0.13686797
v -0.45233431 -0.69540721 0.13686852
v 0 -1.07515335 0.42287069
v 0.4620563 -0.45216667 0.75191563
v -0.46205768 -0.45216035 0.75191736
v 0.67821407 0.02518451 0.27232283
v -0.67821419 0.02518479 0.27232265
v 0.59377425 -0.07701955 0.59735214
v -0.59377372 -0.07701441 0.59735488
v 0.43115848 0.55192482 -0.67956525
v -0.43115848 0.55192482 -0.67956525
v 0.26380246 -1.72568631 0.20761644
v -0.26380008 -1.7256869 0.20761741
v 0.71630132 -1.63309335 -1.16344857
v -0.71630138 -1.63309383 -1.16344893
v 0.4870328 0.88744008 -0.18048779
v -0.48703074 0.88744229 -0.18048669
v 0.30734837 -0.02437262 0.96357506
v -0.30734801 -0.02437243 0.96357518
v 0.71866452 0.02948031 0.06683094
v -0.71866446 0.02948042 0.06683103
v 0.16525356 -0.10554661 -0.79530054
v -0.16525344 -0.10554694 -0.79530054
v 0.03998648 -0.28627121 1.18002045
v -0.0399864 -0.28627097 1.18002033
v 0.22420829 0.15805594 1.08545541
v -0.22421212 0.15805715 1.08545434
v 0.50551646 0.88908708 0.14783747
v -0.50551492 0.88908869 0.14783641
v 1.08369898 -2.60483098 0.20519
v -1.08369958 -2.60482931 0.20519018
v 0.98225313 -2.25039696 0.26590657
v -0.982252 -2.25039458 0.26590642
v 0.71191954 -0.39347046 0.10332801
v -0.7119196 -0.39347031 0.10332758
v 0.17905826 1.01647722 0.40683144
v -0.17906045 1.01647722 0.40682959
v 0.62963831 -0.01140615 0.47057327
v -0.62963831 -0.01140789 0.47057256
v 1.39535963 -1.74805963 -0.41754844
v -1.39535963 -1.74805915 -0.41755032
v 0.51139205 -1.76912689 0.15813385
v -0.51139384 -1.7691282 0.15813407
v 0.14470902 -0.07229361 0.94169759
v -0.14470925 -0.07229384 0.94169747
v 0.61491262 -1.86265349 0.22397279
v -0.61491584 -1.86265313 0.22397156
v 0.49181845 -1.73871564 0.14168541
v -0.49181523 -1.738716 0.14168706
v 0.86830681 -1.57251751 -0.18358163
v -0.86829912 -1.57251083 -0.18358404
v 0.6260457 -0.09099122 0.46921137
v -0.6260457 -0.09099122 0.46921137
v 0.27327033 -0.46139109 0.92739838
v -0.2732695 -0.46138921 0.92739892
v 0.11026044 -2.16819167 0.39691585
v -0.1102608 -2.16819405 0.39691686
v 0.74597954 -0.27442809 0.01477569
v -0.74597948 -0.27442851 0.01477562
v 1.25596904 -1.75478577 -0.91757839
v -1.25597012 -1.75478684 -0.91757875
v 0.56580859 -1.68959307 -1.26474273
v -0.56580901 -1.68959307 -1.26474261
v 0.35215091 -1.24521994 0.08330878
v -0.35215157 -1.24522578 0.08330714
v 0.2008439 0.70075285 0.87108045
v -0.20084266 0.70075351 0.87108051
v 0.62965434 -1.29452586 -0.32298663
v -0.62965351 -1.29452633 -0.32298454
v 0.1524892 -2.12375068 0.38102349
v -0.1524958 -2.12374472 0.38102152
v 0.20050893 -0.18010069 0.96096664
v -0.2005088 -0.18010069 0.96096664
v 0.39780956 -0.36558127 -0.63001167
v -0.39780956 -0.36558127 -0.63001167
v 0.54818999 -0.2987658 0.68077147
v -0.54819017 -0.29875984 0.68077606
v 0.20501117 1.06356763 -0.10069833
v -0.20501248 1.06356728 -0.10069853
v 0.23848427 0.68040001 0.86985898
v -0.23848731 0.6803978 0.86985927
v 1.29994654 -1.67458069 -0.62012207
v -1.29994392 -1.6745795 -0.62012219
v 0.35958883 -0.45344334 -0.68012476
v -0.35958865 -0.45344325 -0.68012487
v 0.59955835 -3.02187848 0.41870239
v -0.59955549 -3.02187991 0.41870391
v 0.1465549 -0.4002923 1.08388507
v -0.14655494 -0.40029233 1.08388483
v 0.47044646 0.75187003 0.56997966
v -0.47044715 0.75186967 0.56997889
v 1.26986289 -1.66120541 -0.56547349
v -1.26986599 -1.66120684 -0.56547039
v 0.30355855 -0.82163465 0.24368658
v -0.30355829 -0.82163506 0.24368722
v 0.14443412 -2.3439157 0.48123765
v -0.14442689 -2.34393286 0.4812439
v 0.30727967 -1.24789512 0.13953347
v -0.30727937 -1.24789392 0.1395339
v 0.57697224 -1.19963538 -0.65620476
v -0.57697409 -1.19963884 -0.65620368
v 0.03542423 -0.65338134 1.07584261
v -0.03542454 -0.65338146 1.0758425
v 0.99065262 -2.54892516 0.28426712
v -0.99065041 -2.54892826 0.28426793
v 0.34783089 -1.45937252 0.0918255
v -0.34783041 -1.45937216 0.09182595
v 0.20521965 -0.91140615 -0.88912558
v -0.20521967 -0.91140633 -0.88912552
v 0.16658392 -2.28953933 0.45891019
v -0.16658274 -2.28955483 0.45891702
v 0.33379423 -1.25604105 0.10901056
v -0.33379542 -1.25604307 0.10900881
v 0.63840711 0.12173475 0.47138378
v -0.63840764 0.12173794 0.47138202
v 0.29504266 0.13840341 1.03934788
v -0.29504853 0.1384053 1.03934621
v 0.18442596 -0.7862668 -0.85971808
v -0.18442599 -0.78626668 -0.85971802
v 0.50891107 -1.6076473 0.03512771
v -0.5089094 -1.60765051 0.03513094
v 0.52967149 -0.35617786 -0.41253921
v -0.52967143 -0.35617747 -0.41253957
v 0.24006128 -1.78550267 0.23601751
v -0.24006235 -1.78550374 0.2360178
v 0.15395593 -2.25790906 0.4441162
v -0.15395431 -2.2579081 0.44411575
v 0.18904642 1.05805969 0.23008114
v -0.18904608 1.05805981 0.23008133
v 0.29279282 0.12586402 1.02864992
v -0.29279643 0.12586559 1.02864968
v 0.56355559 -0.63541853 0.28555491
v -0.56355679 -0.6354165 0.28555283
v 0.86088848 -1.49014747 -0.66743195
v -0.86089128 -1.49014914 -0.66743123
v 0.49136573 -0.39783182 0.73561412
v -0.49136927 -0.3978208 0.73561471
v 0.08829572 -1.28629696 -1.0671513
v -0.08829638 -1.28629899 -1.06715238
v 0.14939117 0.00278606 0.9483062
v -0.14939183 0.00278598 0.94830602
v 0 0.02429669 1.05496943
v 0.48176962 -0.27937975 0.81450396
v -0.48176896 -0.27937999 0.81450462
v 0.56123673 -1.54843688 -1.15223586
v -0.56124556 -1.54844093 -1.15223646
v 0 -0.7413246 1.04298234
v 0.67876642 0.44555151 -0.13664627
v -0.67876601 0.44555532 -0.1366464
v 0.13701374 -1.18185198 -1.00356805
v -0.13701193 -1.18185174 -1.00356876
v 1.05722188 -1.58800709 -0.4857614
v -1.05722749 -1.58800947 -0.48576
v 0.07469284 -1.66940081 0.16809421
v -0.07468651 -1.66938614 0.16808854
v 0 -1.26052463 -1.063573
v 0.38167744 0.83831942 0.57749664
v -0.38167744 0.83831864 0.5774979
v 0.72263413 -0.11467546 0.1195908
v -0.72263395 -0.11467609 0.11959099
v 0.99047726 -1.56041932 -0.47184655
v -0.99047553 -1.56041824 -0.47184741
v 0.14347055 -1.02326548 -0.95040607
v -0.14347128 -1.02326512 -0.95040571
v 0.04992729 -1.28771698 -1.07491028
v -0.04992959 -1.28771567 -1.07490921
v 0.52676373 0.63074457 0.57737511
v -0.52676457 0.63074147 0.57737571
v 0.02412177 -1.98730969 0.31860148
v -0.024121 -1.98731601 0.31860441
v 0.47078087 -0.36119353 -0.5328421
v -0.47078087 -0.36119353 -0.5328421
v 0.25475144 -1.68293917 0.19685019
v -0.2547523 -1.68294096 0.19685052
v 0.15850585 -1.7696408 0.22711679
v -0.15850462 -1.76964187 0.227117
v 0.03537826 1.08510363 -0.15193723
v -0.03537799 1.08510363 -0.15193706
v 0.15252257 -1.0473808 0.84409809
v -0.15252283 -1.04738068 0.84409797
v 0.35755103 -1.66250383 0.14630268
v -0.35755062 -1.66250264 0.1463024
v 0.64635521 0.1883479 -0.36521151
v -0.64635503 0.18834771 -0.36521205
v 1.33403861 -1.81726443 -0.21457684
v -1.33403909 -1.81726408 -0.21457789
v 0.29187643 -0.55820035 0.91005671
v -0.29187849 -0.55819523 0.91005533
v 0 -3.06618356 0.58594715
v 0.48028361 -3.03750562 0.49478527
v -0.48028218 -3.03750562 0.4947862
v 0.35739079 -0.03089142 -0.73295331
v -0.35739105 -0.03089022 -0.7329536
v 0.90106326 -1.63806963 -1.04717707
v -0.90106242 -1.63806927 -1.04717743
v 0.16105428 0.6125018 -0.78611487
v -0.16105428 0.6125018 -0.78611487
v 0.25588315 1.02422845 -0.22157052
v -0.25588589 1.02422881 -0.22156451
v 0.27176931 -0.91488504 0.20378136
v -0.27176964 -0.91488426 0.20378126
v 0.84937143 -1.69023096 -0.02997423
v -0.84936904 -1.69023287 -0.02997118
v 0.22893866 0.77805179 -0.66045087
v -0.22893866 0.77805179 -0.66045087
v 0.13880851 -1.60472762 0.17286467
v -0.13881292 -1.60472941 0.1728663
v 0.51573956 0.25135162 -0.66384285
v -0.51573944 0.2513526 -0.66384303
v 0.31363269 -0.73591226 0.82748132
v -0.3136338 -0.73591184 0.82747989
v 0.09423019 0.88490235 -0.59563404
v -0.09423019 0.88490235 -0.59563404
v 0.33139127 0.95500421 0.40182721
v -0.33139616 0.95500385 0.40181976
v 0.29704013 -0.31368935 -0.71700495
v -0.29704025 -0.3136897 -0.71700489
v 0.19482047 -0.26444992 0.97503012
v -0.19481997 -0.26444768 0.97503006
v 0.65280246 -0.076482 0.32431268
v -0.652803 -0.07648003 0.32431218
v 0.62586051 0.57066643 -0.33241275
v -0.62586051 0.57066929 -0.33241006
v 0.36076942 -0.81378781 0.27754962
v -0.36076763 -0.81378907 0.27755072
v 0.08987065 -0.41244989 1.15012931
v -0.0898707 -0.41244989 1.15012931
v 0.06203129 0.1098651 -0.86836248
v -0.06203129 0.1098651 -0.86836248
v 0.1649356 -0.07795636 0.93376684
v -0.16493578 -0.07795649 0.93376684
v 0.6195507 -1.34670436 -0.75305694
v -0.61956155 -1.34670305 -0.75303477
v 0.12512046 0.99907517 -0.39980506
v -0.12512046 0.99907517 -0.39980506
v 1.08858299 -1.69465374 -0.18724262
v -1.0885818 -1.69465076 -0.18724897
v 0.47819155 0.50748419 0.77407944
v -0.47819128 0.50747984 0.77408307
v 0.02477444 0.94263142 -0.52598899
v -0.02477444 0.94263142 -0.52598899
v 0.11712066 0.12015046 -0.8640362
v -0.11712073 0.12015031 -0.8640362
v 0.5878489 -1.3171519 -0.74440401
v -0.58785182 -1.31715202 -0.74440044
v 0.17611275 -0.21251419 -0.77697295
v -0.17611308 -0.2125125 -0.77697295
v 0.11144468 0.914011 0.65407598
v -0.11144459 0.91400998 0.6540777
v 0.65289986 0.43895161 -0.3057352
v -0.65289801 0.43895283 -0.30574366
v 0.48595336 0.45129111 0.79759579
v -0.48595362 0.45128896 0.79759675
v 0.81786608 -0.00254014 0.07973223
v -0.81786608 -0.0025403 0.07973206
v 0.27349945 1.00401699 0.34247401
v -0.27350032 1.00401747 0.34247106
v 0.60040217 -0.09809365 0.56805467
v -0.60040199 -0.09809532 0.56805509
v 0.59609156 -0.23653578 -0.31108605
v -0.59609174 -0.23653554 -0.31108573
v 0.85003948 -1.56807637 -0.98107248
v -0.8500384 -1.56807601 -0.98107296
v 0.27331838 0.63016194 0.88916617
v -0.27332207 0.63016337 0.88916289
v 0.25312352 1.00020659 0.38552874
v -0.25312364 1.00020647 0.38552901
v 0.69552469 0.17960333 -0.04470883
v -0.69552499 0.17960968 -0.04470829
v 0.26958793 -0.14188738 -0.74922639
v -0.2695882 -0.14188838 -0.74922609
v 0.53373974 -0.56597739 -0.14759096
v -0.53373962 -0.56597811 -0.14759185
v 0.48910614 -0.63253688 0.06186464
v -0.48910597 -0.63253724 0.06186484
v 0.3822897 -0.26741305 0.89992159
v -0.38229021 -0.26740616 0.89992278
v 0.12416312 -0.65457648 1.0370922
v -0.12416413 -0.65457713 1.03709125
v 0.55165654 -1.17849433 -0.23104566
v -0.55165559 -1.17849493 -0.23104408
v 0.25547319 0.89310967 -0.51655447
v -0.25547388 0.89310914 -0.51655477
v 1.04717886 -1.5809493 -0.62073266
v -1.04717779 -1.58094883 -0.62073051
v 0.42181003 -2.70951128 0.53351676
v -0.42181485 -2.70951151 0.53351533
v 0.55849087 -1.23286283 -0.2322556
v -0.55848985 -1.2328608 -0.2322546
v 0.80216312 0.02136108 0.13168111
v -0.80216366 0.02136148 0.13167987
v 0.46081367 0.71277713 -0.53272962
v -0.46081394 0.71277779 -0.53272867
v 0.70700931 -0.04671803 0.17401532
v -0.70700895 -0.04671875 0.17401471
v 0.27398085 -1.32046103 -1.01672279
v -0.27398213 -1.32045888 -1.01671993
v 0.62567538 -1.2417767 -0.5808137
v -0.62567585 -1.24177837 -0.58081406
v 0.0729378 -0.49066099 -0.82848054
v -0.07293578 -0.49065294 -0.8284797
v 0.64504438 -0.30615648 0.00769511
v -0.64504426 -0.30615738 0.00769561
v 0.5112729 -1.85499429 0.24924935
v -0.51127636 -1.85499489 0.24924887
v 0.94670289 -1.69349122 -0.07672998
v -0.94670236 -1.69348859 -0.07673376
v 0.67595452 -0.37581017 0.18908938
v -0.67595386 -0.3758099 0.18909142
v 0.0622962 0.57986819 -0.81261664
v -0.0622962 0.57986819 -0.81261664
v 0.44492861 -0.00220122 0.85103219
v -0.44492822 -0.00220122 0.85103273
v 0.66766721 -0.22218769 -0.01998508
v -0.66766691 -0.22218838 -0.01998511
v 0.47400558 -1.84647381 0.24956317
v -0.47400343 -1.84647643 0.24956631
v 0.35696396 -3.06668853 0.54439026
v -0.35696378 -3.06668877 0.54439026
v 0.05537588 -0.18814691 1.09432089
v -0.05537621 -0.1881472 1.09432065
v 0.36914601 -1.06241667 0.07670852
v -0.36914622 -1.06241631 0.07670828
v 0.10069946 -0.09563482 -0.81021815
v -0.10069933 -0.0956348 -0.81021821
v 0.31553521 -3.06701302 0.5600084
v -0.31553575 -3.06701254 0.56000846
v 0.69702976 -0.13590958 -0.0126592
v -0.69702982 -0.13590957 -0.0126592
v 0.2914415 -0.07518991 0.95372098
v -0.29144132 -0.07519009 0.95372098
v 0.58798819 -0.27606251 0.55218237
v -0.58798843 -0.27606505 0.55217868
v 0.04412272 -0.05828686 1.04276847
v -0.04412264 -0.05828777 1.04276883
v 0.47863048 -0.67063492 0.12416979
v -0.4786309 -0.67063432 0.12416914
v 0.34241798 -1.57691121 0.12527784
v -0.34242162 -1.5769118 0.12527564
v 0.30522003 -0.09317556 0.94681954
v -0.30521917 -0.09317562 0.94681984
v 0 1.10098874 0.03025756
v 0.13571593 -0.34609985 1.10207963
v -0.13571745 -0.34610134 1.10207712
v 0.32834962 -1.75391054 -1.19936275
v -0.32834941 -1.75390732 -1.19936633
v 0.69960755 -0.11891624 0.13471202
v -0.69960737 -0.1189163 0.13471208
v 0.06365399 0.73470205 -0.73599326
v -0.06365399 0.73470205 -0.73599326
v 0.53776216 -1.29275131 -0.18358594
v -0.53776401 -1.29275155 -0.18358781
v 0.64663279 0.11107264 0.435135
v -0.64663314 0.1110741 0.43513375
v 0.82082808 -1.73129248 0.02079833
v -0.8208332 -1.73129403 0.0207986
v 0.03062455 -2.13532543 0.37641233
v -0.03062409 -2.13532781 0.3764131
v 0.40390476 -1.75684654 0.18120901
v -0.40390366 -1.75684857 0.18121071
v 0.70314025 -1.67696428 -1.20291554
v -0.70314484 -1.67696034 -1.20291078
v 0.68421292 0.2706924 0.20003415
v -0.68421316 0.27069157 0.20003218
v 0.18204022 -3.11885952 0.57143288
v -0.18204124 -3.11885786 0.5714336
v 0.17351973 1.07941889 0.06584037
v -0.17352002 1.07941877 0.06583967
v 0.40806582 -2.66229105 0.52967798
v -0.40806525 -2.66229796 0.52967941
v 0.57593822 -0.17350411 0.65891331
v -0.57593762 -0.17350712 0.65891498
v 0.5972042 -0.45847579 0.10917093
v -0.59720432 -0.4584757 0.109171
v 0.14108434 -0.89399355 0.90405017
v -0.14108586 -0.89399468 0.90404903
v 0.80745822 -1.5451864 -0.16161976
v -0.80743819 -1.54516339 -0.16163428
v 0.40813714 -1.14365172 -0.81879413
v -0.40813607 -1.1436547 -0.81879591
v 0.10164525 0.20778203 -0.86569839
v -0.10164525 0.20778203 -0.86569839
v 0.95796161 -1.60581207 -0.23291732
v -0.95795577 -1.60581052 -0.23291257
v 0.54241514 0.24745073 0.76352328
v -0.54241538 0.24745118 0.76352214
v 0.65806043 -0.28094366 0.27538341
v -0.65805971 -0.28094553 0.275384
v 0.78428614 -0.15695606 -0.03834657
v -0.78428602 -0.15695674 -0.03834657
v 0.93357628 -1.66059315 -0.11351968
v -0.93357652 -1.66059446 -0.11351817
v 0.63790381 0.67308771 -0.09873984
v -0.63790381 0.67308312 -0.09875211
v 0.51754659 -0.35902014 -0.44094672
v -0.51754665 -0.35902011 -0.44094649
v 1.23457014 -1.75138282 -0.1957574
v -1.23456955 -1.75138127 -0.19575934
v 0.59169769 -1.17695152 -0.61384266
v -0.59169805 -1.17695391 -0.61384356
v 0 0.81908565 0.80219382
v 1.26164102 -1.8265798 -0.97128266
v -1.26164114 -1.82657969 -0.9712826
v 0.42730137 -1.81895959 0.22812701
v -0.4273034 -1.81896293 0.22813016
v 0.33433225 -0.53220397 -0.71923881
v -0.33433204 -0.53220373 -0.71923887
v 0.96154898 -1.5558567 -0.73069196
v -0.96154898 -1.55585682 -0.73069232
v 0.2194909 -0.94680732 0.34911778
v -0.21949131 -0.94680666 0.3491173
v 0.57952517 -0.60524565 0.25051224
v -0.57952797 -0.60523754 0.25050967
v 0.7027201 -1.46713972 -0.18742361
v -0.70271962 -1.46713805 -0.18742534
v 0.6930136 0.10722713 0.02475695
v -0.69301354 0.10722668 0.02475926
v 0.63221848 -0.34402334 0.26967543
v -0.63221836 -0.34402334 0.26967561
v 0.26000443 -0.68121403 0.91159886
v -0.26000541 -0.68121367 0.91159814
v 0.68741661 -1.3947879 -0.75823295
v -0.68741083 -1.39478623 -0.75823873
v 0.0257124 -2.02546811 0.33565384
v -0.02571011 -2.0254724 0.3356556
v 0.56433087 -0.40378859 -0.253405
v -0.56433075 -0.40378937 -0.25340488
v 0.32614344 0.00966937 0.95946377
v -0.3261435 0.00966932 0.95946377
v 0.53985941 -0.56032186 0.09988436
v -0.53985869 -0.56032204 0.09988343
v 0.05791517 -0.78368425 1.00040495
v -0.05791394 -0.78368413 1.00040531
v 0.64169192 -1.3431009 -0.29297468
v -0.6416921 -1.34310126 -0.29297485
v 0.21747258 -0.98766869 0.48232463
v -0.21747323 -0.98766839 0.48232489
v 0.27550441 -1.4821906 -1.17634129
v -0.27550149 -1.48219001 -1.17634141
v 0.46489799 -0.83329981 -0.06566499
v -0.46489799 -0.83330041 -0.06566526
v 0 -1.738698 -1.23467958
v 0.33649623 -1.92149865 0.31127134
v -0.33652648 -1.92149376 0.31126773
v 0.05171495 -0.69982951 1.049636
v -0.05171669 -0.69982951 1.04963564
v 0.65520298 0.64406114 0.00740834
v -0.65520197 0.64406424 0.00740598
v 0.11183281 -1.69198834 -1.28594183
v -0.11183443 -1.69198632 -1.2859441
v 0.46619942 -0.52209031 0.6913253
v -0.46619969 -0.52208679 0.69132781
v 0.29615318 -1.45585322 -1.14795792
v -0.29615309 -1.45585286 -1.14795756
v 0 -0.33608877 1.2138133
v 0.07581709 -1.8009293 -1.16775488
v -0.07581818 -1.80092883 -1.16775536
v 0.18709707 0.56136739 0.97688627
v -0.18709301 0.56135916 0.97689288
v 0.03236044 -0.50427228 1.08849692
v -0.0323605 -0.50427281 1.08849656
v 1.11031007 -1.70275902 -0.96839314
v -1.11030995 -1.70275878 -0.96839296
v 0.12557676 -1.56057012 -1.2512989
v -0.12557955 -1.56056892 -1.25129807
v 0.57578676 -1.04359984 -0.57380265
v -0.57578599 -1.04359817 -0.57380354
v 0.18221388 0.61756831 0.9410029
v -0.18221287 0.61756116 0.94100832
v 0.0607244 -1.51551747 0.13608743
v -0.0607144 -1.51551795 0.13608741
v 0.68076938 -1.78381276 0.11509537
v -0.68076288 -1.78381693 0.1151025
v 1.37326097 -1.80925869 -0.86698991
v -1.37326109 -1.80925869 -0.86699003
v 0.02524119 1.0133804 0.48809388
v -0.025241 1.01338088 0.48809275
v 0.18031375 0.66708946 0.90539097
v -0.18031288 0.66708922 0.90539151
v 0.55971473 -0.92589759 -0.55417645
v -0.55971527 -0.92589956 -0.55417615
v 0.09091524 -0.34376385 1.15340673
v -0.09091496 -0.34376362 1.15340685
v 0.6492654 -2.24067473 0.37519198
v -0.6492626 -2.24067974 0.37519425
v 0.11456918 -1.08017063 0.74241209
v -0.11456744 -1.08017087 0.74241155
v 0.02797192 0.986593 0.54645919
v -0.02797028 0.98659235 0.54646086
v 1.04905009 -1.70300602 -0.13525173
v -1.04905509 -1.7030071 -0.13525334
v 0.50198632 0.84684968 0.33132103
v -0.50198495 0.84685033 0.33132341
v 0.67471289 0.03210446 -0.12498589
v -0.67471349 0.03210618 -0.12498419
v 0.44669145 0.64802289 -0.60492134
v -0.44669109 0.64802283 -0.60492175
v 0.30356019 -0.85991632 0.18595054
v -0.30355873 -0.8599177 0.1859519
v 0.64098894 0.62488943 -0.19222651
v -0.640989 0.62488389 -0.19223821
v 0.09125548 0.98265105 0.53762668
v -0.09125464 0.98264956 0.53763032
v 0.91863697 -1.54079949 -0.35384833
v -0.91864049 -1.5408014 -0.35384908
v 0.93242549 -2.29488134 0.29625558
v -0.93242144 -2.29488349 0.29625743
v 0.28616684 -1.75282716 0.21052005
v -0.28616142 -1.75282406 0.21052067
v 0.65638279 -1.33410477 -0.65407663
v -0.65638148 -1.33410477 -0.65407961
v 0.65713435 -1.47213637 -0.15009482
v -0.65713816 -1.47213923 -0.15009443
v 0.41954299 -1.60036325 -1.23965179
v -0.41954308 -1.60036397 -1.23965251
v 0.62817466 -1.67914617 -1.23637294
v -0.62817472 -1.67914807 -1.23637414
v 0.33186832 1.00166285 0.22516843
v -0.33187094 1.00166165 0.22516766
v 0.64171356 -1.31379294 -0.64486193
v -0.6417151 -1.31379318 -0.64485859
v 0.63937205 0.69075447 -0.01488994
v -0.63937181 0.6907556 -0.01488469
v 0.06568636 0.67193508 -0.77263265
v -0.06568636 0.67193508 -0.77263265
v 0.67125785 -0.43759971 0.20905718
v -0.67125767 -0.43759948 0.20905791
v 0.65229433 -1.29310703 -0.38570612
v -0.65229457 -1.29310643 -0.38570788
v 0.14979313 0.06472665 0.99933672
v -0.14979347 0.06472681 0.99933666
v 0 -2.30705881 0.45496812
v 0.66880822 0.53537499 0.1380302
v -0.66880762 0.53537744 0.13803114
v 0.16537965 -1.05475974 0.23491883
v -0.16537925 -1.05476117 0.23491846
v 0.68200689 -0.4444397 0.17139692
v -0.68200713 -0.44443965 0.17139668
v 0.56750011 -1.35923504 -0.84764033
v -0.56750571 -1.35924744 -0.84765768
v 0.38602915 0.845299 -0.46772989
v -0.38602989 0.8452987 -0.46772947
v 0.66684764 -0.4452109 0.20244282
v -0.66684806 -0.44521075 0.20244261
v 0.4447987 -0.66209065 0.60911464
v -0.44479799 -0.66208815 0.60911834
v 0.36195114 -0.21422451 -0.6828233
v -0.36195138 -0.21422855 -0.6828224
v 0.61101752 -1.54481577 -0.06024254
v -0.61102014 -1.54482007 -0.06024073
v 0.51855742 -0.56909334 0.00395105
v -0.51856011 -0.56908488 0.00395161
v 0.09907037 1.05889058 -0.24566552
v -0.09907024 1.0588907 -0.24566508
v 0.55190974 -0.7329126 -0.35037043
v -0.55190962 -0.73291111 -0.35037028
v 0.47271069 0.91705924 -0.09933891
v -0.47270926 0.91706031 -0.09934017
v 0.41300085 -1.0589683 -0.02347161
v -0.41299957 -1.05897235 -0.02346972
v 0.74921494 0.00583672 0.25811654
v -0.74921482 0.00583662 0.25811672
v 1.04761266 -2.29716825 0.24520391
v -1.0476129 -2.29716706 0.24520343
v 0 0.73448503 -0.73905158
v 0.45593342 0.934915 -0.06822507
v -0.45592993 0.93491804 -0.06822273
v 0.23235558 0.46271318 1.01456296
v -0.23235732 0.46272069 1.01455867
v 0.68543189 -2.99799299 0.35744828
v -0.68542331 -2.99799823 0.35745295
v 0.06324508 -1.75897371 -1.21210527
v -0.06324187 -1.75897514 -1.21210384
v 0.76494741 -0.00126309 0.16780847
v -0.76494723 -0.00126312 0.16780899
v 0.58041489 -1.39845764 -0.15987348
v -0.58040982 -1.39845609 -0.15986999
v 0.2143644 -1.67873156 0.20170912
v -0.21436256 -1.67873096 0.20170904
v 0.5356965 -2.00897789 0.31087324
v -0.53570187 -2.00897526 0.31087103
v 0.05582354 0.51180088 1.03204977
v -0.05582783 0.51180052 1.03204977
v 0.30278798 -2.90545487 0.58653026
v -0.3027901 -2.9054532 0.58652961
v 0.53885495 -0.53460669 0.46011558
v -0.53884637 -0.53461927 0.46013197
v 0.39137285 -0.89313137 0.42775049
v -0.39137354 -0.89313083 0.42774969
v 0.24617469 -1.61884665 0.18205842
v -0.24617429 -1.61884856 0.18205894
v 0.34091439 -0.3803069 -0.68544668
v -0.34091433 -0.3803069 -0.68544668
v 0.77947562 0.07507253 0.10178578
v -0.77947568 0.07507243 0.10178535
v 0.48986482 -0.36094039 -0.49898982
v -0.48986482 -0.36094039 -0.49898982
v 0.69238394 -1.87158596 0.20768018
v -0.69237089 -1.87158656 0.20768411
v 0.65650904 -1.28058898 -0.45391383
v -0.65650981 -1.28059077 -0.45391291
v 0.41866028 -1.42611014 0.00743541
v -0.41865775 -1.42610776 0.00743745
v 0.02288333 -0.69374465 1.04948627
v -0.02288478 -0.69374418 1.04948639
v 0.12557053 0.14541696 1.09883189
v -0.12557083 0.14541722 1.09883201
v 0.20478177 -1.79197692 -1.17050313
v -0.20478214 -1.79197847 -1.17050147
v 1.36259079 -1.73052585 -0.75201946
v -1.36258769 -1.73052382 -0.7520197
v 0.18378652 -0.48759242 0.98684316
v -0.18378599 -0.48759323 0.98684364
v 0.99323475 -1.70267272 -1.04347586
v -0.99323517 -1.70267248 -1.04347538
v 0.58542591 -3.05392217 0.40849947
v -0.58542621 -3.05392217 0.40849936
v 0.5389769 -0.40819725 -0.36514896
v -0.53897696 -0.40819665 -0.36514902
v 0.06822831 -0.86804121 0.94246703
v -0.06822679 -0.86804103 0.94246763
v 0.67488372 -0.2272046 0.11303208
v -0.6748839 -0.22720426 0.11303201
v 0.04175644 -0.42757085 1.19702148
v -0.04175645 -0.42757082 1.19702148
v 0.64927148 -1.26452982 -0.50144165
v -0.6492713 -1.26452934 -0.5014407
v 1.00084757 -1.94161129 0.11135162
v -1.00084269 -1.94161415 0.11135532
v 0.52962333 -0.39992964 -0.39764252
v -0.52962338 -0.39992961 -0.39764246
v 0.04589335 -0.82748037 0.96848541
v -0.04589257 -0.82748144 0.96848499
v 0.60813683 -0.41348481 0.06771502
v -0.6081478 -0.41347813 0.06771792
v 0.44449695 0.47203731 -0.70113498
v -0.44449693 0.47203716 -0.70113509
v 0.57643842 0.52374577 -0.50032043
v -0.57643854 0.52373826 -0.50032424
v 0.20354656 0.39073965 1.05314481
v -0.20356068 0.39072898 1.05314338
v 0.13473844 -1.69588005 0.19576565
v -0.13473945 -1.69588649 0.19576793
v 0.77673846 0.01129749 0.18278449
v -0.7767384 0.01129767 0.18278493
v 0.06217258 1.04557192 0.387212
v -0.06217255 1.0455724 0.38721048
v 0.28946265 -2.29224157 0.45346164
v -0.28946372 -2.29225134 0.45346495
v 0.60108614 0.4973208 -0.4575482
v -0.60108691 0.49731355 -0.45754972
v 0.28251007 -1.85260331 -1.09926915
v -0.2825129 -1.85259795 -1.09927439
v 0.10770885 -1.04706454 0.88434648
v -0.1077084 -1.04706454 0.88434678
v 0.07502448 -0.475488 1.06317257
v -0.07502448 -0.475488 1.06317257
v 0.20757897 -2.87397575 0.60493755
v -0.20757882 -2.87397623 0.60493761
v 0.7119674 -3.03264021 0.29121699
v -0.71196645 -3.03264045 0.29121828
v 0.47399696 -3.00105166 0.51178258
v -0.47399747 -3.00105166 0.51178234
v 0.58448576 -1.2515521 -0.26612556
v -0.58446514 -1.25153672 -0.26609772
v 0.39162179 0.94481921 -0.25158596
v -0.39162439 0.94481718 -0.2515867
v 0.19732897 1.02419126 0.36594608
v -0.19732855 1.0241909 0.36594763
v 0.68922013 -0.3720352 0.04318064
v -0.68922001 -0.37203484 0.04318039
v 1.10014259 -2.115736 0.14630626
v -1.10014605 -2.11573648 0.1463046
v 0.67013055 -0.34447619 0.17383429
v -0.67013061 -0.34447622 0.17383386
v 0.52917861 -0.60744583 -0.1803869
v -0.52917873 -0.60744583 -0.18038743
v 0.73295658 0.00429752 0.03941524
v -0.73295682 0.00429792 0.03941539
v 1.31322741 -1.96256375 -0.05138487
v -1.31322729 -1.96256399 -0.05138457
v 0.38232922 0.32587367 0.99084162
v -0.38232868 0.32587328 0.99084204
v 0.15971906 0.09706781 1.0633192
v -0.15972209 0.09706866 1.06331861
v 0.53307718 -0.63801789 -0.22061777
v -0.53307718 -0.63801765 -0.22061762
v 0.5462591 -1.97275173 0.29405364
v -0.54625606 -1.97275197 0.29405453
v 0.54404264 -0.57228773 -0.31423282
v -0.54404264 -0.57228815 -0.31423264
v 1.32728207 -1.92609405 -0.09066593
v -1.32728242 -1.92609334 -0.09066684
v 1.14271283 -2.1733582 0.14494739
v -1.14271068 -2.17335772 0.14494845
v 0.50000464 -0.46625587 -0.48596662
v -0.50000464 -0.46625581 -0.48596665
v 0.45398742 -0.69016903 0.07126228
v -0.45398733 -0.69016909 0.07126245
v 0.20739896 0.09955418 1.03668725
v -0.20739777 0.09955392 1.03668725
v 0.5441643 -0.54409343 -0.28758031
v -0.5441643 -0.54409235 -0.28757914
v 0.02911728 0.96055412 0.59655737
v -0.02911625 0.96055346 0.5965588
v 0.70670729 -2.65965747 0.41353508
v -0.706707 -2.65965604 0.4135352
v 0.58625477 0.45995646 -0.50981688
v -0.586254 0.4599564 -0.50981873
v 0.21649813 0.85169971 0.70368319
v -0.21649998 0.85169971 0.70368218
v 0.44602242 -0.85337925 0.41494941
v -0.44602245 -0.85337919 0.41494917
v 0.42218485 -0.56017327 0.74280262
v -0.42218467 -0.56016802 0.74280679
v 0.23707875 0.02061014 -0.81594616
v -0.23707814 0.02061072 -0.81594657
v 0.2959665 -3.13200783 0.5326364
v -0.29596546 -3.13200926 0.53263592
v 0.34015792 -0.98654669 0.12854768
v -0.34015774 -0.98654782 0.12854778
v 0.72231781 -0.20406448 0.04327197
v -0.72231763 -0.20406493 0.04327192
v 0.41333046 -0.88622003 0.48354056
v -0.41332992 -0.88622057 0.48354163
v 0.42709356 -0.58913666 0.70988345
v -0.4270935 -0.58913344 0.70988649
v 0.37246987 -0.29162213 -0.66108077
v -0.37246984 -0.29162234 -0.66108077
v 0.02431374 -1.07460749 0.63407766
v -0.02431369 -1.07460749 0.63407796
v 0.04062399 -1.31798088 -1.09469294
v -0.04062287 -1.31798219 -1.09469401
v 0.58121919 -1.07955193 -0.30183583
v -0.58121663 -1.07953119 -0.30183532
v 0.38391536 -1.33990013 0.03364128
v -0.3839159 -1.33990335 0.03364084
v 0.43288135 -0.8618257 0.47662648
v -0.43288087 -0.86182606 0.47662758
v 0.33276057 -1.28204727 -0.94265621
v -0.332751 -1.28204643 -0.94266212
v 0.45384523 -0.01733015 -0.65960878
v -0.45384484 -0.01732997 -0.65960919
v 0 -1.46116387 0.13042803
v 0.21245408 -0.62339705 0.97409683
v -0.21245434 -0.62339717 0.97409665
v 0.20074141 1.06931316 0.116337
v -0.20074328 1.06931281 0.11633474
v 0.36878934 -1.26497185 0.05457669
v -0.36879116 -1.26499247 0.05457318
v 0.67422241 0.22255267 -0.22025276
v -0.67422246 0.22253978 -0.220252
v 0.67901724 -0.41104897 0.20106621
v -0.6790173 -0.41104751 0.20106604
v 0.42696848 -2.97151303 0.54129803
v -0.42696782 -2.97151303 0.54129833
v 0.57422697 0.0316645 0.6647188
v -0.57422411 0.03166876 0.66472697
v 0.49381035 -1.23504304 -0.77900278
v -0.49380707 -1.2350409 -0.77900475
v 0.35828846 -0.25981921 0.91359496
v -0.35828733 -0.25981897 0.91359543
v 0.70375561 -0.10974784 0.2759754
v -0.70375496 -0.10974993 0.27597522
v 0.6743406 -0.20674237 0.17735943
v -0.67434072 -0.20674228 0.17735901
v 0.62444323 -0.29282361 0.19051733
v -0.6244421 -0.29282212 0.1905177
v 0.41189065 0.62068623 0.78375685
v -0.41189062 0.62068504 0.78375792
v 0.55751204 0.08113929 0.71923703
v -0.5575149 0.0811354 0.7192288
v 0.5895999 0.71138775 0.31140995
v -0.58960056 0.71138435 0.31141254
v 0.08735077 -1.09030294 0.29353109
v -0.08735077 -1.09030294 0.29353109
v 0.37115243 -1.527094 0.08838047
v -0.37115368 -1.52709519 0.08837983
v 0.31456247 -0.63825315 0.87157052
v -0.31456351 -0.63825529 0.87156838
v 0.4779714 -1.91920328 -1.02306485
v -0.47797182 -1.91920328 -1.02306485
v 0.74350029 -0.07434935 0.06613186
v -0.74350035 -0.07434936 0.06613188
v 0 -3.21890258 0.51666164
v 0.60469877 -0.26454189 0.20600043
v -0.60469877 -0.26454192 0.20600037
v 0.03896128 -0.44671112 1.15628039
v -0.03896128 -0.44671112 1.15628039
v 0.82554101 -1.52081263 -0.88010746
v -0.82553803 -1.52081 -0.88010442
v 0.09765488 0.60756385 0.96963256
v -0.09765216 0.60756868 0.96962958
v 0.24671061 -1.566298 0.17079937
v -0.24671196 -1.56629574 0.17079857
v 0.37982329 -0.87172406 0.60797649
v -0.37982147 -0.87172645 0.60797876
v 0.80501955 -0.0659557 0.04574005
v -0.80501949 -0.06595576 0.04574002
v 0.04862019 -0.43520033 1.16043126
v -0.04862019 -0.43520033 1.16043126
v 0.17357741 1.07720351 -0.04700044
v -0.17357902 1.07720327 -0.0469998
v 0.1783477 -1.32416498 0.17746502
v -0.17834723 -1.3241682 0.17746463
v 0.46922913 -1.26960086 -0.1044965
v -0.46922779 -1.26960325 -0.10449401
v 1.05219268 -1.74660134 -0.05037527
v -1.05219936 -1.74660062 -0.05038135
v 0.1844794 -1.60508608 -1.27670943
v -0.1844737 -1.60508453 -1.27670872
v 0.10251691 -2.9566636 0.61279845
v -0.10251691 -2.9566636 0.61279845
v 0.11153348 -0.79793548 -0.8847742
v -0.11153194 -0.79793232 -0.88477349
v 0.26277279 -0.8516649 0.82275831
v -0.26277366 -0.85166442 0.82275754
v 0.45524311 -0.73737078 0.19749327
v -0.45524457 -0.73736894 0.19749133
v 1.23233783 -1.79003715 -0.14286828
v -1.23233795 -1.79003679 -0.14286866
v 0.66528815 -0.27197235 0.22036559
v -0.66528809 -0.2719722 0.22036565
v 1.02196002 -1.73277998 -0.05350628
v -1.02197349 -1.73277998 -0.05351482
v 0.25140053 -0.7885555 0.87414687
v -0.25140073 -0.78855645 0.8741461
v 0.48648536 -1.08970594 -0.14521543
v -0.48648253 -1.08970952 -0.14521147
v 0.704252 -0.06648033 0.15475781
v -0.70425206 -0.06648022 0.15475784
v 0.86615002 -2.34160113 0.32768756
v -0.86614853 -2.34160327 0.32768845
v 0.39803344 0.60566347 -0.67783224
v -0.39803344 0.60566347 -0.67783224
v 0.82157945 -1.46643889 -0.35669568
v -0.82158184 -1.46644187 -0.35669088
v 0.69416338 0.06691104 0.17530481
v -0.69416332 0.06691132 0.17530353
v 0.18851231 -3.09073638 0.5827673
v -0.18851283 -3.09073567 0.58276742
v 0.80117517 -0.07802628 -0.03021729
v -0.80117499 -0.07802713 -0.03021749
v 0.62461066 -0.31125012 -0.08035042
v -0.62461125 -0.31124925 -0.08034931
v 0.37879747 0.2188296 -0.78220778
v -0.37879762 0.218829 -0.78220772
v 0.69300085 0.05640911 0.21650822
v -0.69300174 0.05640905 0.21650531
v 0.50351864 0.29105034 -0.6774863
v -0.5035184 0.29105022 -0.67748665
v 0.20580884 -0.6860125 0.94845563
v -0.20580875 -0.68601244 0.94845575
v 0.90557748 -1.71572136 -1.11422264
v -0.90557986 -1.71572268 -1.11422181
v 0.54009467 -0.49489924 -0.34595716
v -0.54009461 -0.49489954 -0.34595763
v 0.62004065 0.19185765 -0.45961803
v -0.62004101 0.1918578 -0.45961704
v -0.53071761 -2.77867746 -0.04140731
v 0.52577579 0.0200921 0.76169335
v -0.52577573 0.02009123 0.76169323
v 0.35875734 -0.9326418 0.56635439
v -0.35875761 -0.93264156 0.56635355
v -0.60465049 -2.45591163 -0.42606639
v 0.03145588 -1.04969418 0.91410464
v -0.03145589 -1.04969418 0.91410464
v 0.20037896 -1.32892692 -1.06098759
v -0.20037892 -1.32892668 -1.06098735
v -0.40228968 -2.17049336 -0.76621538
v 0.40229857 -2.17053675 -0.76616495
v 0.54768896 0.20584748 0.76030486
v -0.54768824 0.20584678 0.76030755
v 0.82626342 -0.03850739 0.01031838
v -0.8262636 -0.03850724 0.01031892
v 0.28035152 0.64464926 -0.73081964
v -0.28035184 0.64464932 -0.73081946
v 0.41699051 -0.01535339 0.88476955
v -0.41699063 -0.01535349 0.88476938
v 0.67995077 -1.71838438 -1.23688495
v -0.67994755 -1.71838343 -1.23688602
v 0.40057131 0.49354136 -0.72922772
v -0.40057152 0.49354186 -0.72922742
v 0.15088319 0.29362008 -0.85539364
v -0.15088319 0.29362008 -0.85539364
v 0.47946393 0.76652073 -0.44679838
v -0.47946357 0.76652228 -0.44679695
v 0 -1.83057248 0.22204726
v 0.18855156 -1.76954424 0.23124833
v -0.18855099 -1.7695471 0.23124936
v 0.6821987 0.0616141 -0.10297342
v -0.6821987 0.06161537 -0.10297395
v 0.61737293 -0.3985542 0.27885049
v -0.61737316 -0.39855173 0.27885171
v 0.48624426 0.83833307 -0.31664079
v -0.48624327 0.83833688 -0.31663501
v 1.02234625 -1.75940954 -1.0678606
v -1.02234566 -1.7594099 -1.06786108
v 0.18579934 0.76899963 0.81738358
v -0.18579687 0.76900285 0.8173815
v 0.17406445 -1.46869349 0.16574391
v -0.17406986 -1.46869754 0.16574488
v 0.67578661 -1.33398759 -0.37805116
v -0.67578804 -1.33398771 -0.3780559
v 0.62738031 -0.25485518 -0.1405259
v -0.62738096 -0.25485166 -0.1405261
v 0.18863713 -0.90226072 0.87205833
v -0.18863561 -0.90226131 0.87205934
v 0.96976417 -1.78937327 -1.113613
v -0.96976435 -1.78937161 -1.11361205
v 0.55257624 -1.61706972 -1.21840107
v -0.55257487 -1.61706996 -1.21840179
v 0.67612898 -1.34754729 -0.34735342
v -0.67612987 -1.34754908 -0.34735181
v 0.82770526 -2.00844025 -0.94840872
v -0.82770836 -2.00843977 -0.94840937
v 1.02745151 -2.37597441 0.26954722
v -1.02745139 -2.37597465 0.26954725
v 0.54282569 -0.66756761 0.18828919
v -0.54282409 -0.66756904 0.1882883
v 0.05803118 1.02998542 0.43744799
v -0.05803205 1.02998566 0.43744722
v 0.16593299 -0.43682068 1.00576806
v -0.16593289 -0.43682083 1.00576806
v 0.7101944 -1.4189856 -0.26640501
v -0.71018672 -1.41898298 -0.26640021
v 0.99916207 -2.33864975 0.27805936
v -0.99916243 -2.33864998 0.2780593
v 0.20792578 0.10981522 -0.84627825
v -0.20792743 0.10981576 -0.84627789
v 0.58240103 0.79303139 0.15826305
v -0.58240163 0.79302996 0.1582643
v 1.20630514 -1.6598072 -0.78538501
v -1.20630335 -1.65980744 -0.78538858
v 0 0.06749615 -0.86646974
v 0.4634805 0.84107452 -0.35802841
v -0.46348267 0.84107351 -0.35802617
v 0.82931554 -1.80726218 0.1198715
v -0.82931864 -1.80726289 0.11987122
v 0.68772667 0.07775072 0.17511649
v -0.68772673 0.07775066 0.17511615
v 0.32036438 -2.06002497 0.35582244
v -0.32035663 -2.0600295 0.35582435
v 0.1186924 -1.41338372 -1.1565516
v -0.11869279 -1.41337752 -1.15654707
v 0.03399737 -0.00800386 1.04213023
v -0.03399737 -0.00800386 1.04213023
v 0.28123626 -0.90943151 0.77748632
v -0.28123587 -0.90942984 0.77748763
v 0.62890189 0.39034575 -0.4133481
v -0.62889993 0.39033684 -0.41335707
v 0.48874768 -0.66285485 -0.58538848
v -0.48874771 -0.66285491 -0.58538848
v 0.68669247 -0.00189279 -0.0521658
v -0.68669241 -0.00188184 -0.05217043
v 0.43094998 -1.32035911 -0.91286069
v -0.43093806 -1.32036519 -0.9128791
v 0.03027027 -1.08036172 0.88403844
v -0.03027027 -1.08036172 0.88403844
v 0.66339033 0.61271101 0.0257717
v -0.66339069 0.6127094 0.02577163
v 0.66657918 -0.20825664 0.23530596
v -0.66657906 -0.20825684 0.23530621
v 0.69325059 -1.49438023 -0.98819303
v -0.6932466 -1.49437665 -0.98818934
v 0.9680742 -1.5452795 -0.58130008
v -0.96807509 -1.54527986 -0.581299
v 0.2067283 1.0212394 -0.29130122
v -0.20672972 1.02123904 -0.29130119
v 0.64621728 -0.24308766 0.20239473
v -0.64621734 -0.24308769 0.20239464
v 1.22549235 -2.13411521 0.08921261
v -1.22549188 -2.13411498 0.0892128
v 0.63917386 -1.22920584 -0.4852083
v -0.6391735 -1.22920429 -0.48520746
v 0.03083078 -2.95276498 0.6059584
v -0.03083078 -2.95276498 0.6059584
v 0.66162937 -0.31731736 0.22801159
v -0.66162931 -0.31731742 0.2280114
v 0.67477351 -0.41424083 0.08066695
v -0.67477297 -0.4142408 0.08066698
v 0.77184963 -1.41790711 -0.40994969
v -0.77185189 -1.41790902 -0.40994834
v 0.58098864 -0.36092364 0.5056768
v -0.58098965 -0.36091902 0.50567752
v 0.0291426 -2.99062347 0.6025179
v -0.0291426 -2.99062347 0.6025179
v 0.62827295 -1.18298447 -0.4869726
v -0.62827217 -1.18298077 -0.48697331
v 0.65461552 -0.38223066 0.06238984
v -0.6546157 -0.38222965 0.06238922
v 0.26855632 -0.12337786 0.94685536
v -0.26855763 -0.12337794 0.94685512
v 0.09001486 -0.39519992 1.16178965
v -0.0900148 -0.39519998 1.16178965
v 0.91425806 -1.52496206 -0.67787253
v -0.91425597 -1.52496099 -0.67787325
v 0.05529229 -1.97535705 0.3161399
v -0.05529207 -1.97535705 0.31613984
v 0.64652597 0.18597851 0.4330914
v -0.64652568 0.18598613 0.43309086
v 0.82093745 -1.6385405 -1.10748267
v -0.8209387 -1.63854193 -1.10748326
v 0.3629516 -3.15074658 0.48608478
v -0.36295327 -3.15074348 0.48608681
v 0.73350966 -1.38542687 -0.58506554
v -0.73351073 -1.38542926 -0.5850771
v 0.15784119 -0.0659112 0.92990416
v -0.15784117 -0.06591118 0.92990416
v 0.29337367 0.06188407 0.9672271
v -0.29337289 0.06188422 0.96722734
v 0.03456621 -1.9479959 0.29847493
v -0.03456538 -1.94799935 0.29847699
v 0.89258045 -1.68947804 -1.1039704
v -0.89258188 -1.68947839 -1.10396969
v 0.46521347 0.12991081 0.89006465
v -0.46521252 0.12991172 0.89006632
v 0.28528383 0.46858221 -0.79727381
v -0.28528383 0.46858221 -0.79727381
v 0.35821959 -0.51309824 -0.69461584
v -0.35821947 -0.51309794 -0.6946159
v 1.01758205 -1.65441966 -0.96805882
v -1.01758503 -1.65442085 -0.96805834
v 0.22619029 0.78976446 0.77606624
v -0.22619052 0.78976559 0.77606487
v 0.12714214 0.0144014 0.96007359
v -0.12714201 0.01440143 0.96007365
v 0.59306812 -1.4289627 -0.14347969
v -0.59306836 -1.42896103 -0.14348138
v 0.20758383 0.27695363 1.07877588
v -0.20758666 0.27696251 1.07877337
v 0.30757102 0.43126687 -0.79688799
v -0.30757102 0.43126687 -0.79688799
v 0.05620729 1.06905937 0.299187
v -0.05620729 1.06905937 0.299187
v 0.48780366 0.88001924 0.2748129
v -0.48780334 0.88001978 0.27481222
v 0.12234189 -1.0782864 0.82008141
v -0.12234197 -1.0782864 0.82008117
v 0.2869414 0.5137366 0.95998859
v -0.28694269 0.51373475 0.95998883
v 0.18012061 -0.9908154 0.318713
v -0.18012042 -0.99081569 0.31871309
v 1.13229394 -1.69022369 -0.23759099
v -1.13230061 -1.69022584 -0.23759166
v 0.62956577 -0.34780463 0.01405967
v -0.62956494 -0.34780165 0.01405373
v 0.15986797 0.05151327 0.97464692
v -0.15986815 0.05151349 0.97464704
v 0.10016731 -0.12699432 0.98959815
v -0.10016679 -0.1269925 0.98959767
v 0.29854595 -0.94164538 0.46435976
v -0.29854631 -0.94164437 0.46435761
v 0.66930538 -0.34655317 0.19019007
v -0.66930592 -0.34655368 0.19018869
v 0.19002379 -1.4143331 0.16998694
v -0.19002415 -1.41432809 0.16998736
v 0.65115863 -0.21737045 -0.06991999
v -0.65115833 -0.21736723 -0.06992337
v 0.40015915 0.1395192 -0.76100474
v -0.40015935 0.13951915 -0.76100456
v 0 -0.57742685 1.08977806
v 0.14573018 -1.26797282 -1.03848624
v -0.14573194 -1.26797139 -1.03848469
v 0.65197151 -0.32720643 0.21958667
v -0.65197145 -0.32720634 0.21958696
v 0.50030922 -0.24392588 0.80298417
v -0.50030964 -0.24392697 0.80298316
v 0.63000863 0.69618487 0.12549234
v -0.63000804 0.69618594 0.12549549
v 0.08524737 -0.65450191 1.05735421
v -0.08524618 -0.65450161 1.05735492
v 0.2347767 -1.34389162 0.17346899
v -0.23477661 -1.34389007 0.17346908
v 0.48069885 0.91019445 0.16218943
v -0.48069837 0.91019499 0.16218802
v 0.75376194 0.08324232 0.15910948
v -0.753762 0.08324233 0.15910945
v 0.16441895 -0.20132842 0.97542232
v -0.16441866 -0.20132647 0.97542184
v 0.02643762 0.92946893 0.65015626
v -0.02643553 0.92946827 0.65015757
v 0.61412435 -1.3909564 -0.20045071
v -0.61412394 -1.39095735 -0.20044925
v 0.18475785 0.67124038 -0.75144368
v -0.18475757 0.67124033 -0.7514438
v 0.74261862 0.07910104 0.18202565
v -0.74261856 0.07910104 0.1820258
v 1.02725076 -1.85422813 -1.10528504
v -1.02725029 -1.85422813 -1.1052854
v 0.19159582 0.48483216 1.01974904
v -0.1915929 0.48483064 1.01975083
v 0.18650442 0.23887364 1.09069585
v -0.1865043 0.23888757 1.09069347
v 0.87413889 -2.16274571 0.28102994
v -0.87414497 -2.16274213 0.28102642
v 0.55357509 0.44597548 -0.57912796
v -0.55357456 0.44597637 -0.57912844
v 0.2248937 -1.02486968 0.76919692
v -0.224895 -1.0248686 0.76919621
v 0.58566796 -1.38577389 -0.88007789
v -0.58565199 -1.38577365 -0.88009494
v 0.5770539 -0.05105132 0.65338242
v -0.57705414 -0.05104708 0.65338146
v 0.70477193 -0.32250642 0.06412513
v -0.70477199 -0.32250669 0.06412518
v 0.07490789 0.5093804 -0.83138603
v -0.07490789 0.5093804 -0.83138603
v 0.55671203 0.40462172 -0.58689433
v -0.55671215 0.40462166 -0.58689415
v 0.5476461 -0.50461906 -0.2735385
v -0.54764598 -0.50462025 -0.27353832
v 0.53995555 -1.38328135 -0.92270928
v -0.53995233 -1.38328039 -0.92271059
v 0.71379804 0.06051915 0.16057612
v -0.7137981 0.06051917 0.16057568
v 0.07552696 -1.07252848 0.6540938
v -0.07552911 -1.07252776 0.65409082
v 0.71656101 -0.32808822 0.05963124
v -0.71656131 -0.32808774 0.05963081
v 0.63618493 -0.21139188 0.33466956
v -0.63618451 -0.21139273 0.33467099
v 0.42412671 -1.98292887 0.32132291
v -0.42413437 -1.98292851 0.32132172
v 0 -0.97429364 -0.95761692
v 0.99733263 -2.0204885 -0.94365876
v -0.9973607 -2.02048063 -0.94366854
v 0.51985704 -2.36726951 0.4414514
v -0.51985675 -2.36727809 0.44145342
v 0.68395263 0.19083711 0.18880824
v -0.68395203 0.1908421 0.18881595
v 0.41914206 0.05266469 0.88865596
v -0.41914349 0.05266447 0.8886547
v 0.53771477 -2.31306052 0.42429232
v -0.5377078 -2.313066 0.42429548
v 0.18208631 -0.33146974 0.992536
v -0.18208661 -0.33146953 0.99253577
v 0.46231874 -0.90043884 -0.08441373
v -0.46231859 -0.90043938 -0.08441355
v 0.04472633 -1.48209118 -1.20920443
v -0.04472703 -1.48209083 -1.20920419
v 0.40308463 -0.87003821 0.38086789
v -0.40308511 -0.87003779 0.38086751
v 0.43604615 -0.21201346 0.87581682
v -0.43604549 -0.21201382 0.87581729
v 0.5053938 -1.70358026 0.1106731
v -0.50539422 -1.70358789 0.11067856
v 0.58618015 -0.59294152 0.19188925
v -0.58617961 -0.59294265 0.19188781
v 0.70576548 -0.06311169 0.22512787
v -0.70576554 -0.06311166 0.22512774
v 0.38637015 0.92693883 -0.31177648
v -0.38636779 0.92694133 -0.3117744
v 0.42826953 -0.85210579 0.36937275
v -0.42826998 -0.85210543 0.36937266
v 0.8855471 -1.55330169 -0.24704158
v -0.88554453 -1.55330073 -0.24703925
v 0.35134568 0.45127111 0.95558261
v -0.35134774 0.45127302 0.95557999
v 0.75919634 0.07991827 0.11894755
v -0.75919473 0.07991752 0.11894486
v 0.61043757 0.75065755 -0.05749989
v -0.61043793 0.75065803 -0.05749309
v 0.3231849 -1.40501272 0.11296293
v -0.32318633 -1.40501582 0.11296167
v 0.1725879 -1.02724623 0.55360448
v -0.17258603 -1.02724659 0.55360156
v 1.25884091 -1.68342518 -0.40787231
v -1.25883781 -1.68342351 -0.40787378
v 0.32229587 0.31462088 -0.80729192
v -0.32229587 0.31462088 -0.80729192
v 0.41069045 0.36964082 0.94914388
v -0.41068983 0.36964032 0.94914478
v 0.49733752 -1.27685809 -0.13963726
v -0.49733799 -1.27685511 -0.13963881
v 0.7271673 -1.39001417 -0.36511761
v -0.72716718 -1.39001441 -0.36511638
v 0.36369317 -0.14113484 -0.69560647
v -0.36369264 -0.14113481 -0.69560688
v 0.71259057 -0.24313846 0.02998581
v -0.71259057 -0.24313829 0.02998578
v 0.57145434 -0.51709556 0.36489325
v -0.57145446 -0.51710474 0.36488461
v 0.34303313 -1.11993861 0.10990654
v -0.34303283 -1.11993825 0.1099069
v 0.26519882 0.95835501 0.48367163
v -0.26519861 0.95835191 0.48367896
v 0.81229358 -0.11744829 -0.00650895
v -0.81229406 -0.11744637 -0.00650915
v 0.23513001 -1.13005328 -0.93890339
v -0.23513127 -1.13005638 -0.93890351
v 1.02625167 -1.69578468 -1.01473748
v -1.02625167 -1.69578516 -1.01473796
v 0.7931652 -0.17709347 -0.01918928
v -0.79316556 -0.17709255 -0.01918932
v 0.07898327 -1.09225273 0.78421771
v -0.07898353 -1.09225273 0.78421706
v 0.13440614 -0.3956072 1.1078943
v -0.13440616 -0.39560723 1.1078943
v 0.82675159 -0.03082527 0.03413575
v -0.82675153 -0.03082574 0.03413526
v 0.35443207 1.00195229 0.13779348
v -0.35442155 1.00195777 0.13779795
v 0.20270282 -1.18873691 -0.97540056
v -0.2027024 -1.18873775 -0.9754011
v 0.3479931 -0.7087211 0.78381943
v -0.3479942 -0.70871776 0.78381973
v 0.80327695 -0.01756391 -0.00659817
v -0.80327683 -0.01756404 -0.00659825
v 0.38305693 0.9884243 0.10229724
v -0.3830527 0.98842698 0.10229642
v 0.13038177 -0.27279287 -0.79002881
v -0.13038143 -0.27279233 -0.79002887
v 1.10944831 -1.60473454 -0.52665722
v -1.10944712 -1.60473442 -0.52665484
v 0.0934623 -0.1846919 -0.79609578
v -0.09346228 -0.1846919 -0.79609578
v 0.34975299 1.00878977 0.08821979
v -0.34975844 1.00878655 0.08822273
v 0.49221113 -0.83948636 -0.13106651
v -0.49221098 -0.83948576 -0.13106602
v 0.53168517 0.51938223 -0.58030867
v -0.53168463 0.51938188 -0.58030974
v 0.10103281 -1.26212954 -1.05023872
v -0.10103307 -1.2621299 -1.05023884
v 0.14391337 -0.33811759 -0.79125487
v -0.14391247 -0.33811742 -0.79125511
v 0.1549748 -0.50160414 1.00801563
v -0.15497449 -0.50160473 1.00801587
v 1.35352397 -1.76990127 -0.84306126
v -1.35352218 -1.76990008 -0.84306138
v 0.33264002 -1.42947626 0.10395348
v -0.33263537 -1.42948472 0.10395886
v 0.76364052 -1.4978764 -0.19087167
v -0.7636367 -1.49787414 -0.1908721
v 0.05326503 -1.18531298 -1.02952218
v -0.053266 -1.1853069 -1.02951991
v 0.08890264 -2.58132267 0.55182451
v -0.08890053 -2.58132624 0.55182522
v 0.79373157 0.04794225 0.17200428
v -0.79373115 0.04794273 0.17200572
v 0.70875674 0.03411671 0.07085471
v -0.70875668 0.03411652 0.07085447
v 0.54170662 -0.75533384 -0.2762514
v -0.54170662 -0.75533372 -0.27625143
v 0.04798994 -0.44631689 1.09382784
v -0.04798994 -0.44631689 1.09382784
v 0.2742744 -1.06006574 0.1822749
v -0.27427434 -1.0600655 0.18227495
v 0.10166435 -0.9805237 -0.94789874
v -0.10166432 -0.98052215 -0.9478982
v 0.3248426 -0.93134737 -0.82551544
v -0.3248426 -0.93134856 -0.82551574
v 0.90956789 -1.55155694 -0.82457476
v -0.90956616 -1.55155634 -0.82457619
v 0.67398893 -1.82781612 0.17636443
v -0.67398089 -1.82781851 0.17636886
v 0.57007437 0.825127 0.04052921
v -0.57007324 0.82512855 0.04053311
v 0.55012637 -0.78380674 -0.30937942
v -0.55012649 -0.78380912 -0.30937904
v 0.25136458 0.32111853 -0.83225405
v -0.25136426 0.32111847 -0.83225411
v 0.29406285 -0.88343346 -0.83368301
v -0.29406496 -0.8834337 -0.83368176
v 0.92375588 -1.60622334 -0.97154641
v -0.92375707 -1.60622394 -0.97154641
v 0.05668118 -0.41579273 1.19235193
v -0.05668119 -0.41579273 1.19235193
v 0.54332095 -0.58180385 -0.29004395
v -0.54332089 -0.58180379 -0.29004347
v 0.04045045 -1.09671986 0.83779025
v -0.04045045 -1.09671986 0.83779025
v 0.06598171 -1.06829357 0.41501084
v -0.06598196 -1.06829369 0.41501042
v 0.6056962 -0.26959833 0.18993046
v -0.60569626 -0.26959827 0.18993042
v 0.19814769 -0.99416303 0.45952659
v -0.19814799 -0.99416273 0.45952627
v 0.45921811 -1.33405673 -0.07145033
v -0.45921635 -1.33406114 -0.07144662
v 0.7053585 0.05657394 0.11364845
v -0.70535796 0.05657354 0.11364468
v 0.04542431 -0.97467482 -0.95571512
v -0.0454241 -0.97467446 -0.955715
v 0.59897661 -0.25645071 0.20210471
v -0.59897655 -0.25645071 0.2021047
v 0.26617571 1.03807914 -0.13144221
v -0.26618221 1.0380783 -0.13143159
v 0.06297065 -0.96845549 0.93196135
v -0.06297089 -0.96845483 0.93196123
v 0.1446582 0.5759058 -0.80352705
v -0.1446582 0.5759058 -0.80352705
v 0.55873388 -1.71945428 -1.22978854
v -0.55872297 -1.71945321 -1.22978949
v 0.05021435 -0.77928489 -0.88848614
v -0.05021437 -0.77928501 -0.8884862
v 0.23053039 1.05084466 -0.13273085
v -0.23053535 1.05084359 -0.13272711
v 0.60076272 0.4064629 0.50652158
v -0.60076409 0.40645623 0.50652021
v 0.57827168 -0.4222227 -0.07879348
v -0.57827311 -0.4222196 -0.07878956
v 0.24622152 -0.27326244 0.95419931
v -0.24622309 -0.27326118 0.95419877
v 0.76466357 0.06368359 0.21798822
v -0.76466357 0.06368341 0.21798847
v 0.62286955 -0.01462042 -0.34553104
v -0.62286955 -0.01462337 -0.34552884
v 0.21668757 -0.97637295 0.23256433
v -0.21668763 -0.97637289 0.23256433
v 0.12154392 -3.18092274 0.54185783
v -0.12154374 -3.18091988 0.5418598
v 0.61875528 0.61094069 -0.31806904
v -0.6187551 0.61094224 -0.31806784
v 0.5790376 -0.38919696 -0.16583126
v -0.57903844 -0.38919284 -0.16583429
v 0.92557358 -2.08328509 0.226745
v -0.9255737 -2.0832827 0.22674386
v 0.31008094 0.30025497 1.03883802
v -0.31008133 0.30025193 1.0388385
v 0.37770083 0.52155703 0.89167505
v -0.37770167 0.52156013 0.89167225
v 0.24914492 0.82341343 -0.60724395
v -0.24914491 0.82341343 -0.60724395
v 0.21880772 -0.95354026 0.24439591
v -0.21880771 -0.95354026 0.24439592
v 0.47736218 -2.66855859 0.50955474
v -0.47735938 -2.66856026 0.50955587
v 0.08739244 1.08556509 0.18489462
v -0.08739244 1.08556509 0.18489462
v 0.30951169 0.14980535 -0.81478273
v -0.30951142 0.14980524 -0.81478285
v 0.62108862 -1.19278419 -0.54386311
v -0.62108784 -1.19278252 -0.54386442
v 0.67553943 -0.28355434 0.23000933
v -0.67553937 -0.28355443 0.23000931
v 0.47832307 0.32084929 0.88599443
v -0.47832295 0.32084822 0.88599509
v 0.69673275 -0.01553316 0.01758988
v -0.69673287 -0.01553326 0.0175901
v 0.21502277 -0.85227823 0.87018865
v -0.21502149 -0.85227727 0.87019026
v 0.45221397 -0.76225966 0.01667751
v -0.45221385 -0.76226007 0.01667765
v 0.14028739 -1.03262317 0.46905449
v -0.14028592 -1.03262412 0.46905559
v 0.16583295 -1.15319967 -0.98167347
v -0.16583402 -1.15319955 -0.98167288
v 0.02860808 -3.1372447 0.56182158
v -0.02860816 -3.13724541 0.56182128
v 0.19713822 0.02547509 0.96042782
v -0.19713598 0.02547465 0.96042716
v 1.20966863 -1.92841422 0.00066672
v -1.20966875 -1.92841255 0.0006655
v 0.41938415 -0.8305372 0.05049559
v -0.41938501 -0.83053481 0.05049499
v 0.65710443 0.18023899 -0.31388178
v -0.65710443 0.1802341 -0.31388121
v 0.75193655 -0.26038357 -0.03008219
v -0.75193655 -0.26038348 -0.03008216
v 0.24875401 1.05643117 0.05464207
v -0.24875098 1.05643212 0.05464645
v 0.30526706 0.1748262 1.05038476
v -0.30527639 0.17483167 1.05038094
v 0.19001221 0.06885889 0.98802614
v -0.19001238 0.06885945 0.98802679
v 0.63281077 -1.22572541 -0.39934173
v -0.63280528 -1.22570514 -0.39933723
v 0.12990284 -1.95942211 0.32075274
v -0.12990476 -1.95942056 0.32075211
v 0.66697979 -0.33785966 0.15295547
v -0.66697961 -0.33785954 0.15295553
v 0.05480865 -0.42749771 1.11743593
v -0.05480865 -0.42749771 1.11743593
v 0.79722482 -2.89341831 0.31442776
v -0.79722517 -2.89341855 0.31442725
v 0.56279575 -0.49728134 0.41496902
v -0.56279128 -0.49729427 0.41497144
v 0.08868046 -0.42301437 1.13226282
v -0.08868046 -0.42301437 1.13226282
v 0.29422372 -0.66413414 0.88589304
v -0.29422369 -0.6641367 0.88589203
v 0.08349818 -0.12239176 -0.80547136
v -0.08349818 -0.12239176 -0.80547136
v 0.55626618 0.35553285 0.66269737
v -0.55626887 0.35553458 0.6626876
v 0.52458673 0.69643032 0.52024638
v -0.52458745 0.6964299 0.52024507
v 0.67915087 -0.14071506 0.21399635
v -0.67915082 -0.14071524 0.21399636
v 0.19299837 -0.08238931 0.93777817
v -0.19299872 -0.08238945 0.93777835
v 0.12303318 -0.27016562 1.0525875
v -0.12303283 -0.27016627 1.05258834
v 0 1.03472447 -0.34234711
v 0.58844953 0.32645809 0.57669013
v -0.58845037 0.32645258 0.57669001
v 0.69828748 -0.09514363 -0.00699802
v -0.69828754 -0.09514337 -0.00699797
v 0.39353641 -0.46827128 0.83155936
v -0.39353725 -0.46827021 0.831559
v 0.85189002 -1.78493273 0.0862504
v -0.85188603 -1.78493499 0.0862545
v 0.05888729 -0.06814805 1.02952075
v -0.05888708 -0.06814843 1.0295211
v 0.54200542 -0.62350124 -0.42001694
v -0.54200542 -0.6235013 -0.42001694
v 0.60330629 -1.11929357 -0.34570446
v -0.60330629 -1.11928951 -0.34570595
v 0.38703659 -0.86429375 0.36026963
v -0.38703519 -0.86429441 0.36027005
v 0.4058879 -1.73253607 0.16511128
v -0.40588048 -1.73253595 0.16511298
v 0.57088017 0.10323428 -0.55035793
v -0.57087999 0.10323531 -0.55035871
v 0.67868834 -0.01340162 0.2885583
v -0.6786884 -0.01340153 0.28855821
v 0.33123353 -0.8868463 0.37571874
v -0.33123478 -0.88684445 0.37571618
v 0.5291264 -1.21756589 -0.73156356
v -0.52912277 -1.21756243 -0.73156601
v 0.47455605 -1.88569021 0.28002396
v -0.47455713 -1.88569116 0.28002435
v 0.5371589 -0.61735707 -0.23884233
v -0.53715914 -0.61735838 -0.23884445
v 0.49177759 -0.92272341 -0.6660636
v -0.4917778 -0.92272311 -0.66606324
v 0.16541333 1.00539708 0.44750022
v -0.16541406 1.00539755 0.44749844
v 0.13294026 1.07881128 0.18161636
v -0.13293978 1.07881116 0.18161752
v 0.68034768 -0.22507776 0.10198058
v -0.6803478 -0.22507749 0.10198057
v 0.54073911 -0.61109191 -0.26469773
v -0.54073917 -0.61109232 -0.26469773
v 1.14647185 -2.01408958 0.08160959
v -1.14647471 -2.01409077 0.08160889
v 0.56867086 -0.63947373 0.22683769
v -0.56867009 -0.63947546 0.22683775
v 0.71880918 -0.09726025 0.12408345
v -0.71880924 -0.09725952 0.12408356
v 0.67278039 -0.1497302 0.29510819
v -0.67278039 -0.14972974 0.29510831
v 0.5860852 0.74137163 0.27770453
v -0.58608788 0.74136918 0.27769851
v 0.45405471 -1.17730057 -0.79055434
v -0.45405364 -1.17730093 -0.79055541
v 0.69057112 0.09542486 0.07398467
v -0.69057107 0.09542484 0.07398583
v 0.72913527 -0.18667225 0.06447869
v -0.72913479 -0.18667349 0.06447847
v 0.69468605 -0.08251072 0.15584473
v -0.69468623 -0.08251035 0.15584465
v 0.13133479 -2.80218744 0.60046857
v -0.13133479 -2.80218744 0.60046857
v 0.60732239 0.76536643 0.02326652
v -0.60732168 0.76536792 0.02327061
v 0.26550316 -0.0590951 0.95647305
v -0.26550316 -0.0590951 0.95647305
v 0.61268091 -0.25452029 -0.22699372
v -0.61268097 -0.254518 -0.22699688
v 0.30847936 0.09272799 0.99048191
v -0.30847927 0.09272768 0.99048173
v 0.62745112 0.52988284 -0.36001288
v -0.627451 0.52988421 -0.36001241
v 0.962489 -2.75599622 0.22972004
v -0.9624896 -2.75599622 0.22971949
v 0.31677204 0.86786752 -0.50565701
v -0.31677144 0.86786842 -0.50565624
v 0.23852908 -2.92120266 0.60240042
v -0.23853258 -2.9212017 0.6023997
v 0.41915559 -0.40538588 -0.60801464
v -0.41915559 -0.40538588 -0.60801464
v 0.62625515 -0.19027559 0.39184081
v -0.62625491 -0.1902752 0.39184352
v 1.24438285 -1.78037178 -0.95159697
v -1.24438333 -1.7803719 -0.95159667
v 0.74037677 -0.01832575 0.22487707
v -0.740377 -0.01832555 0.22487698
v 0 -0.65205133 1.08168315
v 0.66107797 -0.22210627 0.24868221
v -0.66107779 -0.22210635 0.24868211
v 0.40266019 0.52566939 -0.71508002
v -0.40266019 0.52566939 -0.71508002
v 0.69262307 -0.2913123 0.08919376
v -0.69262319 -0.29131224 0.08919368
v 0.20054031 0.74415457 0.83435875
v -0.20054031 0.74415463 0.83435863
v 0.46488767 -1.63018524 0.07705554
v -0.46488708 -1.63018345 0.07705464
v 0.10571617 -2.89440655 0.61150723
v -0.10571624 -2.89440655 0.61150723
v 0.59886568 -0.22917552 0.51313453
v -0.59886628 -0.22917628 0.51313054
v 0.60521143 -2.39606666 0.42331293
v -0.60520315 -2.3960812 0.42331811
v 0.28424704 0.60309368 -0.75042635
v -0.28424704 0.60309368 -0.75042635
v 0.78003919 -1.419577 -0.45157411
v -0.78003412 -1.41957342 -0.45156827
v 0.42666599 -0.11292076 0.8759455
v -0.42666578 -0.1129219 0.87594586
v 1.31722652 -1.77211153 -0.88344574
v -1.31723153 -1.7721138 -0.88344377
v 0.75119608 -0.00710231 0.24290186
v -0.75119608 -0.0071023 0.24290184
v 0.07721303 -0.74822622 1.03120613
v -0.0772131 -0.74822622 1.03120613
v 0.69859808 -1.80637407 -1.14196884
v -0.69860339 -1.80637574 -1.14196765
v 0.24647644 0.63319772 -0.75141292
v -0.24647624 0.63319796 -0.75141292
v 0.43345668 -0.27005735 -0.60415464
v -0.43345668 -0.27005741 -0.60415464
v 0.41228047 -1.20387947 -0.02547583
v -0.41227954 -1.20388293 -0.02547391
v 0.75015264 -0.00355199 0.25349405
v -0.75015258 -0.00355199 0.25349408
v 0.72430926 -0.33477056 0.01404837
v -0.72430932 -0.33477056 0.01404837
v 0.36031821 1.00133597 -0.0525343
v -0.36031413 1.00133884 -0.05252774
v 0.45556399 -0.7868278 0.5025677
v -0.45556411 -0.78682822 0.50256717
v 0.38047587 -1.22857213 0.03451098
v -0.38047635 -1.22857368 0.03451011
v 0.74068528 -0.23785096 0.0237722
v -0.7406854 -0.23785021 0.02377232
v 0.72932732 -0.33629214 0.0266939
v -0.72932738 -0.33629193 0.0266935
v 0.02852426 -1.68972408 0.16478462
v -0.02853553 -1.68972075 0.16478288
v 0.16594705 -0.10597111 0.94633781
v -0.16594687 -0.10597172 0.94633805
v 1.03434693 -1.86922264 0.06173591
v -1.03434324 -1.86922216 0.06173744
v 0.64011734 -0.28425678 -0.05414557
v -0.6401174 -0.28425708 -0.05414511
v 0.72889053 -0.33524638 0.03823104
v -0.72889047 -0.33524659 0.03823105
v 0.4893783 -2.28293871 0.42685139
v -0.489385 -2.28293871 0.42685002
v 0.27759736 -1.18515729 -0.92888778
v -0.27759742 -1.18515801 -0.92888796
v 0.59712898 -1.74028503 0.09870712
v -0.5971269 -1.74028229 0.09870552
v 0.55653756 0.43960452 0.61906898
v -0.55653893 0.43959754 0.61906892
v 0.47570955 -0.80062973 0.32859614
v -0.47570964 -0.80062943 0.32859563
v 0.5513305 0.8378787 0.15922214
v -0.5513277 0.83788222 0.15922239
v 0.25070118 0.13103245 -0.83584314
v -0.25070112 0.13103218 -0.83584314
v 0.11748921 0.96198672 0.56903255
v -0.11749052 0.96198707 0.56903129
v 0.47349649 -0.78039163 0.28413745
v -0.47349667 -0.78039133 0.28413713
v 0.61325544 -1.68743205 0.04980434
v -0.61325091 -1.68743479 0.04980837
v 1.02447056 -1.59920668 -0.35292834
v -1.02447557 -1.59920716 -0.35293474
v 0.55366438 -1.27389097 -0.21217785
v -0.55366379 -1.27389001 -0.21217738
v 0.54819083 -0.42592632 0.55098736
v -0.5481981 -0.42589634 0.5509966
v 0.68085944 -1.32334923 -0.47037816
v -0.68085885 -1.32334828 -0.47037464
v 0.47108534 0.44810631 0.827614
v -0.47108507 0.44810712 0.82761395
v 0.21345071 -1.3723756 -1.09725189
v -0.21344968 -1.37237417 -1.09725081
v 0.60660821 0.14114134 0.57835346
v -0.60660928 0.14114122 0.57834994
v 0.54069626 -0.39638194 0.60941189
v -0.54069656 -0.39636796 0.60942548
v -0.62409538 -2.89836835 0.10124173
v 0.62420046 -2.89935183 0.10241731
v 0.64073473 -0.28480994 0.20817354
v -0.64073479 -0.28480997 0.20817354
v 0.33981576 0.93917495 -0.35476392
v -0.33981764 0.93917298 -0.35476604
v 0.43976381 -0.78216087 0.0336719
v -0.43976426 -0.7821592 0.03367172
v 0.31209278 -0.97239255 0.59415096
v -0.31209239 -0.97239285 0.59415084
v 0.85807234 -1.83541095 0.13169753
v -0.85807371 -1.83541154 0.13169737
v 0.64371663 -2.89927601 0.43402466
v -0.64371681 -2.89927578 0.4340246
v 0.12969593 1.00702762 0.46438634
v -0.12969616 1.00702619 0.46438974
v 0.63591688 -0.29947748 0.20208622
v -0.63591706 -0.29947751 0.20208628
v 0.74814546 -0.00917464 0.17395456
v -0.74814546 -0.00917473 0.17395395
v 0.7660489 -2.83141183 0.36466127
v -0.7660489 -2.83141183 0.36466127
v 1.25552988 -1.69721615 -0.34880629
v -1.25553071 -1.69721579 -0.34880849
v 0.36445343 -0.49077943 0.85315829
v -0.36445605 -0.49077734 0.85315626
v 0.67645096 -0.20858643 0.14149795
v -0.67645102 -0.20858642 0.14149767
v 0.5439282 -0.00914565 0.7263295
v -0.54392767 -0.00914481 0.72633057
v 0.688169 -1.38409149 -0.30094733
v -0.68816876 -1.38409173 -0.30094644
v 0.75558537 -0.00465702 0.1854472
v -0.75558555 -0.00465692 0.18544709
v 0.0916608 -3.16489911 0.55345201
v -0.09166201 -3.16489839 0.55345243
v 0.33771207 0.72098165 0.7685818
v -0.33771377 0.72098243 0.76857936
v 0.49799045 -0.76721143 0.2952539
v -0.49799165 -0.7672097 0.29525217
v 0.46513369 0.3315497 -0.71305787
v -0.46513372 0.33154964 -0.71305787
v 0.370287 -1.39143168 0.0573932
v -0.3702878 -1.3914287 0.05739188
v 0.27137544 -0.96491462 0.19287756
v -0.27137541 -0.96491462 0.19287757
v 0.84909153 -1.92133581 0.17633619
v -0.84909153 -1.92133951 0.17633794
v 0.69285172 0.32853519 -0.09029662
v -0.69285213 0.32853502 -0.09029317
v 0.69168806 -0.30541831 0.09090461
v -0.69168812 -0.30541813 0.09090456
v 0.33124378 1.00633037 -0.14437142
v -0.33124741 1.00632882 -0.14436887
v 0.70003712 -0.40483689 0.15237273
v -0.70003742 -0.40483671 0.15237171
v 0.62715131 -0.4579404 0.16908817
v -0.62715131 -0.45794042 0.16908837
v 0.26934239 -0.89691448 0.21390169
v -0.2693423 -0.89691472 0.21390171
v 0.57528197 0.69722849 -0.34368708
v -0.57527971 0.69723063 -0.34369024
v 0.17510615 -1.17597389 0.1993792
v -0.17510651 -1.17597365 0.19937916
v 0.347415 0.19262319 1.03002607
v -0.34742328 0.1926248 1.03002142
v 0.25812569 -0.10455076 -0.76297557
v -0.25812488 -0.10455097 -0.76297581
v 0.63931584 0.23430611 0.44823244
v -0.63931459 0.23431237 0.44823554
v 0.81481087 -1.49630785 -0.2544966
v -0.81480312 -1.49630236 -0.25449606
v 0.52680492 -2.12744045 0.36513871
v -0.52681177 -2.1274507 0.36514145
v 0.43900057 0.42640623 0.888332
v -0.43899965 0.42640823 0.88833189
v 0.58281624 -1.2793312 -0.70642131
v -0.58281749 -1.27933132 -0.70641934
v 0.43412175 0.7568351 -0.52080369
v -0.43412131 0.75683438 -0.520805
v 0.77703911 0.0191055 0.02330265
v -0.77703887 0.01910685 0.02330379
v 0.95237034 -2.3971436 0.30437994
v -0.95237165 -2.39714384 0.30437946
v 0.0241156 -1.58686339 0.13989576
v -0.02412034 -1.58688068 0.13989956
v 0.58947771 -1.30316114 -0.72311615
v -0.58947789 -1.30316019 -0.72311502
v 0 0.17042237 1.09726762
v 0.12717288 -0.32964119 1.10394632
v -0.12717223 -0.32963848 1.10394454
v 0.57729589 -1.11383962 -0.60681515
v -0.57729488 -1.11383926 -0.60681688
v 0.78715741 -2.2535417 0.33669033
v -0.78715598 -2.25354194 0.33669087
v 0.22984983 -0.34376701 0.95702928
v -0.22984972 -0.34376484 0.95702952
v 0.17763052 -2.8968203 0.61038851
v -0.17763038 -2.89682149 0.61038857
v 0.02660009 -1.55210828 0.13462752
v -0.0265912 -1.55209624 0.13462621
v 0.44771137 -0.97468251 -0.73302662
v -0.44771128 -0.97468197 -0.7330265
v 0.552289 -1.01951861 -0.60961568
v -0.55228865 -1.01951777 -0.60961592
v 0.73501008 -0.03668988 0.14151592
v -0.73500973 -0.03668876 0.14151793
v 0.64340436 0.11828179 -0.35726904
v -0.64340406 0.11828244 -0.3572708
v 0.58417165 -0.40991133 -0.0013251
v -0.58416485 -0.40992835 -0.00130672
v 0.14059791 1.05924415 -0.21531562
v -0.14059728 1.05924415 -0.2153165
v 0.17184709 -0.13813284 -0.78594827
v -0.17184743 -0.13813285 -0.78594815
v 0.53580009 0.24693481 -0.63742661
v -0.53580087 0.24693578 -0.63742542
v -1.26892137 -2.09591698 -0.25750544
v 1.26890111 -2.09597277 -0.25748804
v 0.0931288 0.97795915 -0.45481076
v -0.0931288 0.97795915 -0.45481076
v 0.49513822 0.36530143 -0.67835873
v -0.49513819 0.36530131 -0.67835879
v 0.42788782 0.77876019 0.60179585
v -0.42788669 0.77876192 0.60179507
v 0.44691103 -1.18598043 -0.08459077
v -0.44691023 -1.18597483 -0.08459015
v 0.13718186 -0.67387002 1.01453411
v -0.13718226 -0.67386966 1.01453411
v 0.67673438 0.11922126 -0.18012172
v -0.67673426 0.11922403 -0.18012407
v 0.44980433 0.56808018 0.77543306
v -0.44980719 0.56808024 0.77542871
v 0.53935128 -0.79868787 -0.53776764
v -0.53935223 -0.79869097 -0.53776681
v 0.61274343 -0.30689513 -0.14258414
v -0.6127423 -0.30689647 -0.14258725
v 0.22442863 -2.47401905 0.5173698
v -0.22442273 -2.47401666 0.5173698
v 0.1704012 0.90598022 0.6455028
v -0.17040409 0.90597724 0.64550638
v 0.50530695 -0.38045749 -0.46418222
v -0.5053069 -0.38045743 -0.46418231
v 0.53080892 -0.52444064 0.03910283
v -0.53080803 -0.52444356 0.03910376
v 0.17508439 1.06667637 -0.13651077
v -0.17508469 1.06667625 -0.13651186
v 0.12954708 0.61034441 0.961591
v -0.12954622 0.6103537 0.9615848
v 0.19229289 -2.73159837 0.58585673
v -0.19229219 -2.7315979 0.58585667
v 0.34569504 0.07447617 0.9536556
v -0.34569472 0.07447619 0.95365577
v 0.36496815 0.71081435 -0.63242507
v -0.36496815 0.71081435 -0.63242507
v 0.27554193 -0.78704422 -0.81974297
v -0.27554059 -0.78704583 -0.81974411
v 0.4351103 -3.15223622 0.43790337
v -0.43511292 -3.15223407 0.43790376
v 0.56422072 -1.15628445 -0.25405898
v -0.56421905 -1.15628743 -0.25405573
v 0.5214765 -1.44962286 -1.05300831
v -0.52147978 -1.44962513 -1.05300962
v 0.06986742 -0.37740305 1.18636465
v -0.06986753 -0.37740275 1.18636441
v 0.52554732 -0.96951139 -0.20801951
v -0.52554726 -0.96951335 -0.20801933
v 1.08943736 -1.59932684 -0.67242807
v -1.08943784 -1.59932661 -0.6724233
v 1.21770525 -2.23506426 0.0361158
v -1.21770739 -2.23505878 0.03611325
v 0.02292031 -0.5444349 1.08686447
v -0.02292005 -0.54443311 1.08686435
v 0.66000455 -0.20419801 0.281156
v -0.66000461 -0.20419801 0.281156
v 0.53807318 -1.02017152 -0.22704912
v -0.53807389 -1.02017498 -0.22705
v 0.27070003 -0.99819815 0.61521184
v -0.27069553 -0.99820131 0.61521679
v 0.43619763 0.95512598 0.04071459
v -0.43619823 0.95512551 0.04071725
v 0.3993197 0.95242005 -0.20524998
v -0.39931717 0.95242059 -0.20525534
v 0.69249433 0.38205614 0.06816996
v -0.69249385 0.38205295 0.06817851
v 0.23707944 -0.67299163 0.93603926
v -0.23707982 -0.67299145 0.93603909
v 0.36631181 -0.67159408 -0.72658854
v -0.36631181 -0.67159408 -0.72658854
v 0.74428087 0.07744496 0.19938926
v -0.74428087 0.077445 0.19938904
v 0.03939586 -0.13840608 -0.80583661
v -0.03939586 -0.13840608 -0.80583661
v 0.5354579 -3.12896657 0.37625363
v -0.53545314 -3.12896847 0.37625575
v 0.49510219 -0.62052571 0.04670333
v -0.49510169 -0.62052667 0.04670378
v 1.27914786 -1.68122124 -0.74357843
v -1.27915453 -1.68122327 -0.7435739
v 0.09178245 -0.02916197 0.98159664
v -0.09178242 -0.02916218 0.98159664
v 0.28211218 -2.00721192 -0.94570726
v -0.28211349 -2.00721168 -0.9457072
v 0.7354083 -0.16469903 0.09521203
v -0.73540824 -0.16469912 0.09521216
v 0.39143353 -0.74410039 0.16824081
v -0.39143693 -0.74409782 0.1682392
v 0.05856029 -0.02999319 1.02454865
v -0.0585603 -0.02999319 1.02454865
v 0.24480319 -0.82395321 0.8573178
v -0.24480225 -0.82395112 0.85732013
v 0.51495426 -0.57370257 0.02895546
v -0.51495403 -0.57370322 0.02895705
v 0.63791734 -0.31946736 0.2946507
v -0.63791829 -0.31947162 0.29464396
v 0.34927523 -0.77968192 0.20140524
v -0.34927699 -0.77968007 0.201403
v 0.61185044 -2.93602585 0.44669383
v -0.61185044 -2.93602585 0.44669386
v 0.70447707 0.04029904 0.24740789
v -0.70447731 0.04029911 0.24740783
v 0.73974674 -0.14191721 0.09384586
v -0.73974686 -0.14191681 0.09384581
v 0.25094965 -1.13087475 0.18847997
v -0.25094896 -1.13087523 0.18848012
v 0.55393612 -1.47627246 -0.07685421
v -0.55393874 -1.47627353 -0.07685509
v 0.46788781 -0.24023245 0.84257346
v -0.46788653 -0.24023224 0.84257483
v 0.46418982 0.20166212 0.9261353
v -0.46418955 0.20166242 0.92613571
v 0.38403195 -0.00034132 0.92125314
v -0.38403165 -0.00034123 0.92125344
v 0.73872602 -2.08114409 -0.86851894
v -0.73872482 -2.08114457 -0.86851859
v 0.23723799 -2.20359945 0.42012238
v -0.23721484 -2.20362496 0.42013388
v 0.58534812 -1.43874478 -0.98584151
v -0.58538991 -1.43877542 -0.98585975
v 0.34975451 -0.83100897 0.13758714
v -0.34975463 -0.83100903 0.13758693
v 0.31433561 -0.28664743 -0.70678395
v -0.31433552 -0.28664657 -0.70678407
v 0.3972938 -0.8019194 0.0901374
v -0.3972927 -0.80191928 0.09013879
v 0.02359925 -0.43742466 1.19839441
v -0.02359925 -0.43742466 1.19839441
v 0.35744327 0.96789777 0.30916351
v -0.3574419 0.96789693 0.30916959
v 0.20153069 -2.17435646 0.40543848
v -0.20152893 -2.17436647 0.40544334
v 0.12897406 0.44497132 -0.83909696
v -0.12897406 0.44497132 -0.83909696
v 0.63962769 0.50431573 -0.33283752
v -0.63962751 0.5043177 -0.33283731
v 0.02149033 0.90433925 0.68869453
v -0.02148979 0.90433812 0.6886962
v 0.6466543 0.52435064 -0.28803098
v -0.64665561 0.52435171 -0.28802347
v 0.38674658 0.95967853 0.2706961
v -0.38674578 0.95967954 0.27069419
v 0.0153287 -0.37544754 1.2187252
v -0.0153287 -0.37544754 1.2187252
v 0.50500416 0.23132103 0.86267161
v -0.50500643 0.23131932 0.86266744
v 0.65324449 -1.27960908 -0.42334151
v -0.65324479 -1.27960932 -0.42334201
v 0.63273263 -0.26275178 0.18033288
v -0.63273251 -0.26275175 0.18033289
v 0.43212196 -2.03385496 0.33781179
v -0.43213751 -2.03384971 0.3378081
v 0.1579744 -0.04843718 0.93177968
v -0.15797445 -0.04843717 0.93177962
v 0.29008817 -1.06872701 0.17056345
v -0.29008796 -1.06872773 0.17056353
v 0.52159571 -0.57920265 0.08134014
v -0.52159529 -0.57920348 0.08134019
v 0.22274093 -0.92660659 0.27746063
v -0.22274112 -0.92660623 0.27746063
v 0.6059125 -0.25517177 0.45701885
v -0.60591387 -0.25517529 0.4570083
v 0.28815433 1.03746342 0.1129099
v -0.2881473 1.03746628 0.11291424
v 0.52094227 -0.56633192 0.06327802
v -0.52094364 -0.56632912 0.06327925
v 0.41155394 -0.2194304 0.89180302
v -0.41155403 -0.21943083 0.8918029
v 0.39886456 -1.50235283 -1.16375231
v -0.39886215 -1.50235259 -1.16375291
v 0.62791752 -0.4372172 0.10744977
v -0.6279177 -0.4372172 0.10744986
v 0.19534142 -0.97111731 0.27120834
v -0.19534161 -0.97111702 0.27120831
v 0.61173987 -0.2050825 0.46377408
v -0.61174058 -0.20508189 0.46377101
v 0.65941101 0.55947035 0.17906011
v -0.65941405 0.55946248 0.17904923
v 0.22453168 -1.85511755 0.27243676
v -0.22453227 -1.85511624 0.27243602
v 0.26542848 0.78075993 0.76375347
v -0.26542562 0.78075856 0.76375669
v 0.66005384 -0.28465184 0.2114105
v -0.66005367 -0.28465125 0.21141065
v 0.20074898 -0.97200518 0.25569132
v -0.2007489 -0.97200518 0.25569137
v 0.52977693 -0.72123223 -0.22385515
v -0.52977687 -0.72123193 -0.22385479
v 0.19246202 -0.67777335 -0.82810646
v -0.19246104 -0.67777407 -0.82810699
v 0.38688534 -2.05711913 0.35206159
v -0.38688448 -2.05713105 0.35206711
v 0.04950871 -1.10847592 0.29685908
v -0.04950871 -1.10847592 0.29685908
v 0.04242363 1.08058476 0.24550557
v -0.04242363 1.08058476 0.24550557
v 0.57222092 -0.57483136 0.1454205
v -0.57221996 -0.57483309 0.14542035
v 0.09426182 1.08482563 -0.11823573
v -0.09426219 1.08482575 -0.11823503
v 0.31673201 -0.34099197 -0.70275521
v -0.31673198 -0.340992 -0.70275521
v 0.23862294 0.91946977 0.58320331
v -0.23862294 0.91947251 0.58319848
v 0.68907022 0.28686344 0.15496866
v -0.68906939 0.28687742 0.15497262
v 0.02938827 -1.10860669 0.3085992
v -0.02938827 -1.10860669 0.3085992
v 0.25575661 0.89181077 0.61850321
v -0.2557556 0.89180582 0.61851209
v 0.62601608 -1.16609334 -0.43016615
v -0.6260159 -1.16609156 -0.43016845
v 0.24445134 -0.36195543 -0.75083935
v -0.24445144 -0.36195603 -0.75083935
v 0.5665456 -0.48968201 0.09768077
v -0.56654405 -0.48968377 0.09767986
v 0.12309304 -1.08128345 0.79733431
v -0.12309245 -1.08128356 0.79733526
v 0.96679568 -1.71266818 -1.07010495
v -0.96679544 -1.71266984 -1.07010662
v 0.04406366 -3.0160253 0.60024046
v -0.04406366 -3.0160253 0.60024046
v 0.04787046 -1.0358591 0.91871994
v -0.04787045 -1.0358591 0.91871988
v 0.94076567 -2.04679036 0.19964285
v -0.94076895 -2.04679179 0.19964191
v 0.58907598 0.70857048 -0.28581899
v -0.58907604 0.70857322 -0.28581452
v 0.46388894 -0.42511144 -0.54697758
v -0.46388894 -0.42511144 -0.54697758
v 0.7710796 -1.64632904 -1.14485573
v -0.7710722 -1.64632642 -1.14485776
v 0.69525027 0.36106237 -0.05597038
v -0.69525098 0.3610537 -0.05596821
v 1.10808742 -1.68016517 -0.24125057
v -1.1080904 -1.68016672 -0.24124944
v 0.53443133 -0.51437783 0.0209872
v -0.53443193 -0.5143764 0.02098757
v 0.44086173 0.88730609 -0.30443143
v -0.44086015 0.88730669 -0.30443361
v 0.2281413 -2.98857712 0.60094821
v -0.2281413 -2.98857712 0.60094821
v 0.52566707 0.08314315 -0.61582821
v -0.52566635 0.08314335 -0.61582928
v 0.47866109 0.18454927 -0.69974011
v -0.47866064 0.18454957 -0.69974058
v 0.2221852 -3.20364093 0.49858403
v -0.22219063 -3.20364069 0.49858233
v 0.64579033 -0.21030223 0.30068549
v -0.64579033 -0.21030135 0.30068549
v 0.69803172 0.04112344 0.06642317
v -0.69803172 0.04112339 0.0664232
v 0.24009473 -2.95822072 0.60136807
v -0.24009652 -2.95822143 0.60136771
v 1.06783568 -2.48620629 0.24741043
v -1.06783449 -2.48620772 0.24741101
v 0.38181087 -1.06062364 0.05348542
v -0.38181063 -1.06062424 0.05348561
v 0.47509461 0.22424078 -0.70753991
v -0.47509479 0.2242407 -0.70753973
v 0.60026133 -0.53140127 0.16860406
v -0.60026121 -0.5314036 0.16860567
v 0.64907354 -0.31315779 0.02229578
v -0.64907342 -0.313158 0.02229584
v 1.21006035 -1.64274871 -0.69079715
v -1.21006202 -1.64274919 -0.69079673
v 0.89236974 -1.5018779 -0.55026793
v -0.89237612 -1.50188231 -0.55027514
v 0.02747701 -0.07060897 1.06135201
v -0.02747704 -0.07060898 1.06135201
v 0.26171112 -1.54821407 -1.23075795
v -0.2617124 -1.54821348 -1.23075735
v 0.31718134 -0.9081943 0.72160273
v -0.31718039 -0.908194 0.72160476
v 0.2984119 0.81422883 0.69986903
v -0.29841202 0.81422853 0.69986921
v 0.46581873 0.37140697 -0.7071225
v -0.46581873 0.37140682 -0.70712256
v 1.06940257 -2.0844562 0.14856459
v -1.06940496 -2.08445549 0.14856313
v 0.11304471 -0.3591775 1.13783574
v -0.11304491 -0.3591775 1.1378355
v 1.32170414 -1.68811166 -0.66456776
v -1.32170403 -1.68811166 -0.66456794
v 0.68921238 0.03030157 0.25949838
v -0.68921232 0.03030138 0.25949856
v 1.38650274 -1.77287209 -0.34086924
v -1.38650262 -1.77287256 -0.34086817
v 0.39372035 -1.91271269 0.30413365
v -0.39371851 -1.91271281 0.3041338
v 1.12926471 -1.75089156 -0.10055242
v -1.12926614 -1.75088989 -0.10055562
v 0.22471062 -0.4520868 -0.7735567
v -0.22470937 -0.45208689 -0.77355736
v 0.53681272 0.82598358 0.2709786
v -0.53681784 0.82598096 0.2709679
v 0.38524454 0.40178284 -0.7629593
v -0.38524454 0.40178287 -0.7629593
v 1.36119282 -1.76889717 -0.31497472
v -1.36119389 -1.76889538 -0.31497922
v 0.08149854 -0.44157251 1.10030818
v -0.08149854 -0.44157251 1.10030818
v 0.90925097 -1.68013012 -0.07029765
v -0.90925085 -1.68012905 -0.07029907
v 0.62157678 -0.17132012 0.44449773
v -0.6215766 -0.17132177 0.44449728
v 0.24209672 -0.40917283 -0.75743728
v -0.2420962 -0.4091756 -0.757438
v 0.47709494 -1.78699541 0.18628703
v -0.47709724 -1.78699541 0.18628631
v 0.4391886 -3.10194397 0.48149892
v -0.43919313 -3.1019423 0.48149737
v 0.82439518 -1.58977365 -1.04688513
v -0.82439124 -1.58977246 -1.0468868
v 0.13095721 -1.04557716 0.3241558
v -0.13095718 -1.04557716 0.32415553
v 0.63592195 -0.17827989 0.33557751
v -0.63592213 -0.17827993 0.33557671
v 0.69658017 0.19525572 0.06637995
v -0.69657993 0.19525131 0.06638049
v 0.24325075 0.61793178 0.91416305
v -0.24325484 0.61792504 0.91416585
v 0.13845849 -1.03504204 0.35583403
v -0.1384591 -1.03504145 0.35583415
v 0.52769351 -0.61998266 0.41948816
v -0.52769237 -0.61998802 0.41948762
v 0.18592834 0.12075683 1.07868373
v -0.18592862 0.12075553 1.07868266
v 0.49795383 -0.64639061 0.11593259
v -0.49795553 -0.64638936 0.11593315
v 0.12086548 -1.20219922 0.20335967
v -0.12086346 -1.20220148 0.20335948
v 0.48707315 -0.65307611 0.51092696
v -0.48707231 -0.65307319 0.51093149
v 0.76621377 0.03719461 0.22965171
v -0.76621395 0.03719482 0.22965145
v 0.25522387 -1.2889446 -0.99853265
v -0.25522324 -1.28894364 -0.99853241
v 0.67625778 0.52317619 -0.06620743
v -0.67625826 0.52317512 -0.06620502
v 0.09924295 -2.7086296 0.58035624
v -0.09924283 -2.70863008 0.58035635
v 0.6897965 -0.08363515 -0.01636574
v -0.6897965 -0.08363505 -0.01636566
v 0.67165571 0.41164907 0.22996205
v -0.67165553 0.41164979 0.22996307
v 0.28973707 0.31916505 -0.81984037
v -0.28973707 0.31916505 -0.81984037
v 0.33951738 1.01602339 0.03964922
v -0.33952072 1.0160216 0.03964829
v 0.44599312 -0.15472292 0.8681423
v -0.44599461 -0.15472316 0.86814111
v 0.68318498 -0.17602306 -0.01906462
v -0.68318504 -0.17602241 -0.01906466
v 0.75220936 -1.73970902 0.04599306
v -0.75221276 -1.73971068 0.04599378
v 0.4587962 -2.4817307 0.48068821
v -0.45879808 -2.48172164 0.48068592
v 0.55502736 -2.97518134 0.47257882
v -0.55502796 -2.97518134 0.47257843
v 0.32150226 -1.33059418 0.11787405
v -0.32150298 -1.33060181 0.11787269
v 1.08056604 -2.44981384 0.24193412
v -1.08056473 -2.44981265 0.24193492
v 0.34966152 0.07523236 -0.77886366
v -0.34966275 0.07523355 -0.77886331
v 0.63357967 0.15410846 0.4861947
v -0.63358104 0.15410941 0.48618966
v 0.87149238 -1.51098132 -0.74086517
v -0.87149041 -1.51097941 -0.74086183
v 0.62969023 -0.33871826 0.29871037
v -0.62969017 -0.33871874 0.29870963
v 0.33492231 0.73303449 -0.63735824
v -0.33492305 0.73303407 -0.63735801
v 0.15221487 0.83018082 -0.64106512
v -0.15221487 0.83018082 -0.64106512
v 0.70367252 -1.3783493 -0.6675772
v -0.70367008 -1.37834835 -0.6675809
v 0.31331747 0.06892813 -0.79738235
v -0.31331887 0.06892775 -0.79738152
v 1.14345204 -1.88350355 -1.05959594
v -1.14345598 -1.88350248 -1.05959391
v 1.17333316 -1.62487542 -0.61745578
v -1.17334115 -1.62487793 -0.61744749
v 0.22584739 -3.08338809 0.57841116
v -0.22584739 -3.08338809 0.57841116
v 0.53030258 -0.58602845 -0.16078439
v -0.530303 -0.58602839 -0.1607874
v 0.05338034 -1.07002985 0.8916645
v -0.05338017 -1.07002961 0.8916648
v 0.74060553 -1.66877424 -0.01369316
v -0.7405951 -1.66877746 -0.01368685
v 0.84024053 -1.50192618 -0.78497535
v -0.84024012 -1.50192749 -0.78498184
v 0.05416966 0.22484101 -0.86800116
v -0.05416966 0.22484101 -0.86800116
v 0.44882422 -0.83038002 0.47943535
v -0.44882527 -0.83037877 0.47943386
v 0.66132509 -1.32432496 -0.61566382
v -0.66132605 -1.32432603 -0.6156634
v 0.43949294 0.8606081 0.44823557
v -0.43949571 0.86060613 0.44823473
v 0.64355987 -1.52385807 -0.0932062
v -0.64356076 -1.52385962 -0.09320528
v 0.74798792 -1.40199542 -0.62339669
v -0.74799549 -1.40200102 -0.623398
v 0.41748449 0.43338662 0.90849494
v -0.41748523 0.43339228 0.90849089
v 0.84551799 -1.72693884 -1.15876233
v -0.84551638 -1.72693646 -1.15876185
v 0.37037235 0.92853242 0.40668025
v -0.37037336 0.9285357 0.40666949
v 0.09017225 -3.18731832 0.53925234
v -0.09017164 -3.18731761 0.53925275
v 0.78166663 -2.05685663 0.27049943
v -0.78166419 -2.05684781 0.27049613
v 0.73830974 -0.18721325 -0.04151729
v -0.7383092 -0.18721424 -0.04151724
v 0.51571762 -1.26322984 -0.77435261
v -0.51571619 -1.26322889 -0.77435356
v 0.32971727 0.93347239 0.46167272
v -0.32972016 0.93347072 0.46167254
v 0.89344471 -1.5194782 -0.71794712
v -0.89344567 -1.51947844 -0.71794539
v 0.45916774 -0.6214329 0.61211264
v -0.45916697 -0.62143278 0.61211466
v 0.07408888 -1.05707538 0.54650151
v -0.07408709 -1.05707562 0.54650127
v 0.04454653 -2.04793453 0.34621307
v -0.04454957 -2.04793453 0.34621334
v 0.66561293 -0.21937944 0.2669495
v -0.66561275 -0.21937957 0.26694947
v 0.13417214 -0.44569563 1.07574045
v -0.13417208 -0.44569563 1.07574057
v 0.50754344 -2.05601692 -0.89101773
v -0.50754964 -2.05601787 -0.8910166
v 0.60050427 -0.37576329 -0.00893024
v -0.60047042 -0.37581673 -0.00895838
v 0.06883654 -1.05657982 0.51521694
v -0.06883666 -1.05657982 0.51521748
v 0 -2.88439512 0.60327351
v 0.68575573 0.44084394 0.08795742
v -0.68575626 0.44083318 0.08796299
v 0.83566504 -1.74634182 -1.17447149
v -0.83566457 -1.74634075 -1.17447125
v 0.35597026 0.77498817 0.69425928
v -0.35596993 0.7749874 0.69426059
v 0.70623344 -0.24685043 0.03396906
v -0.70623344 -0.24685037 0.03396907
v 0.04485879 0.43509271 1.06640541
v -0.04486062 0.43509399 1.06640481
v 0.35005104 0.52702361 -0.74933421
v -0.35005104 0.52702361 -0.74933421
v 0.04226637 -1.06017923 0.52117174
v -0.04226643 -1.06017923 0.52117168
v 0.74097394 -0.12142835 0.04969626
v -0.74097383 -0.12142835 0.04969627
v 0.03771479 0.07668797 -0.86689835
v -0.03771479 0.07668797 -0.86689835
v 0.16188202 -0.40324544 1.03804695
v -0.16188201 -0.4032455 1.03804695
v 1.10764777 -1.6468712 -0.32497343
v -1.1076399 -1.64686799 -0.3249726
v 0.6499142 0.08686097 0.40861615
v -0.64991331 0.08685837 0.40861961
v 0.61332392 -2.82284045 0.46077996
v -0.61332374 -2.82284045 0.46078008
v 0.22162118 -0.56664496 0.96658712
v -0.22162078 -0.56664562 0.96658754
v 0.57351774 -0.59987539 0.16423957
v -0.5735175 -0.59987658 0.16424012
v 1.14801502 -1.73956167 -0.13372315
v -1.14801287 -1.73956048 -0.13372346
v 0.22839658 -0.65229874 -0.80814403
v -0.22839601 -0.65229797 -0.80814415
v 0.52518951 0.8765884 0.01275022
v -0.52518612 0.8765921 0.01275186
v 0.34498924 -0.79649943 0.72718012
v -0.34498983 -0.79649746 0.72718012
v 0.07075896 -1.26116609 0.19191578
v -0.07075951 -1.26116597 0.19191572
v 0.31912562 -0.89887476 0.1583739
v -0.31912562 -0.89887446 0.15837396
v 0.56166911 -0.91111081 -0.30264234
v -0.56166964 -0.91111463 -0.30264273
v 0.52901226 0.87041962 -0.03102418
v -0.52901047 0.87042176 -0.0310206
v 1.0195924 -2.69505763 0.21229985
v -1.01959133 -2.69505357 0.21230325
v 0.63616526 0.33780798 -0.39887985
v -0.63616454 0.33781164 -0.39888188
v 0.02945979 -1.24703502 0.20282115
v -0.02945942 -1.24703383 0.20282152
v 0.71044319 -0.07772189 0.28759253
v -0.71044319 -0.07772202 0.28759253
v 0.30746236 -1.20640969 -0.91616284
v -0.30746153 -1.20641076 -0.91616386
v 0.31124848 -2.81655025 0.57789951
v -0.31124916 -2.81654691 0.57789897
v 0.06306254 0.37077996 1.081671
v -0.06302865 0.37078321 1.08167219
v 0.62639677 0.33170408 -0.43548673
v -0.62639737 0.33170029 -0.43548539
v 0.717597 -0.07081816 0.27970781
v -0.71759676 -0.07081853 0.27970784
v 0.39654001 -0.50562727 -0.65583354
v -0.39654001 -0.50562727 -0.65583354
v 0.16827237 -0.38335582 1.01154124
v -0.16827245 -0.38335585 1.011541
v 1.35484874 -1.85964119 -0.92028892
v -1.35484862 -1.85964155 -0.92028915
v 0.08849056 -1.92434668 -1.04363465
v -0.08849155 -1.92434668 -1.04363453
v 0.5852878 -0.42817232 0.04765548
v -0.58528268 -0.42818227 0.04765868
v 0.75876522 0.00668609 0.23834359
v -0.75876522 0.00668604 0.23834367
v 0.691904 0.05269956 -0.00141858
v -0.691904 0.05269916 -0.00142061
v 0.21884886 1.03348052 -0.23600739
v -0.21884658 1.03348267 -0.23600201
v 0.59839099 -0.40447267 0.0424066
v -0.59838253 -0.40454742 0.04249721
v 0.62860524 -3.07789778 0.34023022
v -0.62860411 -3.07790184 0.34022641
v 0.65424138 -0.29096186 0.1390585
v -0.65424132 -0.29096165 0.13905867
v 0.01618755 -0.40928226 1.21499311
v -0.01618755 -0.40928226 1.21499311
v 0.39620378 -0.89952313 0.47105687
v -0.39620414 -0.89952302 0.47105756
v 0.36610582 -1.21638119 0.06226515
v -0.36610791 -1.21639049 0.06226031
v 0.71818763 -0.22703099 0.0294242
v -0.71818751 -0.22703115 0.02942418
v 0.78770166 0.03860385 0.03803911
v -0.7877016 0.03860383 0.03803909
v 0.20817022 0.99790614 0.43703439
v -0.20817169 0.99790716 0.43703055
v 0.07677496 -0.79642665 -0.89085239
v -0.07677467 -0.79642677 -0.89085245
v 0.09979867 -2.53720784 0.54099822
v -0.09979619 -2.53720665 0.54099786
v 0.13825373 -1.45334625 -1.18229067
v -0.13826745 -1.45334971 -1.18229091
v 0.68974816 0.40889698 -0.07259535
v -0.68975013 0.40888479 -0.07258839
v 0.49155879 0.00576043 0.80019784
v -0.49155786 0.00575925 0.80019849
v 0.25729784 -1.24949812 -0.97068524
v -0.25729781 -1.24949741 -0.97068494
v 0.61393857 0.6369459 0.31154269
v -0.61393874 0.63694614 0.31154185
v 1.40079224 -1.73280704 -0.65316522
v -1.40079236 -1.73280704 -0.6531648
v 0.10529713 1.06988441 0.26417529
v -0.10529778 1.0698843 0.26417511
v 0.22906617 -1.13295805 0.19486182
v -0.22906565 -1.13295626 0.19486215
v 0.62571424 0.6295427 0.27430635
v -0.625714 0.62954205 0.27430838
v 1.10500764 -1.61550629 -0.43107396
v -1.1050086 -1.615507 -0.43107229
v 0.26092621 -1.76021111 0.22151961
v -0.26092547 -1.76021337 0.22152072
v 0.19059166 -1.00449359 0.83830338
v -0.1905926 -1.00449335 0.83830243
v 0.4913873 0.58219945 0.69219934
v -0.49139031 0.58221358 0.69218266
v 0.04231712 -1.4475584 0.13462206
v -0.0423203 -1.44754707 0.134624
v 0.51173526 0.88990294 0.0657857
v -0.51173728 0.8899008 0.0657903
v 0.21858525 -1.07170927 0.20510584
v -0.21858514 -1.07170927 0.20510591
v 1.21866035 -1.6513108 -0.47049689
v -1.21865606 -1.65130972 -0.4704931
v 0.26594051 -1.51088523 0.15722769
v -0.26594057 -1.51088559 0.15722766
v 0.72904837 -0.03391599 0.23391711
v -0.72904849 -0.03391598 0.23391704
v 0.78438967 -0.10150291 0.0368358
v -0.7843883 -0.10150431 0.03683582
v 0.3301697 -0.43448215 0.8891443
v -0.33016973 -0.43448078 0.88914448
v 0.13372844 -2.09594488 0.37041315
v -0.13373006 -2.09594655 0.37041366
v 0.46891653 0.06181925 -0.67723703
v -0.46891602 0.06181948 -0.67723768
v 0.39559808 -0.01977649 0.90737813
v -0.3955979 -0.01977633 0.90737837
v 0.43531319 -0.72302341 0.16608393
v -0.43531328 -0.72302335 0.16608387
v 0.28839188 -0.61855787 -0.76948297
v -0.28839188 -0.61855787 -0.76948297
v 0.17828753 -1.05442392 0.70061159
v -0.17828357 -1.05442559 0.70061266
v 0.70524847 -0.10851714 -0.00836499
v -0.70524817 -0.10851661 -0.00836488
v 0.57334721 -1.64651429 -1.234555
v -0.57334905 -1.64651346 -1.23455381
v 0.47535374 0.0160267 -0.65081328
v -0.47535425 0.01602701 -0.65081286
v 0.51471298 0.31112027 0.81424129
v -0.51471281 0.31112551 0.81423902
v 0.12787869 -0.35830405 1.12082898
v -0.12787842 -0.35830348 1.12082922
v 0.25667536 -1.01004505 0.73025941
v -0.25667962 -1.01004266 0.73025405
v 0.61639326 -1.65092921 -1.22194123
v -0.61638981 -1.65093016 -1.22194325
v 0.67896974 0.49667504 0.09399596
v -0.67896878 0.49667662 0.0940045
v 0.72274208 -0.02152863 0.02692735
v -0.72274196 -0.02152937 0.02692694
v 0.13528914 -1.81480562 0.24079592
v -0.13528268 -1.81479978 0.2407919
v 0.6485179 -0.06432171 0.34330919
v -0.64851874 -0.06431835 0.34330755
v 0.0933936 -0.30139616 -0.79981595
v -0.09339319 -0.30139628 -0.79981601
v 0.07791966 0.01343415 1.0184412
v -0.07791968 0.01343413 1.01844108
v 0.33945524 0.17669655 -0.80259788
v -0.33945512 0.17669628 -0.80259794
v 0.20303541 -0.11939624 -0.78069526
v -0.20303556 -0.11939562 -0.78069543
v 0.70460772 -2.55585575 0.40865689
v -0.70460939 -2.55585551 0.40865618
v 0.06057875 -0.29835656 -0.80412906
v -0.06057774 -0.29835706 -0.80412924
v 0.591515 -1.89178299 -1.05009698
v -0.59151297 -1.89178121 -1.05009865
v 0.64071536 0.58932411 -0.25243631
v -0.64071404 0.58932346 -0.25244379
v 0.85557913 -2.95593047 0.16983464
v -0.85557311 -2.95593452 0.16983917
v 0.10759437 -0.69981706 1.02230346
v -0.10759457 -0.69981694 1.02230334
v 0.29311978 -0.81565743 0.80357867
v -0.29311937 -0.81565755 0.80357909
v 0.63450753 -1.99821722 -0.94927287
v -0.63450408 -1.99821591 -0.94927406
v 0.57132202 -0.90740323 -0.34077042
v -0.57132238 -0.90740537 -0.34077027
v 0.87335228 -2.93279433 0.17533165
v -0.87335145 -2.93279242 0.17533616
v 0.1296845 -0.69278365 1.00406956
v -0.12968431 -0.69278341 1.00406992
v 0.9268912 -1.5842266 -0.23987579
v -0.92688149 -1.5842123 -0.23989488
v 0.50471496 0.78437072 0.45279109
v -0.50471508 0.78437066 0.452791
v 1.14699816 -2.27035379 0.17103318
v -1.14699935 -2.27035403 0.1710325
v 0.82312119 -0.00668133 0.02352588
v -0.82312119 -0.00668138 0.02352586
v 0.52477675 -2.70103669 0.49652665
v -0.52477568 -2.7010374 0.49652716
v 0.05412522 -1.07222783 0.6356973
v -0.05412376 -1.07222759 0.6356945
v 0.10863359 -1.10601079 0.24958731
v -0.10863346 -1.10601031 0.24958775
v 0.52227276 -1.79573631 -1.14608013
v -0.52227276 -1.79573631 -1.14608013
v 0.72657114 -1.59281802 -1.11742734
v -0.72656762 -1.59281539 -1.11742615
v 0.68066096 -0.34150525 0.12409819
v -0.68066126 -0.34150496 0.12409731
v 0.11005352 -0.46214774 1.07715201
v -0.11005352 -0.46214774 1.07715201
v 0.02928568 -0.74233818 1.04324173
v -0.02928568 -0.74233812 1.04324173
v 0.22347791 0.80773097 -0.63582932
v -0.22347791 0.80773097 -0.63582932
v 0.03734037 -1.14031946 -1.01619386
v -0.03734038 -1.1403197 -1.01619398
v 0.19226291 -1.84040045 0.26150092
v -0.19226332 -1.84039819 0.26149985
v 0.69373381 -0.38657444 0.14765022
v -0.69373345 -0.38657403 0.14765037
v 0.92523235 -2.49822807 0.31969636
v -0.92523247 -2.4982295 0.31969633
v 0.39245864 -0.30695176 -0.64024263
v -0.39245834 -0.30695164 -0.64024299
v 0.13403062 0.94763225 -0.4955264
v -0.13403062 0.94763225 -0.4955264
v 0.68422573 -0.36683133 0.1403996
v -0.68422561 -0.36683145 0.14039996
v 0.68939137 -0.42370435 0.09351698
v -0.68939018 -0.42370542 0.09351766
v 0.10620714 1.09235584 0.07483734
v -0.10620714 1.09235584 0.07483734
v 1.16454088 -1.92591083 -1.05763912
v -1.17577552 -1.93029069 -1.05262649
v 0.59492129 -0.47737172 0.12767572
v -0.59492147 -0.47737199 0.12767627
v 0.35325771 -1.06637835 0.10073188
v -0.35325774 -1.06637835 0.10073182
v 0.61138564 -0.14855815 -0.32027062
v -0.61138552 -0.1485576 -0.32027146
v 0.83218908 -1.76764154 0.06503026
v -0.83220297 -1.76763212 0.06501455
v 0.67883616 -0.42678397 0.0935599
v -0.67883598 -0.42678397 0.09355991
v 0.6707881 0.57167881 -0.02848875
v -0.67078727 0.57168227 -0.02848959
v 0.6636337 0.5135926 0.2029557
v -0.66363507 0.51358968 0.2029497
v 0.20552487 -0.29838952 -0.76642411
v -0.20552475 -0.29838961 -0.76642411
v 0.1989296 0.08986499 1.01774251
v -0.19892999 0.0898654 1.01774323
v 0.21674504 -0.75508463 0.92439413
v -0.21674293 -0.75508534 0.92439556
v 0.70038819 -0.0978978 0.13834817
v -0.70038807 -0.09789738 0.13834849
v 0.71929341 -1.46654439 -0.8914687
v -0.71929997 -1.4665476 -0.89146751
v 0.16388389 0.1136174 -0.85635155
v -0.16388468 0.11361782 -0.85635143
v 0.65034395 0.00344902 0.36433899
v -0.65034389 0.00344204 0.36433643
v 0.5762459 0.15190108 -0.55629688
v -0.57624602 0.151901 -0.5562967
v 0.67752486 -0.12897938 0.1946907
v -0.67752486 -0.12897943 0.19469049
v 0.74434948 -0.15813748 0.03661174
v -0.74434953 -0.15813729 0.03661175
v 0.03484194 -0.43913939 1.13037157
v -0.03484194 -0.43913939 1.13037157
v 0.15094043 0.05616325 -0.85054671
v -0.15093982 0.05616184 -0.85054653
v 0.59959536 -1.20602476 -0.31012225
v -0.59959644 -1.2060256 -0.31012427
v 0.03716662 0.64695787 0.94811564
v -0.03716524 0.64696711 0.94810915
v 0.36166095 -0.32920625 0.89764171
v -0.36166074 -0.32920903 0.89764118
v 0.80323594 -0.10352981 0.02313737
v -0.80323588 -0.10352981 0.02313742
v 0.40123468 -1.31472587 0.00544677
v -0.40123507 -1.31472492 0.00544607
v 1.23938536 -1.86751556 -1.0037446
v -1.23938357 -1.86751544 -1.00374567
v 0.24547754 -0.91335481 0.33830136
v -0.24547757 -0.91335511 0.33830216
v 0.36386114 0.30602264 1.00893282
v -0.36386221 0.30601862 1.00893306
v 0.60755944 -0.31069684 0.41120922
v -0.60755956 -0.31069782 0.41120857
v 0.77095663 -0.19060845 0.01579446
v -0.77095651 -0.19060875 0.01579446
v 0.23267856 -0.95553135 0.41491463
v -0.23267889 -0.95553076 0.41491371
v 0.54549121 0.59830212 0.55549383
v -0.5454902 0.59829992 0.55549824
v 0.04201517 0.05343879 1.0613662
v -0.04201516 0.05343947 1.06136655
v 0.20400288 -0.04839435 0.93580836
v -0.20400288 -0.04839435 0.93580836
v 0.47598382 -2.9645915 0.5193156
v -0.47598376 -2.9645915 0.51931566
v 0.79579716 -0.13241931 0.0154845
v -0.79579711 -0.13241975 0.01548446
v 0.12196348 0.88228327 0.69852638
v -0.12197864 0.88227844 0.69852829
v 0.49735951 -3.12616181 0.41756403
v -0.49735868 -3.12616157 0.4175648
v 0.64182496 -1.441522 -0.17101563
v -0.64182788 -1.44152617 -0.1710135
v 0.53789186 -0.10539741 0.74170106
v -0.53789067 -0.10539683 0.74170279
v 0.034997 -0.02600038 1.04223489
v -0.034997 -0.02600038 1.04223489
v 0.49338078 -0.51843053 0.63027656
v -0.49338141 -0.51843202 0.6302734
v 0.27289927 -0.24114279 -0.73539805
v -0.27289933 -0.24114242 -0.73539799
v 0.42322126 0.09530845 -0.73185789
v -0.42322102 0.09530814 -0.73185801
v 0.35392454 0.9969539 0.18061612
v -0.35392841 0.9969505 0.1806242
v 0.50791531 -0.48261797 0.62536847
v -0.50791281 -0.48261684 0.62537729
v 0.31225055 -0.05919428 0.94541335
v -0.31225055 -0.05919428 0.94541335
v 0.45274394 0.93473601 0.15029884
v -0.45274224 0.9347372 0.15029923
v 0.52266949 -0.73681664 -0.54804545
v -0.52266949 -0.7368167 -0.54804557
v 0.65991169 -0.43459457 0.22714863
v -0.65991139 -0.43459415 0.22714918
v 0.51229 -0.7363379 -0.56919586
v -0.51229012 -0.73633819 -0.56919568
v 0.25783881 1.02981591 0.26061484
v -0.2578375 1.02981782 0.2606084
v 0.46366766 0.93160963 0.09389766
v -0.46366789 0.93160915 0.0939015
v 0.09636551 -1.06707382 0.34921476
v -0.09636554 -1.06707382 0.34921455
v 0.20780661 0.73491251 -0.70328992
v -0.20780661 0.73491251 -0.70328992
v 0.75466942 0.0589638 0.07660261
v -0.75466877 0.05896231 0.07660119
v 0.37327173 -3.03533387 0.26791763
v -0.37335905 -3.03538012 0.26797109
v 0.65542191 -0.31663408 0.25817588
v -0.65542084 -0.31663507 0.25817745
v 0.6066665 -0.44488403 0.10121019
v -0.6066662 -0.44488376 0.10120964
v 0.6810044 -1.41803312 -0.23595973
v -0.68099325 -1.41802501 -0.23595973
v 0.75927019 -1.41500198 -0.3717693
v -0.75926965 -1.41500222 -0.37176585
v 0.39234602 -2.97099566 0.19126665
v -0.39231294 -2.97104716 0.1913287
v 0.76562082 -0.02269781 0.10934768
v -0.76562064 -0.02269776 0.10934784
v 0.10688914 1.01523459 -0.37032818
v -0.1068894 1.01523482 -0.37032762
v 0.65493387 0.61775398 0.11352578
v -0.65493553 0.61775183 0.11351586
v 0.15917895 -2.92830491 0.61314678
v -0.1591791 -2.92830491 0.61314678
v 0.73801016 -0.10926415 0.05984926
v -0.73801022 -0.10926418 0.05984927
v 0.80261218 -0.00884731 0.10387677
v -0.80261236 -0.00884731 0.10387665
v 0.05329479 -0.50468713 1.07000267
v -0.05329437 -0.50468826 1.07000279
v 0.27060076 0.06089093 0.97211331
v -0.27060028 0.06089093 0.97211331
v 0.12970271 1.02837181 -0.32574963
v -0.12970228 1.02837169 -0.32574993
v 0.14584526 -0.20280525 0.98528337
v -0.14584547 -0.20280431 0.98528289
v 0.50980222 -0.98201125 -0.17948573
v -0.50980132 -0.9820106 -0.17948409
v 0.27266821 0.69021624 -0.70673465
v -0.27266821 0.69021642 -0.70673453
v 0.74116605 -0.08905924 0.0589161
v -0.74116605 -0.08905917 0.05891611
v 0.77521377 0.0777456 0.18381995
v -0.77521371 0.07774564 0.18381981
v 0.11199545 -0.8512544 0.93271172
v -0.11199044 -0.85125285 0.93271464
v 0.24544256 1.04281723 0.21399428
v -0.24544347 1.04281854 0.21398335
v 0.36881727 -1.38837873 -1.04844021
v -0.36881852 -1.3883785 -1.04843926
v 0.2184581 -2.78505301 0.59262007
v -0.2184596 -2.78505277 0.59261977
v 0.76245135 0.00736902 0.22252869
v -0.76245141 0.00736911 0.22252868
v 0.77294606 -1.47210884 -0.82493692
v -0.77294021 -1.47210598 -0.82493943
v 0.41209098 -2.84980058 0.55110883
v -0.41208776 -2.84980011 0.55110985
v 0.6509999 -0.19108301 -0.08641376
v -0.65099835 -0.19108808 -0.08641585
v 0.3239786 -0.26265233 0.92756044
v -0.32397738 -0.26265358 0.92756074
v 0.69735294 -1.99175024 -0.95810318
v -0.6973499 -1.99174857 -0.95810461
v 0.76438486 0.00455031 0.20401692
v -0.76438486 0.00455033 0.20401698
v 0.05257644 -0.59523266 1.08022069
v -0.05257658 -0.59522652 1.0802195
v 1.15175819 -1.72530412 -0.16418667
v -1.15176558 -1.72530269 -0.16419598
v 0.36102998 -0.54446196 0.84319937
v -0.36103111 -0.54446095 0.84319835
v 0.27828928 0.9774189 -0.33854776
v -0.27828666 0.97742068 -0.33854606
v 0.36215597 -0.77008551 0.70922315
v -0.36215445 -0.77008539 0.70922625
v 0.61228817 -2.77909421 0.46195757
v -0.61228817 -2.77909445 0.46195754
v 0.3725782 -1.57186007 0.10345845
v -0.37257844 -1.57185912 0.10345789
v 0.25464704 -1.36303222 -1.07115733
v -0.25465077 -1.36303162 -1.07115507
v 0.22152367 -2.60615563 0.55322027
v -0.22151885 -2.60615396 0.55322045
v 1.31347465 -1.88705897 -0.11441112
v -1.31347274 -1.88705813 -0.11441045
v 0.67344355 -0.20120306 0.21845123
v -0.67344284 -0.20120681 0.218447
v 0.31223925 0.53887087 0.92949247
v -0.31224 0.53887236 0.92949092
v 0.16457019 -0.06190719 0.91781985
v -0.16457018 -0.0619072 0.91781985
v 0.10447369 -1.63893342 -1.2992779
v -0.10448189 -1.63893652 -1.2992798
v 0.208083 0.17989879 -0.84995299
v -0.208083 0.17989897 -0.84995299
v 0.04677036 -1.08973956 0.34651801
v -0.04677036 -1.08973956 0.34651801
v 0.45745852 0.2669512 0.93508964
v -0.45745956 0.26694953 0.93508851
v 0.76529008 -0.00672417 0.14308878
v -0.76528984 -0.0067242 0.14308889
v 0.58258116 -1.82867634 -1.11269307
v -0.58259588 -1.82868301 -1.11268651
v 0.5406931 -0.69049465 0.30091589
v -0.54069393 -0.69049304 0.30091467
v 1.18640756 -1.94576966 0.02612153
v -1.18640673 -1.94576895 0.02612162
v 0.48011985 -0.68603533 -0.00811114
v -0.48012015 -0.68603599 -0.00811275
v 0.5259726 -0.02150145 -0.57105958
v -0.52597361 -0.02149995 -0.57105875
v 0.69008636 -0.134229 0.2435839
v -0.69008642 -0.13422843 0.24358363
v 0.04290643 -0.9590128 0.93980014
v -0.04290649 -0.95901382 0.93980002
v 0.64229005 -3.03579521 0.37006428
v -0.6422913 -3.03579378 0.37006393
v 0.41793948 -0.45631855 -0.61931908
v -0.41793948 -0.45631855 -0.61931908
v 0.56895172 0.78885883 -0.18876028
v -0.5689513 0.78886163 -0.18875412
v 0.3436785 -1.70382297 0.16776141
v -0.34368357 -1.70381808 0.16775746
v 0.21315854 -0.15189842 0.95707947
v -0.21315923 -0.15189774 0.95707929
v 0.04726789 -1.72826659 0.1798193
v -0.04727974 -1.72827076 0.17982095
v 0.58597081 0.33081939 -0.54639381
v -0.58597099 0.33081892 -0.54639345
v 0.26949352 -2.97930502 0.59304469
v -0.26949307 -2.97930407 0.59304493
v 0.49866104 0.41784882 0.7920019
v -0.49866148 0.4178406 0.79200637
v 0.24805101 -0.13390189 0.95055747
v -0.2480506 -0.13390129 0.95055753
v 0.43752217 -1.59980654 0.07397015
v -0.43752563 -1.59980475 0.07396668
v 0.03057374 1.05422115 -0.28346777
v -0.03057374 1.05422115 -0.28346777
v 0.32066786 -3.19839334 0.45930397
v -0.32067114 -3.19839239 0.45930323
v 0.12837313 0.52381646 1.01663792
v -0.12836892 0.52382755 1.01663243
v 0.12760688 -0.75977152 0.98355412
v -0.12760776 -0.75977188 0.98355317
v 0.51764738 -0.52371037 -0.46234554
v -0.51764738 -0.52371037 -0.46234554
v 0.11203181 0.4996052 -0.83012092
v -0.11203181 0.4996052 -0.83012092
v 0.31440866 0.36600434 1.01705956
v -0.31439957 0.36601209 1.01706135
v 0.26444995 -1.89359259 0.29792481
v -0.26443633 -1.89359235 0.29792434
v 0.33563473 0.65485584 0.8288505
v -0.33563208 0.6548599 0.82884925
v 0.60578715 -0.25659918 0.20910728
v -0.60578709 -0.25659915 0.20910729
v 0.39890474 -2.77797484 0.54937166
v -0.39890232 -2.7779777 0.54937267
v 0.21375878 1.06854939 0.02812146
v -0.21375672 1.06855011 0.02812119
v 0.29205662 0.33344763 1.03806614
v -0.29205316 0.33344337 1.03806877
v 0.95340555 -1.5891211 -0.89019554
v -0.95340514 -1.58912086 -0.89019542
v 0.08335614 -0.6377635 1.06719327
v -0.08335839 -0.63776445 1.06719172
v 0.2584851 -0.97668701 0.77214145
v -0.2584854 -0.97668719 0.77214092
v 0.59227943 0.67773133 -0.32216155
v -0.59228092 0.67773145 -0.32215741
v 0.62869191 0.67750912 0.18375568
v -0.6286928 0.6775065 0.18375578
v 0.60087531 -0.18842163 -0.33141702
v -0.60087597 -0.18841984 -0.33141604
v 0.44540053 -0.44294104 -0.57950234
v -0.44540053 -0.44294104 -0.57950234
v 0.64683961 -0.16587525 0.30381214
v -0.64683944 -0.16587646 0.30381196
v 0.73226952 0.05725785 0.10098996
v -0.73226946 0.05725742 0.10098854
v 0.15382409 0.38452035 1.06777417
v -0.1538292 0.38450989 1.06777548
v 0.3950341 0.88700735 -0.38537547
v -0.39503312 0.88700735 -0.38537684
v 0.45212891 -0.39890912 -0.56194853
v -0.45212891 -0.39890912 -0.56194853
v 0.63741666 -1.26041758 -0.56449246
v -0.63741695 -1.26041889 -0.56449329
v 0.32528123 -0.12672258 0.93080991
v -0.325282 -0.12672315 0.93080955
v 0.26507049 -1.61047446 -1.27239716
v -0.26506888 -1.61047136 -1.27239537
v 0.29612866 -1.51862585 0.14235101
v -0.29612746 -1.51862752 0.142352
v 0.43070954 -0.89521139 0.00343895
v -0.43071013 -0.89521086 0.00343763
v 0.63132464 -1.27916228 -0.613819
v -0.63132363 -1.27916109 -0.61382001
v 0.07039488 -1.08563852 0.86110574
v -0.07039486 -1.08563852 0.86110574
v 0.90953123 -1.82602548 0.10281703
v -0.90953409 -1.82602477 0.10281521
v 0.26820474 -3.09459424 0.56307601
v -0.26820492 -3.09459424 0.56307596
v 0.42830559 -2.9080832 0.54610085
v -0.42830717 -2.90808224 0.54610019
v 0.44875568 0.2235769 0.94941783
v -0.44875592 0.22357866 0.94941765
v 0.09509465 -1.07440745 0.8641113
v -0.09509465 -1.07440745 0.8641113
v 0.22113893 -1.26772165 0.17990432
v -0.2211394 -1.26772165 0.17990426
v 0.14558079 -1.03984987 0.28046134
v -0.14558017 -1.03985071 0.28046122
v 0.03014283 -2.57752943 0.54712855
v -0.03014482 -2.57752919 0.54712855
v 0.63438755 0.5945996 0.27363452
v -0.63438856 0.59460043 0.27362993
v 0.64054614 -1.37042498 -0.25585621
v -0.64054667 -1.37042176 -0.25586107
v 0.94587796 -1.75215208 0.01530693
v -0.94587284 -1.75215005 0.01530604
v 0.24199491 -1.28149986 0.17444135
v -0.24199537 -1.28149986 0.1744412
v 0.11871431 -1.06931448 0.28302586
v -0.11871392 -1.06931507 0.28302547
v 0.5514602 0.80859941 -0.20223689
v -0.55145996 0.80859899 -0.20223909
v 0.46981504 -1.28824734 -0.84010916
v -0.46981525 -1.28824472 -0.84010684
v 0.610578 -1.34735584 -0.2420898
v -0.61058008 -1.34735679 -0.24209158
v 0.9778772 -1.75034928 0.00017894
v -0.97788053 -1.75034976 0.00017825
v 0.14217641 -0.37985858 1.09930133
v -0.14217689 -0.37985852 1.09930038
v 0.4402762 0.48113226 0.85212165
v -0.44027665 0.48113384 0.85211992
v 0.56128549 0.812011 -0.14811912
v -0.56128466 0.81201219 -0.14811942
v 0.64473462 -0.40543726 0.24881883
v -0.64473402 -0.40543705 0.24881908
v 0.30512309 0.37275552 -0.8079347
v -0.30512309 0.37275552 -0.8079347
v 0.18908189 0.82094079 -0.63749569
v -0.18908189 0.82094079 -0.63749569
v 0.0319125 0.08589101 1.07656323
v -0.03191185 0.08589173 1.07656359
v 0.28374299 0.79690581 0.73280876
v -0.28374081 0.79690539 0.73281085
v 0.1979765 -1.70966124 -1.26144576
v -0.1979728 -1.70965778 -1.26144993
v 0.16024883 0.1461495 -0.85875815
v -0.16024883 0.1461495 -0.85875815
v 0.37913253 -1.77822232 -1.16923809
v -0.37913253 -1.77822232 -1.16923809
v 0 -0.16429309 -0.80309826
v 0.25569415 -0.16501885 0.95144665
v -0.25569421 -0.165017 0.95144665
v 0.66309124 0.23506757 -0.28615364
v -0.6630907 0.23507233 -0.28615686
v 0.59698057 -0.49216365 0.1425154
v -0.59698152 -0.49216482 0.14251756
v 0.68663489 -0.31265661 0.06052513
v -0.68663495 -0.31265616 0.06052475
v 0.33860662 -2.92584514 0.5771147
v -0.33860647 -2.92584657 0.57711476
v 0.88609057 -1.52341306 -0.33240145
v -0.88608843 -1.52341628 -0.33238336
v 0.65637642 -0.30754613 0.02195799
v -0.65637654 -0.30754575 0.02195775
v 0.64696681 -1.37031698 -0.76341807
v -0.64697325 -1.37033283 -0.76344662
v 0.4842737 0.71938544 0.5837329
v -0.48427447 0.71938687 0.5837298
v 0.42867139 0.13062278 -0.73732256
v -0.42867198 0.13062211 -0.73732185
v 0.15215639 -1.02239882 0.86586844
v -0.15215633 -1.02239906 0.86586833
v 0.56936472 -0.85135543 -0.45544642
v -0.56936466 -0.85135525 -0.45544642
v 0.13200125 -0.52391403 1.02591991
v -0.13200151 -0.52391403 1.02591967
v 0.14849124 -1.33265471 0.17345266
v -0.14848791 -1.33264875 0.17345321
v 0.55065584 -0.84378498 -0.28946477
v -0.55065596 -0.84378588 -0.28946501
v 0.30209097 -0.41186815 -0.71975964
v -0.302091 -0.41186806 -0.71975958
v 0.04387678 -2.00239777 -0.96396184
v -0.04387678 -2.00239777 -0.96396184
v 0.4784922 -0.45909288 0.71778601
v -0.478491 -0.45909223 0.71778881
v 0.08934585 -0.70744293 1.03552556
v -0.08934477 -0.70744317 1.03552603
v 0.71891099 -0.19972433 0.08290711
v -0.71891075 -0.19972464 0.08290704
v 0.61611902 0.74219423 0.08430741
v -0.61611861 0.74219387 0.08431338
v 0.18171414 -2.06242346 -0.89235645
v -0.18170119 -2.06242299 -0.89235723
v 0.48979997 -0.03368943 -0.61450505
v -0.48979908 -0.03368981 -0.614506
v 0.66850733 0.16427193 0.32861882
v -0.66850733 0.16427104 0.32861891
v 0.15891908 -0.72311055 -0.85007178
v -0.15891879 -0.72311055 -0.8500719
v 0.7205649 -0.24700851 -0.03496961
v -0.7205649 -0.24700868 -0.03496958
v 0.70205307 -0.17421358 0.13624332
v -0.70205313 -0.17421379 0.13624304
v 0.11847295 0.02328569 0.9718917
v -0.1184729 0.02328564 0.9718917
v 0.47141286 -0.06189896 -0.62520104
v -0.47141265 -0.06189922 -0.62520116
v 0.43636366 -2.12458849 -0.81923455
v -0.43636184 -2.12458849 -0.81923466
v 0.26448446 0.68802195 0.84971904
v -0.26448497 0.68802231 0.84971839
v 0.72632473 -0.30017808 0.03768884
v -0.72632485 -0.30017721 0.03768842
v 0.7029488 -0.16254404 0.14883573
v -0.7029488 -0.16254402 0.14883585
v 0.06992341 -1.12163937 0.26397973
v -0.0699234 -1.1216396 0.26397949
v 0.44736963 -0.0737752 -0.64595675
v -0.44736984 -0.07377486 -0.64595669
v 0.11463799 0.56819069 -0.81090527
v -0.11463799 0.56819069 -0.81090527
v 0.18906465 0.11220477 1.0690689
v -0.18906252 0.11220379 1.0690689
v 0.58927023 -2.36533379 0.42228984
v -0.58926564 -2.36533641 0.42229169
v 0.4132421 0.90868246 0.38033029
v -0.41324287 0.90868163 0.38033121
v 0.63152974 -1.21232605 -0.51722633
v -0.63152933 -1.21232593 -0.51722842
v 0.42247039 -0.08142267 -0.66621786
v -0.42247048 -0.08142286 -0.66621774
v 1.17104232 -1.76373899 -0.11786741
v -1.17104816 -1.76374006 -0.11787126
v 0.43080446 0.60806036 0.7700693
v -0.43080586 0.60805934 0.77006816
v 1.21510338 -1.64217388 -0.5270152
v -1.21509885 -1.64217209 -0.52701544
v 0.4884504 -1.27098107 -0.80816578
v -0.48845014 -1.270985 -0.80816906
v 0.74813675 -1.39506256 -0.43711113
v -0.74813824 -1.39506411 -0.43710798
v 1.21327173 -1.76584315 -0.15340012
v -1.21327185 -1.76584196 -0.15340183
v 0.0861643 -1.4668895 0.14200773
v -0.08616411 -1.46689796 0.1420075
v 0.02760968 -3.10566854 0.57405877
v -0.02760966 -3.10566854 0.57405877
v 0.19165943 0.96709519 0.5222643
v -0.19165794 0.9670968 0.52226185
v 0.41760847 -1.19200539 -0.8270694
v -0.41760912 -1.19200706 -0.82706952
v 0.02892783 -0.67604506 -0.86002701
v -0.02892839 -0.67604559 -0.86002707
v 0.24780209 0.06884091 -0.82639294
v -0.24780269 0.06884078 -0.82639271
v 0.23304952 0.5744152 -0.78250092
v -0.23304952 0.5744152 -0.78250092
v 0.0577926 -0.01441651 1.02632975
v -0.0577926 -0.01441651 1.02632975
v 0.17170888 -0.34849053 1.00275838
v -0.17170885 -0.34848851 1.00275814
v 0.16593934 0.98810809 0.48976543
v -0.16593854 0.98810815 0.48976561
v 0.08210536 0.04058683 1.03797841
v -0.08210487 0.04058669 1.03797864
v 0.14609757 0.67637074 -0.75832271
v -0.14609758 0.67637074 -0.75832271
v 0.35380446 0.68855732 -0.65880721
v -0.35380414 0.68855792 -0.65880698
v 0.09840048 -0.5391072 1.0468353
v -0.09839952 -0.53910672 1.04683578
v 1.09795939 -2.49825453 0.22591309
v -1.09795832 -2.49825453 0.22591382
v 0.11497461 0.06151729 1.03970611
v -0.11497476 0.06151735 1.03970599
v 0.0413021 -0.33047562 1.20144081
v -0.04130213 -0.33047556 1.20144069
v 0.40580788 -1.27539849 -0.88230997
v -0.40576112 -1.27539217 -0.8823415
v 0.23429817 0.8558591 -0.57897687
v -0.23429809 0.85585916 -0.57897687
v 0.61791592 -1.2690674 -0.31879892
v -0.61791622 -1.26906633 -0.31880044
v 0.64378976 -0.08483349 -0.17459173
v -0.64378982 -0.08483507 -0.17458976
v 0.58310496 -2.23379373 0.39080351
v -0.58311986 -2.23378562 0.39079725
v 0.79781651 -0.03255007 0.07908041
v -0.79781657 -0.03254954 0.07908094
v 0.1248269 -0.40969726 1.11454474
v -0.12482693 -0.40969732 1.11454463
v 0.23627756 0.92101275 -0.48734101
v -0.2362779 0.9210127 -0.48734095
v 0.6354292 -0.05461656 -0.25876897
v -0.6354295 -0.05461544 -0.25876823
v 0.63119131 -1.27182495 -0.34657809
v -0.63119036 -1.27182471 -0.34657567
v 0.44253265 0.29431501 -0.7358185
v -0.44253265 0.29431501 -0.7358185
v 0.29841402 0.84198826 -0.55388861
v -0.29841402 0.84198826 -0.55388861
v 0.33822771 0.91540569 -0.40653574
v -0.33822724 0.91540479 -0.40653798
v 0.60317045 0.74296122 0.1912387
v -0.60317105 0.7429611 0.19123427
v 0.03108534 -0.72085326 1.05064857
v -0.03108537 -0.72085273 1.05064868
v 0.66988563 -1.31572115 -0.54977202
v -0.66988521 -1.31572127 -0.54977506
v 0.21889063 -1.03252506 0.21268051
v -0.21889059 -1.03252542 0.21268045
v 0.59202522 -0.39876413 0.40696579
v -0.5920248 -0.39875972 0.406973
v 0.56567329 0.77206796 -0.24324283
v -0.56567162 0.77207261 -0.24323813
v 0.09355119 -0.43348708 1.11380791
v -0.09355119 -0.43348708 1.11380791
v 0 -0.72880089 1.0478574
v 0.45910769 -1.03230977 -0.73902195
v -0.4591071 -1.03230953 -0.73902261
v 0.49082163 0.1803735 0.88170844
v -0.49082022 0.18037316 0.88171047
v 0.98710203 -2.80205869 0.16502329
v -0.98709613 -2.80205988 0.16502983
v 0.18686105 -1.68033289 0.20154
v -0.18685808 -1.68033719 0.20154096
v 0.32460367 -2.76852774 -0.05290949
v -0.32441705 -2.76849794 -0.05294524
v 0.80463618 -2.10593318 0.28433442
v -0.80462992 -2.10592985 0.28433507
v 0.35176765 -2.1783905 0.40794584
v -0.35176211 -2.17837858 0.40794101
v 0.64504396 -0.29750716 0.14872852
v -0.64504408 -0.29750728 0.14872838
v 0.1637309 -1.72223269 0.21109455
v -0.16372993 -1.72223532 0.21109522
v 1.12369275 -1.61634147 -0.46761685
v -1.12369167 -1.61634147 -0.46761333
v 1.19196677 -1.65498805 -0.40976855
v -1.19195556 -1.65498232 -0.40977245
v 0.77079546 -0.22043927 0.00609706
v -0.7707951 -0.2204402 0.00609703
v 0.22526271 -1.03435635 0.73167914
v -0.22526212 -1.03435671 0.73168051
v 0.16824449 -3.05192422 0.59813123
v -0.16824409 -3.05192399 0.59813135
v 0.12209365 -0.63697797 1.04258668
v -0.12209393 -0.63697826 1.04258644
v 0.82529354 -1.50232279 -0.81849324
v -0.82530331 -1.50233149 -0.81850194
v 0.31045079 -0.96207851 0.68515956
v -0.31044948 -0.96207982 0.68516057
v 0.32962146 -0.80206209 0.18417666
v -0.32962074 -0.80206269 0.18417739
v 0.23878072 -0.97239869 0.47344365
v -0.238781 -0.97239744 0.47344085
v 0.37363836 0.44974455 0.93931973
v -0.37364178 0.44974085 0.93931907
v 0.10511713 0.67880177 -0.76443743
v -0.10511713 0.67880177 -0.76443743
v 0.18049672 -0.26344853 -0.77517187
v -0.18049666 -0.26344677 -0.77517181
v 0.42928999 -0.74569642 0.07061947
v -0.42928966 -0.74569588 0.07062024
v 1.33789432 -1.71271848 -0.42632943
v -1.33789372 -1.71271812 -0.42633056
v 0.50341838 -0.03856845 0.77775687
v -0.50341755 -0.03857049 0.77775764
v 0.62812542 -0.39377066 0.258892
v -0.62812531 -0.39377051 0.25889217
v 0.57581806 0.17345322 0.67431604
v -0.57582742 0.17344929 0.67428588
v 0.37185874 0.06231772 0.92959928
v -0.37185892 0.06231769 0.92959916
v 0.40288317 -0.74384778 0.1088666
v -0.4028837 -0.7438476 0.108866
v 0.42796289 -0.9470663 -0.0156984
v -0.42796289 -0.94706517 -0.01569777
v 0.095565 -1.86353218 0.25654017
v -0.09556272 -1.86353063 0.25653877
v 0.68521249 0.32859301 -0.14285594
v -0.68521422 0.32859739 -0.14284388
v 0.31659305 -1.34990763 -1.0269984
v -0.31659534 -1.34990847 -1.02699816
v 0.67779767 -0.33470138 0.13052982
v -0.67779767 -0.33470132 0.13052979
v 0.63940984 -2.08561992 -0.86171919
v -0.63941782 -2.08562088 -0.86171847
v 0.58441132 -2.76780939 0.47529453
v -0.58441251 -2.76780843 0.47529393
v 0.13333198 -1.84993982 0.25725096
v -0.13333681 -1.84993803 0.2572509
v 0.57290709 -1.35205256 -0.19033168
v -0.5729072 -1.35204935 -0.19033432
v 0.33703041 -2.02433133 0.34199866
v -0.33702781 -2.02433085 0.34199857
v 0.39239075 0.16180387 0.98873961
v -0.39238899 0.16180455 0.98874139
v 0.14882652 -0.46800163 1.02058517
v -0.14882655 -0.4680016 1.02058517
v 0.19841286 -0.38633108 -0.77626651
v -0.19841377 -0.38633263 -0.77626639
v 0.39364236 -0.77392488 0.63959246
v -0.39364033 -0.77392178 0.63959848
v 0.07345075 0.36034274 -0.85675644
v -0.07345075 0.36034274 -0.85675644
v 0.61239683 0.09235495 -0.44683834
v -0.61239659 0.09235434 -0.44683882
v 0.3578118 0.14758575 1.00716149
v -0.35781106 0.14758716 1.00716316
v 0.81641155 0.03715525 0.08326631
v -0.81641143 0.03715545 0.08326674
v 0.63320505 0.28887078 0.45255026
v -0.63320446 0.2888709 0.4525524
v 0.11576066 -1.04614019 0.43350634
v -0.11576058 -1.04614019 0.43350693
v 0.52543598 0.83438706 -0.22090652
v -0.52543991 0.83438253 -0.22090664
v 0.65982407 -0.05241319 -0.13209062
v -0.65982371 -0.05241528 -0.13209055
v 0.69788914 0.06109309 0.18946655
v -0.69788903 0.06109323 0.18946607
v 0.77689176 -0.21823519 -0.02218741
v -0.77689206 -0.21823467 -0.02218738
v 0.14956806 -1.44637477 0.16104486
v -0.14957097 -1.44637513 0.16104553
v 0.62030118 -0.1944804 -0.25045654
v -0.62030142 -0.19448101 -0.25045478
v 0.58510625 0.41759079 -0.52836555
v -0.58510595 0.41759252 -0.52836573
v 0.7219029 -0.35507708 0.03525215
v -0.72190254 -0.35507774 0.03525274
v 0.63169068 -1.23359 -0.54761689
v -0.63169139 -1.23359072 -0.54761445
v 0.02887255 0.78316348 -0.70309782
v -0.02887255 0.78316348 -0.70309782
v 0.34320119 -0.25676634 -0.68971413
v -0.34320178 -0.25677013 -0.68971324
v 0.31008032 -0.44903174 0.9013226
v -0.310083 -0.44903266 0.90132069
v 0.91068387 -1.51432824 -0.50690257
v -0.91067373 -1.5143218 -0.50690913
v 0.63420391 -0.26344373 0.33688402
v -0.63420516 -0.26344361 0.33688107
v 0.09662588 -2.48316168 0.52559727
v -0.09662301 -2.48316121 0.52559703
v 0.47925993 -1.41440057 -0.06097139
v -0.47926658 -1.41438972 -0.0609834
v 0.02280381 -1.91399228 0.27658155
v -0.02279722 -1.91399729 0.27658447
v 0.90032684 -1.67401719 -1.0855956
v -0.90032666 -1.67401707 -1.0855956
v 0.03812563 -0.45230475 1.10845005
v -0.03812563 -0.45230478 1.10845005
v 0.58548504 -1.0443263 -0.55006206
v -0.58548706 -1.04433405 -0.55006092
v 0.20203273 -1.21493172 -0.98607122
v -0.20203419 -1.21493136 -0.98607033
v 0.66438597 -2.08775711 0.31730902
v -0.66439122 -2.08777046 0.31731343
v 0.31612396 0.1189707 1.0093609
v -0.31612652 0.11896974 1.00935888
v 0.94026738 -1.70204532 -0.05952961
v -0.94026625 -1.70204448 -0.05952998
v 0.05443115 -0.46911829 1.08143174
v -0.05443115 -0.46911826 1.08143174
v 0.50491446 -1.03171193 -0.17220825
v -0.50491482 -1.03171539 -0.17220878
v 0.74684792 -1.68361616 -1.18584036
v -0.74684119 -1.68361437 -1.18584275
v 0.61485981 -2.09575986 0.33302974
v -0.6148597 -2.09576559 0.3330321
v 0.54575634 -1.28810191 -0.76302915
v -0.5457533 -1.2880994 -0.76303017
v 0.6455003 -1.26384389 -0.53126293
v -0.64550036 -1.26384353 -0.5312621
v 0.69203048 0.07509286 0.04451648
v -0.69203043 0.07509905 0.04451905
v 0.56043624 0.65606796 0.46343269
v -0.56043738 0.65606522 0.46343216
v 0.66739249 -0.23250174 0.12379799
v -0.66739243 -0.23250167 0.1237981
v 0.15343856 -3.1268692 0.57140523
v -0.15343804 -3.12687087 0.57140439
v 0.27136787 -0.9179241 0.39034667
v -0.27136763 -0.91792541 0.39034885
v 0.5272656 0.16667331 0.81457251
v -0.52726501 0.16667391 0.81457388
v 0.42742008 0.92597383 0.29085883
v -0.42741677 0.92597514 0.29086321
v 0.56306147 -0.82318818 -0.36422547
v -0.56306165 -0.82319086 -0.36422395
v 0.60771215 0.57556259 -0.38559562
v -0.60771489 0.57557004 -0.38558042
v 0.09090139 0.99946153 0.50107628
v -0.09089911 0.99946093 0.50107848
v 0.47516351 -1.8678869 -1.07298636
v -0.47516357 -1.86788809 -1.07298517
v 0.4392308 -1.30264496 -0.88245481
v -0.43922427 -1.30264973 -0.88246578
v 0.1281239 -3.21313262 0.51472663
v -0.12813006 -3.21312999 0.51472795
v 0.49580112 0.65972119 -0.53560966
v -0.49580001 0.65972173 -0.53561079
v 0.02365752 1.06994509 0.30466193
v -0.02365752 1.06994509 0.30466193
v 0.18483121 -0.18506819 0.96436673
v -0.18483047 -0.18506838 0.96436697
v 1.16804206 -1.68185782 -0.88840818
v -1.16804182 -1.68185782 -0.88840848
v 0.6535111 -0.26101413 0.16599631
v -0.6535111 -0.26101425 0.16599625
v 0 -1.40072786 -1.15738153
v 0.88713234 -2.77207613 0.29072147
v -0.88713157 -2.77207922 0.29072079
v 0.19094654 -0.28893229 0.98087739
v -0.19094656 -0.28893536 0.98087787
v 0.17538687 -0.17178547 -0.78003042
v -0.17538687 -0.17178547 -0.78003042
v 0.66478782 0.04608296 0.30927106
v -0.66478753 0.04608435 0.30927273
v 0.48901274 0.14608141 -0.68247157
v -0.48901242 0.14608192 -0.68247211
v 0.27410513 1.04171109 -0.07649441
v -0.27410432 1.04171252 -0.07648219
v 0.32546517 -2.65240979 0.5472297
v -0.3254702 -2.65241003 0.54722869
v 0.44128742 -0.9362092 -0.05275226
v -0.44128751 -0.93620926 -0.05275246
v 0 0.95367711 -0.50926709
v 0.58073008 -0.23743453 0.61442428
v -0.58073151 -0.23743671 0.61441689
v 0.71078419 -2.74481201 0.41070666
v -0.71078419 -2.74481201 0.41070666
v 0.71782219 -0.04022044 0.21424986
v -0.71782219 -0.04022036 0.21424952
v 0.3781507 -2.57696175 0.51909595
v -0.37814539 -2.57696819 0.51909858
v 0.30143967 0.25748002 1.050843
v -0.30143815 0.25748089 1.05084371
v 1.27960324 -1.95825564 -0.02749738
v -1.27960217 -1.958256 -0.02749633
v 0.62731033 -2.85554003 0.45093342
v -0.62731033 -2.85554003 0.45093342
v 0.58164405 -0.28662073 0.57656842
v -0.58164519 -0.28662523 0.57655972
v 0.28252843 -1.95487642 0.32658091
v -0.28253528 -1.95487117 0.32657888
v 0.62623882 0.15979148 -0.43386095
v -0.62623959 0.15978951 -0.43385782
v 0.72289365 -0.35691216 0.05881465
v -0.72289371 -0.35691228 0.05881458
v 1.21831846 -2.00123739 0.03879816
v -1.21831798 -2.00123739 0.03879845
v 0.5620864 -0.99941718 -0.27811837
v -0.5620867 -0.9994173 -0.27811893
v 0.55556839 -0.222549 0.70724898
v -0.55556845 -0.22254745 0.70724946
v 0.63193798 0.12584424 -0.40365549
v -0.63193768 0.12584343 -0.40365618
v 0 1.09345138 0.1648682
v 0.49363112 -0.16613414 0.82065331
v -0.49363121 -0.1661359 0.82065337
v 0.24785515 1.03931534 -0.1651306
v -0.24785396 1.03931641 -0.16512723
v 0.16697962 0.4090335 1.05812943
v -0.16698887 0.4090279 1.05812883
v 0.83829641 -2.64691186 0.35058614
v -0.83829581 -2.64691233 0.35058641
v 0.55423408 -0.3568308 -0.34164464
v -0.55423414 -0.35682964 -0.34164533
v 0.69303691 -0.03751492 0.00020091
v -0.69303691 -0.0375167 0.00020021
v 0.63410973 -0.30059576 0.16768536
v -0.63410985 -0.3005959 0.16768519
v 0.05762658 0.12751461 1.09152019
v -0.05762641 0.12751488 1.0915203
v 0.7078917 0.01116567 0.27503034
v -0.70789164 0.01116592 0.27503019
v 0.59296965 0.77226305 -0.11043031
v -0.59296923 0.77226257 -0.11043523
v 0.30996048 -1.44647991 0.1261568
v -0.30995887 -1.44647812 0.1261581
v 0.69736248 -0.0443204 0.0076289
v -0.69736242 -0.04431992 0.00762905
v 0.22338564 -0.05331176 -0.79369336
v -0.22338804 -0.05331237 -0.79369229
v 0.72782802 0.01780503 0.27308177
v -0.72782802 0.01780503 0.27308175
v 0.55203151 -1.44961631 -1.03225421
v -0.55203265 -1.44961059 -1.03224468
v 0.51164776 -0.61894995 -0.07229697
v -0.51164752 -0.6189503 -0.07229542
v 0.16905331 -1.95441436 0.32351204
v -0.16905213 -1.9544121 0.32351079
v 0.04684349 0.8048495 0.81691366
v -0.04684379 0.80484807 0.81691539
v 0.09926957 -1.3353126 -1.09890115
v -0.09927613 -1.33531367 -1.09890043
v 0.15166173 -0.92659282 0.89079415
v -0.15166041 -0.92659318 0.89079481
v 0.10998293 -1.79803991 0.22693111
v -0.10998139 -1.79803931 0.22693043
v 0.67165029 -0.07853315 -0.08509588
v -0.67165052 -0.07853288 -0.08509503
v 0.67996144 -0.1459923 0.2017655
v -0.67996096 -0.14599216 0.20176686
v 0.43165943 0.93859398 -0.16526001
v -0.43165633 0.93859559 -0.16526357
v 0.10560924 -1.18607246 0.21176505
v -0.10561002 -1.18607211 0.21176499
v 0.3711014 0.17944063 1.01207912
v -0.37110585 0.17944189 1.01207613
v 0.36120018 -1.44227004 0.07513015
v -0.3612006 -1.44227004 0.07512969
v 0.54101467 -0.66968989 0.33401605
v -0.5410155 -0.66968971 0.33401253
v 0.67795229 -0.12712846 0.20381599
v -0.67795234 -0.12712834 0.20381602
v 0.46587246 -0.82850086 0.39036637
v -0.46587204 -0.82850146 0.39036694
v 0.10599798 -1.16260421 0.2201433
v -0.10599829 -1.16260433 0.22014309
v 0.54491037 0.49429184 -0.57257717
v -0.54491043 0.49429109 -0.57257729
v 0.39634007 -1.46152031 0.04347081
v -0.39634034 -1.46151971 0.04347039
v 0.39930084 -0.42400926 -0.63429641
v -0.39930084 -0.42400926 -0.63429641
v 0.04639788 0.21095548 1.09798061
v -0.04639711 0.21095633 1.09798049
v 0.65358209 0.47976005 0.2797707
v -0.65358084 0.47975435 0.27977979
v 0.56896913 0.81914317 0.13226831
v -0.56896877 0.81914407 0.13226635
v 0.36349302 -0.73257184 0.73263049
v -0.36349603 -0.73256075 0.73263204
v 0.76210081 -0.08568568 -0.02716262
v -0.76210117 -0.08568526 -0.02716258
v 0.67095851 -0.16691292 0.20286735
v -0.67095863 -0.16691236 0.20286798
v 0.53145933 -0.58341556 0.10275137
v -0.53145957 -0.58341622 0.10275205
v 0.70213007 -0.34929704 0.08969999
v -0.70213007 -0.34929692 0.0896998
v 0.68333584 0.09428966 0.18452444
v -0.68333578 0.09428974 0.18452388
v 0.96812713 -1.65952003 -0.14540007
v -0.96813201 -1.65952241 -0.14540082
v 1.309484 -1.68164026 -0.53170067
v -1.30948638 -1.68164145 -0.53170085
v 0.42048889 -1.85981345 -1.08261859
v -0.42048889 -1.85981345 -1.08261859
v 0.57586985 -0.62153834 0.20263005
v -0.57586956 -0.62153875 0.20262841
v 0.55270218 -0.5568645 0.11489059
v -0.55270183 -0.55686527 0.11489062
v 0.49182418 -1.81076598 0.20589298
v -0.49182003 -1.81076526 0.20589305
v 0.6844263 -0.34770616 0.10061552
v -0.68442606 -0.34770673 0.1006165
v 0.68637764 -1.33253884 -0.44206735
v -0.686378 -1.33253955 -0.44206732
v 0.64123529 -0.16462197 0.31708028
v -0.64123529 -0.16462148 0.31708028
v 0.40487679 -0.1574653 0.89800852
v -0.40487727 -0.15746597 0.89800828
v 0 0.79789364 0.82689553
v 0.70941323 -0.20041918 0.09218911
v -0.70941305 -0.20041935 0.09218899
v 0.39697459 -3.06144166 0.52860087
v -0.39697447 -3.06144261 0.52860063
v 0.68631112 0.34898084 0.15432244
v -0.68631058 0.34898886 0.1543235
v 0.11256437 -0.39989295 -0.8074277
v -0.11256688 -0.39988842 -0.80742645
v 0.19775623 0.36081779 -0.84073704
v -0.19775623 0.36081779 -0.84073704
v 0.1017562 -0.48338171 1.05316495
v -0.1017562 -0.48338171 1.05316495
v 0.27911448 -0.41361573 0.92316114
v -0.27911564 -0.41361594 0.92316031
v 0.47723278 -0.36081099 0.78211325
v -0.47723633 -0.36080169 0.78211283
v 0.4676198 0.6889832 0.64449989
v -0.46761962 0.68898576 0.64449781
v 1.13217091 -2.40691423 0.20527762
v -1.13216674 -2.4069159 0.20528085
v 0.61229854 0.719078 -0.1581556
v -0.61229795 0.71907752 -0.15816077
v 0.7381308 -0.10911124 0.09700357
v -0.7381308 -0.1091112 0.09700378
v 0.20933172 0.97258055 -0.41058814
v -0.20933172 0.97258055 -0.41058814
v 0.97412306 -2.13513016 0.22723288
v -0.97411882 -2.13512659 0.22723349
v 0.64715004 0.25231295 -0.36331746
v -0.64714896 0.25230601 -0.36332234
v 1.14488089 -2.43672728 0.19592599
v -1.14488041 -2.43672847 0.19592632
v 0.66941732 -0.16557595 -0.04680132
v -0.6694169 -0.1655704 -0.04680463
v 0.43411389 0.01800357 0.86866545
v -0.43411403 0.01800375 0.86866533
v 0.25200471 1.0019046 -0.3023892
v -0.2520062 1.00190413 -0.30238863
v 0.61508584 -0.45688876 0.22719092
v -0.61508595 -0.45688852 0.22719106
v 0.55496037 -1.41050493 -0.1277915
v -0.55495864 -1.41050624 -0.12778905
v 0.08823542 -0.25789681 1.10089349
v -0.08823542 -0.25789681 1.10089349
v 0.65585893 0.48491066 -0.26684919
v -0.65586036 0.4849089 -0.26684269
v 0.26383978 -1.78958237 0.233948
v -0.263839 -1.78958344 0.23394876
v 0 -1.55414664 0.13387759
v 0.62304663 -0.44177368 0.23226375
v -0.62304645 -0.44177386 0.23226378
v 0.53701031 -0.51407283 0.05722264
v -0.53700971 -0.5140742 0.05722245
v 0.31246534 -0.63749575 -0.75835299
v -0.31246534 -0.63749575 -0.75835299
v 0.65156459 0.23928506 0.39507535
v -0.6515637 0.23929037 0.3950774
v 0.14483328 0.88194423 -0.5860489
v -0.14483328 0.88194423 -0.5860489
v 0.14127193 -0.15604768 0.97029531
v -0.141273 -0.15604905 0.97029531
v 0.29802349 0.43627584 0.99587976
v -0.29802206 0.43627664 0.99588012
v 0.55134713 -1.62642812 0.02756369
v -0.55135607 -1.62642896 0.02755989
v 0.7048909 -1.95157158 0.24071474
v -0.70489049 -1.95157158 0.24071486
v 1.24389255 -1.72074472 -0.88270562
v -1.24388802 -1.72074353 -0.88270819
v 0.30666604 0.92253059 0.51657044
v -0.30666673 0.9225288 0.51657342
v 0.17575264 -0.8250873 0.91374951
v -0.17575494 -0.8250938 0.91374445
v 0.58618837 -1.63675904 0.01920324
v -0.58618646 -1.63676703 0.01921065
v 0.66160494 -1.96051704 0.25781446
v -0.66160178 -1.96051299 0.25781372
v 1.16685926 -1.62447643 -0.66006815
v -1.16685903 -1.62447655 -0.66007071
v 0.80587583 -1.44445753 -0.62964403
v -0.8058685 -1.44445216 -0.62964236
v 0.27778857 -0.76111304 0.86220091
v -0.27778869 -0.76111424 0.8622002
v 0.51098364 0.78741771 -0.35791495
v -0.51098376 0.787422 -0.35790762
v 0.63287013 -0.45123234 0.20455098
v -0.63287013 -0.45123231 0.20455099
v 0.25887236 -1.2828201 0.16849035
v -0.25887507 -1.28281939 0.16848935
v 1.26228678 -1.73207557 -0.26430213
v -1.26228737 -1.73207545 -0.26430347
v 0.01844114 -0.52410137 1.08765411
v -0.0184412 -0.52410131 1.08765399
v 0.50127953 -1.4899398 -1.1148864
v -0.50127035 -1.48993086 -1.1148802
v 0.67949938 -0.39646056 0.19737647
v -0.67949861 -0.3964594 0.19737778
v 1.12473154 -1.68120288 -0.9274764
v -1.12472307 -1.68120026 -0.92747896
v 0.35227972 0.79366707 -0.566105
v -0.35227853 0.79366648 -0.56610661
v 0.13906735 -1.93157434 0.30629172
v -0.13906635 -1.93157529 0.30629208
v 0.98728752 -1.58626568 -0.82717841
v -0.98728746 -1.58626568 -0.82717841
v 0.28948169 -0.19377993 -0.73112559
v -0.28948181 -0.19377897 -0.73112559
v 0.94244164 -1.65546667 -1.03176295
v -0.94244164 -1.65546667 -1.03176295
v 0.63336867 -0.24974462 0.20034746
v -0.63336855 -0.24974478 0.2003472
v 0.18607182 0.09713604 1.04586839
v -0.18607124 0.09713549 1.0458678
v 0.33972343 -0.94142711 0.63403099
v -0.33972379 -0.94142675 0.63403022
v 0.65081381 0.6427586 -0.06760542
v -0.65081363 0.64275819 -0.06760812
v 0.37143144 -0.36250925 -0.6572681
v -0.37143144 -0.36250928 -0.6572681
v 0.69420534 -0.17724086 -0.01713902
v -0.6942054 -0.17724078 -0.01713903
v 0.19599363 -1.45080065 0.16843405
v -0.19599531 -1.4508022 0.16843414
v 0.35731929 -0.01069928 0.94102597
v -0.3573192 -0.01069928 0.94102603
v 0.618864 -0.22895672 -0.22391597
v -0.61886274 -0.22895522 -0.22392487
v 0.65332597 0.64630961 -0.02664843
v -0.65332698 0.64630615 -0.02664687
v 0.68690729 -0.44361424 0.15257629
v -0.68690735 -0.44361418 0.1525762
v 0.50925582 -1.18443512 -0.73825955
v -0.50925374 -1.18443107 -0.73826015
v 0.63914585 -0.42812204 0.23865255
v -0.63914561 -0.42812198 0.23865267
v 0.59990716 -1.85285019 0.22055701
v -0.59990435 -1.85285091 0.22055834
v 0.10589124 -0.08416346 0.96050441
v -0.10589108 -0.08416383 0.96050459
v 0.49170318 0.08021671 0.83294683
v -0.49170288 0.08021879 0.83294814
v 0.64827311 -1.31994831 -0.33348
v -0.64827573 -1.31994867 -0.33348515
v 0.18268799 -1.51405859 -1.21690583
v -0.18268942 -1.514063 -1.21690857
v 0.92144751 -2.45543575 0.32007262
v -0.92144674 -2.45543646 0.32007294
v 0.34166839 -0.88345277 0.68785405
v -0.34166908 -0.88345044 0.68785387
v 0.47087445 0.05057931 0.84119939
v -0.47087398 0.05057827 0.84119939
v 0.08609319 -3.06125164 0.59537661
v -0.08609309 -3.06125092 0.59537673
v 0.39927581 -0.81449353 -0.73660409
v -0.39927601 -0.81449341 -0.73660385
v 0.35337916 -2.4574058 0.49487292
v -0.35337635 -2.45740652 0.49487361
v 0.74420982 -1.97014486 0.2370934
v -0.7442106 -1.97014391 0.23709262
v 0.87861627 -1.69887197 -0.03206889
v -0.87861716 -1.69887244 -0.03206879
v 0.66219985 0.43317821 0.26807257
v -0.66219919 0.4331794 0.26807522
v 0.35702353 -1.22318399 -0.88781327
v -0.35702002 -1.22318208 -0.88781493
v 0.4198867 -0.68113362 -0.67958343
v -0.4198867 -0.68113362 -0.67958343
v 0.29554599 -2.41779422 0.49181318
v -0.29554718 -2.41780018 0.49181476
v 0.4456436 0.82360702 -0.41864988
v -0.44564324 0.823605 -0.41865366
v 0.71667999 -1.36614608 -0.44109389
v -0.71667957 -1.36614561 -0.44109422
v 1.09256422 -1.61007499 -0.75352144
v -1.09256422 -1.61007499 -0.75352144
v 1.10861694 -1.87418139 0.02391199
v -1.1086148 -1.87417793 0.02391094
v 0.44656536 0.81681495 0.51818692
v -0.44656482 0.81681644 0.51818513
v 0.67628997 0.04398481 0.26567098
v -0.67628979 0.04398421 0.26567167
v 0.26026174 -1.13606286 -0.92517036
v -0.26026156 -1.13606107 -0.92517
v 0 -0.24221015 1.15967237
v 0.64629119 -0.4176605 0.08755505
v -0.64629072 -0.41766056 0.08755508
v 1.22017383 -1.71531796 -0.25440022
v -1.22017526 -1.71531641 -0.25440576
v 0.71672564 -0.14026305 0.12693372
v -0.71672546 -0.14026352 0.1269339
v 0.6221435 -1.28350448 -0.6417697
v -0.62214469 -1.28350544 -0.64176821
v 0.62888801 -1.76402211 0.10782356
v -0.62887448 -1.76402616 0.10783214
v 0.17244873 -0.38970425 1.00233614
v -0.17244871 -0.38970428 1.00233626
v 0.26369744 0.09953263 1.01465642
v -0.26369655 0.09953267 1.0146569
v 0.28223058 -0.98773193 0.71279829
v -0.28223091 -0.98773127 0.71279853
v 0.71363216 -0.35393694 0.02606552
v -0.71363204 -0.35393729 0.02606584
v 0.27725774 -0.0085677 0.97009533
v -0.27725684 -0.00856698 0.97009539
v 0.64961648 -1.77467417 0.11231479
v -0.64963686 -1.77467119 0.11230527
v 0.60806483 0.27410775 -0.4971745
v -0.60806512 0.27410736 -0.49717381
v 0.34993794 1.00332462 -0.09338869
v -0.34993901 1.00332379 -0.0933914
v 0.71383959 -0.33548283 0.00930066
v -0.71383959 -0.33548301 0.0093008
v 0.18447855 -2.35157656 0.48300534
v -0.18448846 -2.35156106 0.48299923
v 0.6492663 0.38308927 -0.33660951
v -0.64926511 0.38309332 -0.33661407
v 0.61232173 0.31594899 -0.48208934
v -0.61232137 0.31595122 -0.4820902
v 1.30040419 -1.99725806 -0.01837288
v -1.3004055 -1.99725425 -0.01837636
v 0.10536725 -2.84477734 0.60572081
v -0.10536724 -2.84477734 0.60572081
v 1.17552506 -1.66141891 -0.83211064
v -1.17552316 -1.66141855 -0.83211183
v 0.4500254 0.55992633 -0.6577273
v -0.45002561 0.55992615 -0.65772718
v 0.79047924 -0.08095501 -0.03259787
v -0.79047924 -0.08095496 -0.03259785
v 0.33702242 0.61571639 -0.71610736
v -0.33702242 0.61571639 -0.71610736
v 0.08947201 0.02662755 1.01683723
v -0.08947202 0.02662757 1.01683723
v 0.44489735 -2.00698852 0.32603693
v -0.44489216 -2.00698137 0.32603514
v 0.66149705 -0.44978758 0.13959342
v -0.66149652 -0.4497877 0.13959391
v 0.38820046 0.34598857 -0.76949447
v -0.38820046 0.34598857 -0.76949447
v 0.51513588 0.19740214 0.84277558
v -0.51513546 0.197402 0.84277641
v 0.54399561 -0.54248547 -0.23230008
v -0.5439955 -0.54248607 -0.23229679
v 0.06294614 1.09775912 0.07254441
v -0.06294633 1.09775912 0.07254402
v 0.51997417 -1.88238942 0.2664729
v -0.51997721 -1.88238704 0.26647061
v 0.24439324 1.05110299 -0.09497136
v -0.24439552 1.05110287 -0.09496475
v 0.16971151 -1.06282997 0.74281328
v -0.16971193 -1.06282997 0.74281424
v 0.04047026 -0.47448039 1.10410189
v -0.04047026 -0.47448039 1.10410189
v 0.53935354 -0.5559681 -0.18393661
v -0.53935313 -0.5559687 -0.18393258
v 0.54143166 0.78770232 -0.28438103
v -0.54143488 0.7876963 -0.28438425
v 0.6993547 -1.89534938 -1.05199992
v -0.69936531 -1.89535152 -1.05199861
v 0.41110932 -0.90898805 0.04221794
v -0.411109 -0.90898823 0.04221852
v 0.80462449 -0.08288813 0.03454666
v -0.80462443 -0.0828879 0.03454692
v 0.41211018 -0.85314601 0.3557209
v -0.41211092 -0.85314571 0.35572093
v 0 -0.01294757 -0.8459025
v 1.03294289 -2.57273173 0.25333511
v -1.03295278 -2.57272696 0.25332987
v 0.26231616 -1.81440222 0.24729064
v -0.26231756 -1.81440043 0.24728944
v 0.25706249 1.05068898 0.10820831
v -0.25705742 1.05069077 0.10821063
v 0.35474419 -0.90314197 0.11945746
v -0.35474407 -0.90314102 0.11945764
v 1.11244237 -1.72528874 -0.132182
v -1.1124289 -1.72528851 -0.13217203
v 0.23359231 1.05713105 0.1353354
v -0.2335924 1.05713141 0.13533221
v 0.46605932 -2.1372466 0.37995773
v -0.46605959 -2.1372466 0.37995773
v 0.75312578 -0.11491014 0.04108605
v -0.75312584 -0.1149102 0.04108598
v 0.72645837 -0.08174071 0.12134144
v -0.72645837 -0.08174095 0.12134133
v 0.23701444 0.98970252 0.43416366
v -0.23701508 0.98970145 0.43416586
v 0.44768321 -1.26533174 -0.8407613
v -0.44764721 -1.26534819 -0.84080421
v 0.34706088 0.03792141 -0.7672913
v -0.34706151 0.03792373 -0.76729178
v 0.15790335 0.93588155 0.6000179
v -0.1579014 0.9358806 0.60002046
v 0.78239595 -1.5002352 -0.88893318
v -0.78239154 -1.50023257 -0.88893246
v 0.52399915 0.79219824 0.38833001
v -0.52400302 0.79219794 0.38831973
v 0.09310182 1.07057869 -0.20046766
v -0.09310197 1.07057845 -0.20046883
v 0.54667007 -0.62992423 -0.34676629
v -0.54667007 -0.62992435 -0.34676498
v 0.02163078 -0.22112031 1.14040076
v -0.02163078 -0.22112031 1.14040076
v 0.41351237 -2.2766478 0.43764919
v -0.4135268 -2.27665448 0.43764916
v 0.62459665 -0.2913371 -0.11104497
v -0.62459301 -0.29133597 -0.11106269
v 0 0.25233504 -0.86780256
v 0.6932069 -0.31874567 0.00517235
v -0.69320666 -0.31874534 0.00517225
v 0.05199119 1.07807457 -0.18435204
v -0.05199119 1.07807457 -0.18435204
v 0.50970923 0.28179115 0.8393433
v -0.50970685 0.28179314 0.83934789
v 0 0.60464197 0.97741431
v 0.46771845 0.53330224 -0.6531105
v -0.46771818 0.5333026 -0.65311062
v 0.02538872 -0.6332609 -0.85177302
v -0.0253905 -0.63326001 -0.85177284
v 0.48239079 -0.52045655 0.65651488
v -0.48239129 -0.52045905 0.65651136
v 0.45391053 0.44151037 -0.70220816
v -0.45391047 0.44151055 -0.70220816
v 0.36326119 0.82294201 -0.52173638
v -0.36326074 0.82294219 -0.52173668
v 0.52815115 0.09736362 0.78701943
v -0.52814984 0.09736096 0.78702068
v 0.23374736 0.43477547 -0.8207885
v -0.23374736 0.43477547 -0.8207885
v 0.47902688 0.84915357 0.38734474
v -0.47902798 0.8491528 0.38734409
v 0.49642118 -3.0565133 0.47449311
v -0.49642071 -3.05651354 0.47449335
v 0.04165706 -2.62444067 0.5584709
v -0.04165709 -2.62444043 0.5584709
v 0.41846522 -1.08815014 -0.04117881
v -0.41846457 -1.0881505 -0.04117756
v 0.69128102 -0.3117313 0.08724685
v -0.69128108 -0.31173116 0.08724659
v 0.25463393 -0.70716184 0.90448468
v -0.25463336 -0.70716184 0.90448522
v 0.54601842 0.08698044 0.74751007
v -0.54601877 0.08698073 0.74750965
v 0.30672401 -0.39139011 0.91012108
v -0.30672344 -0.39139035 0.9101215
v 0 -2.18806338 0.39681509
v 0.27894276 -0.35689091 0.92934286
v -0.2789385 -0.35688206 0.9293462
v 0.40275269 -1.65651214 0.12505368
v -0.40275549 -1.65652287 0.12505775
v 0.27081635 -3.02972245 0.58447271
v -0.27081635 -3.02972245 0.58447271
v 0.21978175 -0.71108716 0.93012905
v -0.2197811 -0.71108651 0.93012958
v 0.72037267 -2.06694483 0.29315841
v -0.7203744 -2.06694293 0.29315701
v 0.22316689 -1.7961806 0.2422804
v -0.22315776 -1.79618001 0.24228058
v 0.12414766 1.08778524 -0.04304214
v -0.12414736 1.08778536 -0.04304187
v 0.35489845 0.27596128 1.02119898
v -0.35489779 0.27596306 1.02119922
v 0.46806469 0.86083555 -0.30832892
v -0.4680655 0.860834 -0.30833032
v 0.38082429 -1.993142 0.32926595
v -0.38082453 -1.99314487 0.32926678
v 0.3748686 0.25770431 1.01185655
v -0.37486875 0.25770753 1.01185619
v 0.26312771 -1.35100579 0.16375672
v -0.26312696 -1.35101068 0.1637568
v 0.05668987 -1.69166839 0.1701364
v -0.05669624 -1.69166708 0.17013642
v 0.47996318 0.86494374 -0.27107951
v -0.47996571 0.86494183 -0.2710776
v 0.50796437 -0.7590323 -0.15563784
v -0.50796419 -0.75903284 -0.1556375
v 0.38173392 0.56267154 0.86005842
v -0.38173484 0.56267333 0.86005622
v 0.27921137 -1.43135821 0.14932626
v -0.27921217 -1.43135857 0.14932569
v 0.39157775 0.23228454 1.00260365
v -0.39157611 0.23228485 1.00260508
v 0.50740224 -0.69882512 -0.13606908
v -0.50740277 -0.69882434 -0.1360705
v 0.05796619 0.2503021 1.09570789
v -0.05796919 0.25029742 1.09570825
v 0.73796355 -0.09744736 0.07068443
v -0.73796343 -0.09744742 0.07068448
v 0.3790996 0.61144948 0.82620275
v -0.37910109 0.61144614 0.826204
v 0.29335629 -1.4367845 0.13931956
v -0.2933554 -1.43678546 0.13932018
v 1.03043508 -1.69138562 -0.14524112
v -1.03044807 -1.69138574 -0.14525175
v 0.02406783 -1.48704183 0.13008807
v -0.02406648 -1.48705017 0.13008774
v 0.65879601 -0.45096856 0.19125779
v -0.65879613 -0.45096853 0.19125779
v 0.27077287 1.04796087 0.02498839
v -0.27076801 1.0479629 0.02499164
v 0.11093153 -1.05915522 0.8713333
v -0.11093138 -1.05915522 0.8713333
v 0.02134794 -0.00114823 1.04686296
v -0.02134794 -0.00114823 1.04686296
v 0.45485585 -0.18667022 0.86269223
v -0.45485529 -0.18666976 0.86269259
v 0.6352123 -0.45427161 0.18953302
v -0.63521212 -0.45427155 0.18953336
v 0.86739426 -2.02984595 0.22544518
v -0.86738824 -2.02985286 0.22545126
v 0.7069453 -0.00003358 0.04251105
v -0.70694536 -0.00003374 0.04251093
v 0.2668631 -0.07454132 0.95787257
v -0.26686313 -0.0745413 0.95787257
v 0.27747309 0.15013057 -0.82800966
v -0.277473 0.15013065 -0.82800972
v 0.3688929 -0.08392217 0.91650247
v -0.3688929 -0.08392223 0.91650247
v 0.70869523 -0.37471067 0.04637016
v -0.70869523 -0.37471064 0.04637015
v 0.13104517 0.02168584 -0.84556388
v -0.13104547 0.02168534 -0.84556371
v 0.70220661 -0.02029992 0.02415097
v -0.70220655 -0.02030054 0.02415065
v 1.10021424 -2.5594418 0.20979458
v -1.10021424 -2.55944156 0.20979465
v 0.26320767 -0.87567794 0.24100936
v -0.26320752 -0.87567806 0.24100951
v 0.38352119 -0.12267887 0.90549302
v -0.3835209 -0.12267888 0.9054932
v 0.53090333 0.85561627 -0.12146177
v -0.53090465 0.85561555 -0.12145694
v 0.56453061 -0.44505983 -0.17087608
v -0.56453079 -0.44505924 -0.17087476
v 0.55756324 0.3625842 -0.59510874
v -0.55756312 0.36258396 -0.59510892
v 0.72338891 -0.07973399 -0.00253266
v -0.72338908 -0.07973381 -0.00253267
v 0 -0.11207692 -0.81203252
v 0.76019287 -1.40580821 -0.58245229
v -0.76020002 -1.40581417 -0.58245843
v 0.1869678 -1.00882136 0.24310092
v -0.18696722 -1.00882196 0.24310112
v 0.68641507 -0.10977002 0.19180464
v -0.68641501 -0.10977012 0.1918046
v 0.05713224 -0.09493894 -0.81497389
v -0.05713194 -0.09493892 -0.81497389
v 0.57767611 -1.25570607 -0.69303035
v -0.57767468 -1.25570488 -0.69303149
v 0.28748866 0.94373142 -0.40456911
v -0.28748881 0.94373142 -0.40456903
v 0.33023789 -1.4396671 -1.12207067
v -0.33024153 -1.43966877 -1.12207114
v 0.5650286 -0.64245849 0.20220859
v -0.56502926 -0.64245617 0.20220543
v 0.02694862 -0.87947708 0.94994509
v -0.02694719 -0.87947732 0.94994533
v 0.87944662 -1.49916517 -0.43086135
v -0.87944948 -1.4991666 -0.43086874
v 0.48795086 0.26341205 0.8891837
v -0.48795127 0.26340916 0.8891837
v 0.69656968 -0.07294499 0.1851453
v -0.69656962 -0.07294555 0.18514537
v 0.40349784 -1.47876262 -1.13981199
v -0.40350213 -1.47876739 -1.13981533
v 0.34467005 -0.92313289 0.46220696
v -0.34466451 -0.92313623 0.46221035
v 0.16977775 0.16096851 1.10091316
v -0.16977743 0.16096784 1.10091328
v 0.42631813 0.95409959 0.15410918
v -0.42631378 0.9541018 0.15411563
v 0.76274085 -0.2558107 -0.00345107
v -0.76274132 -0.25580963 -0.00345111
v 0.79665905 -2.60343813 0.37156137
v -0.79665982 -2.60343956 0.37156102
v 0.39880636 -1.38700568 0.02042283
v -0.39880693 -1.38700616 0.02042222
v 1.1592766 -2.21689915 0.14874063
v -1.15927624 -2.21689701 0.14874021
v 0.15790861 -3.18648433 0.44534349
v -0.15803477 -3.18657732 0.44545313
v 1.03970027 -1.90569734 0.07731401
v -1.03970718 -1.90570414 0.07731425
v 0.7600705 -0.23929917 0.01110563
v -0.76007056 -0.23929983 0.01110542
v 0.19453044 0.45406517 1.03315556
v -0.19453421 0.4540736 1.03315043
v 0.32474404 -2.9654231 0.57981514
v -0.3247435 -2.96542263 0.57981544
v 0.12949618 -1.06637513 0.68063563
v -0.12949906 -1.06637537 0.68064189
v 0.58776223 -0.43904584 0.07211259
v -0.58776247 -0.43904513 0.07211207
v 0.07237231 0.06433318 -0.86314618
v -0.07237262 0.06433319 -0.86314618
v 0.99019229 -1.57601785 -0.7740525
v -0.99019229 -1.57601785 -0.7740525
v 0.56291425 -0.80514276 -0.40392169
v -0.56291419 -0.80514246 -0.40392187
v 0.19217456 0.20076963 1.0960257
v -0.1921765 0.20076915 1.09602522
v 0.23967644 -0.15553556 -0.7598561
v -0.23967695 -0.15553499 -0.75985598
v 0.47611221 -0.83194941 -0.09336379
v -0.47611227 -0.83194911 -0.09336383
v 0.99222046 -1.5699439 -0.73547631
v -0.99222046 -1.5699439 -0.73547631
v 0.57928073 -1.02993893 -0.31119906
v -0.57928323 -1.02994692 -0.31120306
v 1.12734413 -1.76725363 -1.01730001
v -1.12734639 -1.76725328 -1.01729846
v 0.20798853 -0.23344555 0.96562045
v -0.20798957 -0.23344609 0.96562016
v 0.62938863 0.71729826 0.02107914
v -0.62938928 0.71729666 0.02108451
v 0.1359208 -2.95474553 0.61382073
v -0.1359208 -2.95474553 0.61382073
v 0.16150277 -0.71985125 0.97619068
v -0.16150318 -0.71985101 0.97619038
v 0.18666033 -1.52432251 0.16987934
v -0.18666072 -1.52432143 0.16987925
v 0.53027343 0.86430704 -0.07670794
v -0.53027319 0.86430716 -0.07670915
v 0.10471706 -2.7935965 0.59740167
v -0.10471708 -2.7935965 0.59740167
v 0.70930242 -0.23430414 0.03446371
v -0.70930242 -0.23430389 0.0344638
v 0.1305543 -0.49904406 -0.8174349
v -0.13055098 -0.49904948 -0.81743669
v 0.48728638 0.89394938 0.21964249
v -0.48728615 0.89394861 0.21964725
v 0.73643565 -0.31435343 0.00771923
v -0.73643589 -0.31435263 0.00771849
v 0.93685656 -2.20243334 0.27035242
v -0.93685424 -2.20243287 0.27035322
v 0.09647323 -0.69478732 -0.85712182
v -0.09647266 -0.69478708 -0.85712188
v 0.66635185 0.19672282 -0.26604342
v -0.66635143 0.19671139 -0.26604402
v 0.21795389 -2.0391159 0.35321477
v -0.21795837 -2.03911423 0.35321423
v 0.20248818 -0.98519277 0.43432846
v -0.20248928 -0.9851917 0.43432754
v 0.41788417 -0.2796235 0.87417292
v -0.41788265 -0.27962744 0.87417298
v 0.66547113 -0.25078165 0.11509627
v -0.66547119 -0.25078171 0.11509624
v 0.04807254 -0.79914796 0.98746126
v -0.04807081 -0.79914695 0.98746228
v 0.05434636 -0.61216163 -0.84702771
v -0.05434732 -0.61216145 -0.8470276
v 0.0289066 -1.14814841 0.25574496
v -0.02890757 -1.14814794 0.25574517
v 0 -0.80331683 0.9858523
v 0.19112423 0.95753431 -0.45195716
v -0.19112436 0.95753431 -0.45195719
v 0.63843387 -1.224442 -0.46151295
v -0.63843286 -1.22443771 -0.46151226
v 0.67007905 -0.27466538 0.11333219
v -0.67007905 -0.27466526 0.11333219
v 0.34745675 -0.67857319 0.80452907
v -0.34745588 -0.6785739 0.8045302
v 0.29225415 0.11174812 -0.81758022
v -0.29225415 0.11174926 -0.81758046
v 0.3371545 0.68905979 0.79866558
v -0.33715382 0.68905973 0.79866617
v 0.64268112 -0.29449632 0.3046064
v -0.64267975 -0.29449737 0.30460903
v 0.74530082 -2.90043425 0.35713526
v -0.7453013 -2.90043377 0.35713505
v 0.5343883 0.70047044 -0.43161919
v -0.53438681 0.70047485 -0.43161699
v 0.66726291 -0.26282048 0.11225493
v -0.66726291 -0.26282051 0.11225493
v 0.62769138 -2.20158648 0.36909997
v -0.62770152 -2.20158457 0.36909657
v 0.40731361 -1.09347724 -0.01790145
v -0.40731418 -1.09347665 -0.0179027
v 0.55149644 -0.3280633 0.64514732
v -0.5515002 -0.3280543 0.64514464
v 0.50579696 -1.36354446 -0.91848582
v -0.50579434 -1.36352813 -0.91845995
v 0.52806937 -2.5378952 0.47146216
v -0.5280683 -2.53790283 0.47146377
v 1.24919235 -1.93211567 -0.02386606
v -1.24919307 -1.93211472 -0.02386723
v 0.7422524 -0.05572226 0.09207023
v -0.74225252 -0.05572196 0.09207039
v 0.4582394 -1.35807228 -0.9493016
v -0.45823207 -1.35806095 -0.9492892
v 0.62083578 -1.20024311 -0.36994701
v -0.6208359 -1.20024228 -0.36994794
v 0.13063582 0.68491768 0.90763133
v -0.13063329 0.68491369 0.90763509
v 0.0962221 0.78295874 -0.69654321
v -0.0962221 0.78295874 -0.69654321
v 0.05467164 -0.62859576 1.08444321
v -0.05467179 -0.6285963 1.08444297
v 0.16653972 -0.07059446 -0.80553418
v -0.16653983 -0.07059495 -0.80553394
v 0.80603742 0.0003657 0.10900421
v -0.80603742 0.00036571 0.10900421
v 0.33166733 -0.14513526 -0.71526873
v -0.33166673 -0.14513513 -0.71526908
v 0.33425271 0.98447525 -0.23506391
v -0.33425578 0.98447388 -0.23506282
v 0 -1.99736726 0.32251769
v 0.318659 -3.09040284 0.54857134
v -0.318659 -3.09040331 0.54857111
v 0.20902894 -2.36837029 0.48684543
v -0.20902784 -2.36837911 0.48684847
v 1.04039657 -1.87706768 -1.10473871
v -1.0403943 -1.87706685 -1.10473954
v 0.51031631 0.32558363 -0.66665482
v -0.51031631 0.32558363 -0.66665482
v 1.16671478 -1.74170792 -0.97270923
v -1.16671454 -1.7417078 -0.97270935
v 0.63039374 0.19690921 0.48915669
v -0.63039553 0.19690579 0.48915159
v 0.03916871 -1.09504437 0.77634573
v -0.03916871 -1.09504437 0.77634573
v 0.52225983 -0.46120828 -0.42012414
v -0.52225983 -0.46120831 -0.42012414
v 0.33720451 -0.83752507 0.71960467
v -0.33720496 -0.83752709 0.71960288
v 0.47811844 -1.31610405 -0.86730772
v -0.47813251 -1.3160988 -0.86728858
v 0.8786562 -1.53957939 -0.84116566
v -0.8786565 -1.53957951 -0.84116512
v 0.8845272 -1.49823808 -0.59140723
v -0.88452661 -1.49823761 -0.59140825
v 0.7051835 -0.08533357 -0.00113633
v -0.70518344 -0.08533395 -0.0011365
v 0.25402671 -2.80269932 0.58905202
v -0.25402495 -2.80270075 0.58905249
v 0.75582289 0.05046272 0.23971305
v -0.75582277 0.05046255 0.23971332
v 0.15396452 -0.9976952 0.87519055
v -0.15396428 -0.9976958 0.87519061
v 0.91521608 -1.51778388 -0.5986669
v -0.91521281 -1.51778233 -0.59867078
v 0.43312493 -2.37218475 0.46119681
v -0.43312105 -2.37218093 0.46119651
v 0.13339474 -2.98832082 0.61163562
v -0.13339474 -2.98832082 0.61163562
v 0.12866875 -1.14976954 -0.99594914
v -0.12866932 -1.14977002 -0.99594909
v 0.47895479 -1.33257103 -0.89086473
v -0.47896814 -1.33257198 -0.89085507
v 0.43794781 -0.31437063 -0.58753454
v -0.43794783 -0.31437069 -0.58753448
v 1.00549626 -1.9542365 -1.0176047
v -1.00549542 -1.95422983 -1.01761186
v 0.06673491 -1.19575274 0.21860884
v -0.06673523 -1.19575071 0.21860961
v 0.41782555 0.2024704 0.97902369
v -0.41782623 0.20247039 0.97902309
v 0.09688823 -0.17911598 1.03313958
v -0.09688618 -0.17911134 1.03313934
v 0.39677602 -0.69943773 0.68305981
v -0.39677819 -0.69943296 0.68305867
v 0.61716514 -1.49938535 -0.09872872
v -0.61716699 -1.49938714 -0.09872832
v 0.3527266 0.35325264 1.00075542
v -0.35272446 0.3532547 1.00075602
v 0.1555837 -0.38870906 1.0654664
v -0.1555839 -0.38870993 1.06546556
v 1.3814373 -1.72630679 -0.49832052
v -1.38143527 -1.72630524 -0.49832245
v 0.07267748 -0.15541593 1.05324149
v -0.07267763 -0.15541511 1.05324089
v 0.39922833 -0.853688 0.07361687
v -0.3992283 -0.85368776 0.07361698
v 0.12650172 -1.25748908 -1.04017949
v -0.1264996 -1.25748944 -1.04018044
v 0.61021095 -0.4834541 0.169803
v -0.61021131 -0.48345267 0.16980284
v 0.47316813 -0.05937933 0.811522
v -0.47316756 -0.05937907 0.81152248
v 0.23418088 -0.78020107 0.89628624
v -0.23418042 -0.78020143 0.89628642
v 0.7324382 0.07066008 0.16309636
v -0.73243808 0.07066008 0.16309659
v 0.47996255 -0.08024785 0.81004548
v -0.47996336 -0.08024966 0.81004512
v 0.2724004 0.81939113 0.71344882
v -0.272399 0.81939315 0.71344721
v 0.6775881 -0.21032965 -0.01365587
v -0.67758804 -0.21032992 -0.01365583
v 0.60276097 0.77012968 0.0823166
v -0.60276323 0.77012604 0.08231218
v 0.7229712 0.06515114 0.17177869
v -0.72297114 0.06515116 0.17177934
v 1.3285669 -1.71268332 -0.76187312
v -1.328565 -1.71268284 -0.76187503
v 0.81101971 0.00293158 0.10008001
v -0.81101971 0.00293159 0.10008004
v 0.99089348 -1.56520581 -0.43605512
v -0.99089515 -1.56520676 -0.4360547
v 0.66070717 -0.14857171 -0.07893668
v -0.6607064 -0.14856889 -0.07894052
v 0.72007846 -1.50032055 -0.15877786
v -0.72008293 -1.5003196 -0.15878142
v 0.69036531 0.42766678 0.04315235
v -0.69036477 0.42766714 0.0431613
v 0.0929432 -1.05450844 0.56021308
v -0.09294384 -1.05450832 0.56021386
v 0.66422379 -0.3158175 0.23794919
v -0.66422432 -0.31581676 0.23794888
v 0.64837479 -0.13806764 -0.12129724
v -0.64837431 -0.1380679 -0.12129847
v 0.54470729 -0.42956438 -0.33512014
v -0.54470729 -0.42956438 -0.33512011
v 0.78836202 -1.56701362 -0.12101386
v -0.7883653 -1.56701505 -0.1210138
v 0 -0.45621806 1.1835829
v 0.64043277 -0.32940959 0.02549194
v -0.64043259 -0.32941079 0.02549272
v 0.20947407 -1.61727106 0.18541096
v -0.2094738 -1.61726892 0.18541044
v 0.5605697 -0.22012485 -0.41433987
v -0.56056982 -0.22012548 -0.41433918
v 0.65203678 -0.32462772 0.22690907
v -0.65203672 -0.32462775 0.22690926
v 0.01321961 -0.45319166 1.18578839
v -0.01321961 -0.45319166 1.18578839
v 0.71025806 0.04805928 0.09164017
v -0.71025806 0.04805945 0.09164042
v 0.62161332 -0.32846829 -0.05073526
v -0.62162298 -0.32845145 -0.05073435
v 0.67595267 0.53435242 0.06952786
v -0.6759535 0.53434747 0.06952682
v 0.41665476 -1.33953297 -0.95134383
v -0.41666334 -1.33952379 -0.95132404
v 0.6920107 -0.1239517 0.14664843
v -0.69201052 -0.1239513 0.14664866
v 0.69211232 0.03030825 0.01338614
v -0.6921122 0.03030747 0.01338444
v 0.46179792 0.09367663 0.87499362
v -0.46179756 0.09367571 0.87499344
v 0.62655371 0.64945858 0.24575236
v -0.62655705 0.64945471 0.245742
v 0.62841725 -0.22007592 0.36326557
v -0.62841725 -0.22007511 0.36326605
v 0.3302921 -0.19199729 0.92828881
v -0.3302938 -0.19199679 0.92828828
v 0.4920929 -0.78228992 0.39419403
v -0.49209338 -0.78228944 0.39419248
v 0.31126594 0.81821799 -0.57225763
v -0.3112666 0.81821781 -0.57225745
v 0.26626125 -0.86714875 0.26703998
v -0.26626101 -0.86714905 0.26704013
v 0.23424442 -0.29843008 0.95779794
v -0.23424319 -0.29842814 0.95779871
v -0.88991528 -2.07535576 -0.87861979
v 0.88986635 -2.07537841 -0.87859296
v 0.29315021 -3.15817523 0.51435446
v -0.29315033 -3.15817475 0.51435494
v 0.35782861 -0.16070821 0.92010188
v -0.35782623 -0.16070662 0.92010271
v 0.20147499 -3.02530455 0.60009509
v -0.20147635 -3.02530384 0.60009509
v 0.51159155 -0.16948247 0.79658305
v -0.5115928 -0.16947881 0.79658073
v 0.66736733 -0.21312928 0.21985434
v -0.66736728 -0.21312975 0.21985355
v 0.79602313 0.06684336 0.10675533
v -0.79602295 0.0668435 0.10675505
v 0.46363025 -0.79709994 -0.03580857
v -0.46363014 -0.79710078 -0.03580881
v 0.59775382 0.43576407 -0.49178847
v -0.5977531 0.43576738 -0.49178907
v 0.7785241 -1.87556242 0.18393161
v -0.77852183 -1.8755629 0.18393258
v 0.95325565 -2.32373786 0.29407212
v -0.95325547 -2.32373786 0.29407218
v 0.80953049 0.05122971 0.10930728
v -0.80953055 0.05122968 0.10930724
v 1.1230123 -1.67204701 -0.27728837
v -1.1230117 -1.67204773 -0.27728566
v 0.34296444 -1.80760037 0.22773861
v -0.34295621 -1.8076055 0.22774365
v 0.81011146 0.05201152 0.09970287
v -0.81011146 0.05201152 0.09970286
v 0.59588491 -0.15406744 0.5695467
v -0.59588462 -0.15406882 0.56954753
v 0.38871642 0.88563525 0.48028674
v -0.38871982 0.88563364 0.48028478
v 0.3378123 -2.13698363 0.39042571
v -0.33779546 -2.13697671 0.39042264
v 1.33657348 -1.72817766 -0.79032862
v -1.33657586 -1.72817838 -0.79032659
v 0.67880791 0.18280057 0.23710751
v -0.67880779 0.18279773 0.2371084
v 0.24170313 -1.43965899 -1.1496247
v -0.24169395 -1.43965494 -1.14962399
v 0.52002191 -1.35126149 -0.13391993
v -0.52002394 -1.35125958 -0.13392312
v 0.30401361 -0.84360283 0.77304011
v -0.30401304 -0.84360492 0.77304011
v 1.04866135 -1.65258824 -0.24039374
v -1.04865646 -1.65258634 -0.24039275
v 0.13988058 -1.07559323 0.77135098
v -0.13988031 -1.07559335 0.7713505
v 1.02361655 -1.5752567 -0.47409403
v -1.02361321 -1.57525479 -0.47409993
v 0.13233389 -0.98964804 0.89269012
v -0.13233533 -0.98964822 0.89268916
v 0.00870381 -0.06964185 1.07161116
v -0.00870381 -0.06964185 1.07161116
v 0.52058637 -1.02607715 -0.6619777
v -0.52058553 -1.02607095 -0.66197657
v 1.00090313 -1.61736333 -0.91085779
v -1.00090372 -1.61736357 -0.91085773
v 0.48068481 0.44865444 -0.6738944
v -0.48068535 0.4486539 -0.67389404
v 0.5598731 -1.01117634 -0.59198892
v -0.55987268 -1.01117539 -0.59198927
v 0.73040247 -2.79858779 0.39484962
v -0.73040252 -2.79858779 0.39484956
v 0.01168446 -0.04193535 1.05624043
v -0.01168446 -0.04193535 1.05624043
v 0.58829599 0.50939852 -0.48224011
v -0.58829724 0.50939476 -0.48223903
v 0.7926439 -0.16870458 -0.02673011
v -0.79264348 -0.16870616 -0.02673012
v 0.68317502 -1.32717239 -0.49801901
v -0.68317526 -1.32717311 -0.49802511
v 1.06069731 -2.43266892 0.25449356
v -1.06069517 -2.43266797 0.25449484
v 0.47092375 -0.61849802 -0.59775793
v -0.47092378 -0.61849796 -0.59775787
v 0.09319792 -0.73632025 1.02922439
v -0.09319829 -0.73632019 1.02922415
v 0.53776031 0.80744332 0.31566852
v -0.537763 0.80744314 0.31566014
v 0.0840936 0.14743505 -0.86777591
v -0.0840936 0.14743505 -0.86777591
v 0.37198674 -0.02550719 0.92697513
v -0.37198671 -0.02550726 0.92697513
v 0.43157455 -1.4891597 0.02027454
v -0.43157661 -1.48915743 0.02027164
v 0.08611744 -0.75796163 1.01750743
v -0.08611742 -0.75796115 1.01750791
v -0.15758964 -2.09893822 -0.85134279
v 0.15643587 -2.09852123 -0.8518331
v 0 -0.50552713 1.10516905
v 0.41213151 -1.80364215 0.21608416
v -0.41213446 -1.80364263 0.21608421
v 1.34138023 -1.69494152 -0.622065
v -1.34138023 -1.69494164 -0.62206906
v 0.77670091 -2.9641726 0.28324618
v -0.77670604 -2.96416974 0.28324234
v 0.84388756 -2.73918199 0.33396729
v -0.84388721 -2.73918247 0.33396741
v 0.47977942 -0.64891696 0.0747229
v -0.47977978 -0.64891642 0.07472274
v 0.51496893 -0.16179426 -0.5351473
v -0.51496934 -0.16179706 -0.53514552
v 0.32536989 -1.50097417 -1.18097853
v -0.32537037 -1.50097262 -1.18097698
v 0.77561217 -2.94961786 0.29846456
v -0.77561235 -2.94961834 0.29846406
v 0.37121221 -0.97694367 0.09166271
v -0.3712126 -0.976942 0.09166241
v 0.39328175 -0.05833615 0.89356654
v -0.39328199 -0.05833621 0.89356631
v 0.4937655 -0.63020277 0.08392865
v -0.49376592 -0.63020205 0.08392804
v 1.21237373 -2.25059151 0.1253646
v -1.21236538 -2.25061512 0.12537415
v 0.69715052 0.32870876 0.04553701
v -0.69715017 0.32871231 0.04553896
v 0.57202267 -0.60484933 0.28762924
v -0.5720213 -0.6048544 0.28762918
v 0.08164862 -0.41891169 1.14643144
v -0.08164862 -0.41891169 1.14643144
v 0.10973361 1.0414437 0.37731936
v -0.10973365 1.04144382 0.37731894
v 0.24849814 -0.49391999 0.94202071
v -0.24849793 -0.49392044 0.94202083
v 0.35466355 -0.44880989 0.87048482
v -0.35466361 -0.44881063 0.87048476
v 0.66984641 0.3735516 0.25887155
v -0.66984623 0.37354856 0.25887388
v 0.02438714 -1.0241009 -0.97442764
v -0.02438714 -1.0241009 -0.97442764
v 0.5176655 0.58153832 -0.56332796
v -0.51766598 0.58153569 -0.56332916
v 0.19907376 0.45077186 -0.82608103
v -0.19907376 0.45077186 -0.82608103
v 0.5036965 0.05423631 0.80548137
v -0.50369614 0.05423342 0.80548054
v 0.03946254 0.14581885 -0.87029868
v -0.03946254 0.14581885 -0.87029868
v 0.04420847 -0.86728429 0.94972878
v -0.04420841 -0.86728394 0.94972884
v 0.77665847 -1.54978609 -1.02114784
v -0.776654 -1.54978168 -1.02114367
v 0.60276192 -1.33292436 -0.74995219
v -0.6027444 -1.33291971 -0.74996918
v 0.15221069 -3.15528869 0.55561602
v -0.15220917 -3.15528941 0.55561578
v 1.1654241 -1.72024333 -0.95043063
v -1.16542506 -1.72024321 -0.95042991
v 0.10355457 -1.11947405 0.24349381
v -0.10355538 -1.11947453 0.24349293
v 0.72399264 -0.05275925 0.25175574
v -0.72399282 -0.05275884 0.25175589
v 0.02258053 -0.5705136 1.08926212
v -0.02258149 -0.57051348 1.089262
v 0.12856847 -1.09560394 0.24124039
v -0.12856751 -1.09560489 0.24124056
v 0.59611117 -2.97267794 0.44566568
v -0.59611117 -2.97267794 0.44566568
v 0.1265944 0.372857 1.07532024
v -0.12659688 0.37285965 1.07531929
v 0.12384056 -1.22456777 -1.0254426
v -0.1238412 -1.22456944 -1.02544307
v 0 -1.08353412 0.88093102
v 0.03211047 0.61567556 -0.80092704
v -0.03211047 0.61567556 -0.80092704
v 0.31960782 -1.1772753 0.13528679
v -0.31960848 -1.17727518 0.13528618
v 0.55162936 0.83108401 -0.12118368
v -0.55163145 0.83108133 -0.12118393
v 0.50955504 0.13898605 0.83506679
v -0.50955617 0.13898548 0.835065
v 0.66075116 -1.31163752 -0.37896278
v -0.66075068 -1.31163489 -0.37896686
v 0.30425563 0.26997485 -0.81790787
v -0.30425563 0.26997485 -0.81790787
v 1.32720601 -1.81175863 -0.91222083
v -1.32720637 -1.81175887 -0.91222065
v 1.08465969 -1.62939333 -0.34510216
v -1.08465313 -1.62939333 -0.34509322
v 0.25222107 0.94121497 0.53196764
v -0.25222519 0.94121211 0.53196978
v 0.04571754 1.00169158 -0.41729611
v -0.04571754 1.00169158 -0.41729611
v 0.13425347 -0.20219765 0.99428355
v -0.13425457 -0.20219986 0.99428379
v 0.11716099 -2.19248342 0.4089666
v -0.11716685 -2.19247961 0.40896531
v 0.10847161 -1.23675894 0.19560986
v -0.10847137 -1.23675835 0.19561007
v 0.5702843 -0.43654716 -0.11908154
v -0.57028442 -0.43654915 -0.11907181
v 0.22179022 0.94169229 0.55389088
v -0.22179177 0.94169223 0.55388993
v 0.25066134 0.27612319 -0.83579242
v -0.25066134 0.27612319 -0.83579242
v 0.43484342 -0.66306942 -0.65862387
v -0.43484342 -0.66306942 -0.65862387
v 0.06995382 -0.44413054 1.09356653
v -0.06995382 -0.44413054 1.09356653
v 0.15738533 -2.17597127 0.40400099
v -0.15739417 -2.17594099 0.40398672
v 0.39479693 -0.89671188 0.07153072
v -0.39479684 -0.89671164 0.07153089
v 0.13185527 -0.47834929 1.03647077
v -0.13185529 -0.47834926 1.03647077
v 0.06656062 -0.28042101 1.14872717
v -0.0665614 -0.28041991 1.14872527
v 0.41192027 -0.75463932 -0.70805889
v -0.41192024 -0.75463944 -0.70805895
v 0.93794596 -1.71739649 -0.03382386
v -0.93794667 -1.7173959 -0.03382517
v 0.4827407 -0.73602825 -0.06552927
v -0.48274067 -0.73602813 -0.06552886
v 0.571159 -0.36046972 -0.26920372
v -0.57115918 -0.36046901 -0.26920366
v 0.35780084 0.41648918 -0.77597403
v -0.35780084 0.41648918 -0.77597403
v 0.05276905 -0.29087212 1.1724776
v -0.05276908 -0.29087266 1.17247796
v 0.4069283 -0.70825755 -0.69960075
v -0.40692836 -0.70825755 -0.69960069
v 0.58552265 -0.98249793 -0.5126124
v -0.58552283 -0.9824993 -0.51261299
v 0.13684663 -2.56951594 0.55023485
v -0.13684324 -2.56951904 0.55023574
v 0.81941264 -0.05152475 -0.01149337
v -0.81941282 -0.05152343 -0.01149277
v 1.1747632 -1.816051 -1.01996982
v -1.17476415 -1.816051 -1.01996922
v 0.58267951 0.80571097 0.07659874
v -0.58267909 0.80571168 0.07659807
v 0.03532237 -0.26171696 1.16292619
v -0.03532237 -0.26171696 1.16292619
v 0.49122387 -1.63020277 -1.24573266
v -0.49122363 -1.63020312 -1.24573302
v 0.5012322 -0.69185996 -0.11305741
v -0.50123202 -0.69186073 -0.11305728
v 0.76819366 0.01863056 0.22200837
v -0.76819366 0.01863059 0.22200836
v 0.28142824 -0.93962168 0.76223731
v -0.28143027 -0.93961978 0.76223534
v 0.41567227 -1.13670837 -0.0369896
v -0.41567191 -1.13670873 -0.03698886
v 0.07403717 -0.02619691 1.00676798
v -0.07403716 -0.02619693 1.00676798
v 0.6257019 -0.12606534 0.4547435
v -0.6257019 -0.12606464 0.45474425
v 0.76451695 0.02137115 0.2324974
v -0.76451695 0.02137115 0.2324974
v 0.52991849 0.16548998 -0.63606876
v -0.52991783 0.16548937 -0.63606941
v 0.65374887 -2.03599238 -0.91276848
v -0.65374887 -2.03599238 -0.91276848
v 0.63688331 -2.62195754 0.44249206
v -0.6368829 -2.62195873 0.44249236
v 0.24193249 -1.71432268 0.20943152
v -0.24193094 -1.71432542 0.20943275
v 0.48989006 -2.90953016 0.51916325
v -0.48989036 -2.90953087 0.51916301
v 0.49186646 0.73357176 -0.46756172
v -0.49186667 0.73357147 -0.46756169
v 1.37166488 -1.74521422 -0.3802773
v -1.37166523 -1.74521458 -0.38027644
v 0.0434054 -0.43396174 1.10743045
v -0.0434054 -0.43396174 1.10743045
v 0.25189545 0.94530081 -0.43333426
v -0.25189539 0.94530111 -0.43333369
v 0.0253407 -1.82824051 0.22211682
v -0.0253475 -1.82825028 0.22212278
v 0.44170051 0.29311052 0.94769305
v -0.44170197 0.29311123 0.94769114
v 0.16771833 -1.32426762 -1.070212
v -0.16771985 -1.32426405 -1.07020843
v 0.89127898 -1.76077091 -1.14922988
v -0.89127528 -1.76076793 -1.14923071
v 0.22841762 -1.58845198 0.17810684
v -0.22841458 -1.58846163 0.17810927
v 0.4209837 0.31270033 0.96268045
v -0.420984 0.31269791 0.96268105
v 1.03458702 -1.58683347 -0.73741585
v -1.03458726 -1.58683359 -0.73741644
v 0.03529226 -1.79781997 0.2071729
v -0.03530153 -1.79781162 0.2071688
v 0.53084337 0.73569542 0.45701572
v -0.53084522 0.73569458 0.45701199
v 1.09388291 -2.06012606 0.12528459
v -1.09387946 -2.06012606 0.12528625
v 0.642156 -1.38631999 -0.80958634
v -0.64214694 -1.38632106 -0.80960196
v 0.23029011 -1.54880654 0.17105147
v -0.23029021 -1.54880523 0.17105121
v 0 -0.88999122 -0.92917817
v 0.63745355 -1.40869522 -0.20425431
v -0.63745588 -1.40869867 -0.2042526
v 0.17765107 -0.03574598 0.93280917
v -0.17765106 -0.03574595 0.93280917
v 0.49949687 -1.00325667 -0.68195551
v -0.49949783 -1.00325989 -0.68195539
v 0.58066898 -1.81047606 0.17720389
v -0.5806669 -1.81048262 0.1772131
v 0.0302665 1.09524798 -0.07788404
v -0.03026615 1.09524798 -0.07788405
v 0.05152598 -0.2608875 -0.8015753
v -0.05152682 -0.26088738 -0.80157518
v 0.17020373 -0.04329885 0.92657333
v -0.17020373 -0.04329884 0.92657339
v 0.56215131 -0.4662019 -0.05351138
v -0.56215113 -0.46620211 -0.05350972
v 0.60094332 0.71938246 -0.21958334
v -0.60094344 0.71938413 -0.2195792
v 0.47714942 -0.93796807 -0.68964272
v -0.47714942 -0.93796807 -0.68964272
v 0.17217339 -0.07707176 0.93164235
v -0.17217341 -0.07707166 0.93164229
v 0.83284151 -1.48895275 -0.75375914
v -0.83283919 -1.48894989 -0.75375378
v 0.57511156 -0.43202564 -0.04840158
v -0.57511103 -0.43202692 -0.04840103
v 0.33876109 -1.33952391 -1.0021255
v -0.33875832 -1.33952486 -1.00212836
v 0.74297773 -1.77810251 -1.17589151
v -0.74299234 -1.77810561 -1.17588937
v 0.31846231 -1.25858449 0.12692919
v -0.31846258 -1.25858533 0.1269288
v 0.16721117 -0.61360472 1.00703167
v -0.16721105 -0.6136043 1.00703179
v 0.66761618 -1.3529452 -0.32095423
v -0.66761624 -1.35294795 -0.32095032
v 0.14554208 -1.0597037 0.25120538
v -0.14554211 -1.05970382 0.25120505
v 0.5606907 -0.30993399 -0.3555299
v -0.56069064 -0.30993396 -0.35552987
v 0.19138926 0.57208681 -0.79520744
v -0.19138926 0.57208681 -0.79520744
v 0.55294936 -1.14421141 -0.66456306
v -0.55294656 -1.144207 -0.66456502
v 1.27878618 -1.70713937 -0.34647697
v -1.27878677 -1.70714044 -0.34647506
v 0.48067271 -0.38430374 -0.51402139
v -0.48067271 -0.38430374 -0.51402139
v 0.16622993 -1.02153742 0.26050269
v -0.16622944 -1.02153801 0.26050287
v 0.65243703 -0.27104613 -0.00646697
v -0.65243649 -0.27104711 -0.00646719
v 1.12387943 -1.60784494 -0.57403063
v -1.12388074 -1.60784554 -0.57402539
v 0.19737771 -0.66002905 0.98089528
v -0.19737783 -0.66002893 0.98089522
v 1.28257727 -1.69966089 -0.37713271
v -1.28257823 -1.69966161 -0.37713182
v 0.05588084 -1.23307371 -1.04695844
v -0.05587973 -1.23307085 -1.04695749
v 0.05969949 0.82298129 0.7930656
v -0.05969747 0.82298106 0.79306632
v 0.99036878 -1.56317853 -0.69079977
v -0.99036836 -1.5631783 -0.69079941
v 0.56119173 0.04867557 0.70167172
v -0.56119287 0.04867468 0.70166873
v 0.66002053 -0.3431738 0.04195858
v -0.66002064 -0.34317457 0.04195892
v 1.00877177 -1.82118654 -1.10419392
v -1.00877308 -1.82118713 -1.10419344
v 0.42065432 0.92564255 -0.24510131
v -0.42065507 0.92564171 -0.24510201
v 0.03798643 -1.419312 0.13880285
v -0.03798186 -1.41931247 0.13880209
v 0.54065573 -0.58394992 -0.25219047
v -0.54065614 -0.58394998 -0.25219515
v 0.79407566 -2.56106972 0.37203517
v -0.79407596 -2.56106996 0.37203505
v 0.27195486 0.5634222 -0.7730844
v -0.27195486 0.5634222 -0.7730844
v 0.97965139 -1.67689335 -1.02691721
v -0.97965139 -1.67689335 -1.02691721
v 0.10119824 -0.63702142 -0.84436446
v -0.10120012 -0.63702321 -0.84436446
v 0.84634643 -2.55346322 0.35058823
v -0.84634655 -2.55346322 0.35058817
v 1.10900843 -2.33905029 0.21433468
v -1.1090101 -2.33905124 0.21433378
v 0.56200361 -0.97772067 -0.5732212
v -0.5620054 -0.97772735 -0.57322055
v 0.06392771 -0.35956507 -0.81098443
v -0.063928 -0.3595651 -0.81098443
v 0.52324402 0.40731948 -0.63567072
v -0.5232439 0.40731948 -0.63567084
v 0.32155689 -0.07830619 0.94266349
v -0.32155713 -0.07830643 0.94266337
v 0.45148694 0.02868422 -0.68152928
v -0.45148792 0.02868472 -0.6815285
v 0.72999852 -0.02418812 0.19232098
v -0.72999876 -0.02418805 0.19232079
v 0.6614114 -0.23240496 0.24888435
v -0.66141158 -0.23240497 0.24888454
v 0.08171924 -0.05666846 0.99499887
v -0.08171895 -0.0566681 0.99499934
v 0.70108187 -0.21583068 0.08757409
v -0.70108163 -0.21583099 0.08757408
v 0.78076595 0.07799042 0.16719321
v -0.78076595 0.07799041 0.16719336
v 0.15456885 0.84291577 0.7416464
v -0.1545754 0.84291046 0.74165129
v 0.3060618 -0.8413831 0.28987327
v -0.30606165 -0.84138327 0.2898736
v 0.44459343 -1.40076673 -0.03089593
v -0.44458931 -1.40077316 -0.03088878
v 0.2709515 -0.9370709 0.19824676
v -0.27095148 -0.9370709 0.19824679
v 0.77107238 0.02957469 0.22073662
v -0.77107244 0.02957469 0.22073662
v 0.96449631 -1.76437771 0.0243027
v -0.96449315 -1.7643783 0.02430481
v 1.24834907 -1.90588712 -0.04482429
v -1.24834621 -1.90588569 -0.0448233
v 0.05422055 0.02501031 1.04261338
v -0.05422054 0.02501029 1.04261338
v 0.5115323 -0.45797929 -0.4538953
v -0.5115323 -0.45797929 -0.45389527
v 0.69688552 -1.35729515 -0.60420382
v -0.69688129 -1.35729086 -0.60420286
v 0.70371723 -0.2773745 -0.01842864
v -0.70371681 -0.27737608 -0.0184279
v 0.22893695 0.09886667 1.02611863
v -0.22893802 0.09886685 1.02611863
v 0.35803207 -0.77823418 0.15002763
v -0.35803294 -0.7782334 0.15002667
v 0.18632555 0.14857308 1.09487855
v -0.18632502 0.14857243 1.09487843
v 0.555938 -0.75912267 -0.42137455
v -0.555938 -0.75912261 -0.42137453
v 1.14562964 -2.14454913 0.13313923
v -1.14563047 -2.14454865 0.13313865
v 0.4575977 -1.42751288 -1.05843162
v -0.45760375 -1.42752051 -1.05843889
v 0.49174812 -0.6700086 -0.03739352
v -0.49174794 -0.67000901 -0.03739321
v 0.04686323 0.95616179 -0.50253528
v -0.04686323 0.95616179 -0.50253528
v 0.45297211 -0.83736473 0.45358854
v -0.4529713 -0.83736574 0.45358952
v 0.96211582 -1.79916787 0.05939533
v -0.96211302 -1.79917013 0.05939827
v 0.88880288 -2.81346464 0.26880002
v -0.88880258 -2.81346488 0.26880028
v 0.41544935 0.79111909 -0.50387567
v -0.41544938 0.79111915 -0.50387549
v 0.08715093 0.46051129 -0.84081727
v -0.08715093 0.46051129 -0.84081727
v 0.42817813 -1.15203845 -0.05779685
v -0.42817813 -1.15203464 -0.05779711
v 0.4419808 0.61407136 -0.63286888
v -0.44198057 0.61407035 -0.63286978
v 0.71191102 -1.47801828 -0.92865431
v -0.71192842 -1.47802388 -0.9286459
v 1.08278119 -1.90988946 0.05917782
v -1.08278644 -1.90989899 0.05918041
v 0.54802697 0.52945369 -0.5489453
v -0.54802638 0.52945447 -0.5489459
v 0.18036417 1.05382037 0.2650921
v -0.18036437 1.05382061 0.26509079
v 0.37212291 -0.46672245 0.85207098
v -0.37212333 -0.46672356 0.85207033
v 0.85798072 -2.65783166 0.33964532
v -0.85798245 -2.65783262 0.33964428
v 0.75089448 -1.50366818 -0.94366097
v -0.75090038 -1.50366962 -0.94365733
v 0.28581601 0.40833547 1.01450669
v -0.28581389 0.4083378 1.01450669
v 0.1138749 0.84820348 -0.63272368
v -0.1138749 0.84820348 -0.63272368
v 0.50694173 -1.57838773 0.01549776
v -0.50694209 -1.57838165 0.01549347
v 0.71899682 -0.36329776 0.07536394
v -0.71899676 -0.36329722 0.07536353
v 0.66409963 0.01656677 -0.16895417
v -0.66409951 0.01656558 -0.16895374
v 0.06041461 -1.09574377 0.82403898
v -0.06041461 -1.09574377 0.82403898
v 0.69910413 0.25678831 -0.02913112
v -0.69910413 0.25679525 -0.02913313
v 0.80428838 -1.79061543 0.10399334
v -0.80429726 -1.79061389 0.10398919
v 0.23304255 -1.90791642 0.30514103
v -0.23304323 -1.90791487 0.30514004
v 0.22625303 -3.12432074 0.55909198
v -0.22625146 -3.1243205 0.55909246
v 0.38512721 -0.89133846 0.41430124
v -0.38512757 -0.89133817 0.41430088
v 0.52180945 0.68758505 -0.46820029
v -0.52180951 0.68758881 -0.46819624
v 0.04114352 -1.09806895 0.8152796
v -0.04114352 -1.09806895 0.8152796
v 0.0990362 0.01412242 -0.8485037
v -0.09903661 0.01412152 -0.84850335
v 0 -0.71028661 -0.86957329
v 0.61331808 -1.1083008 -0.49297964
v -0.61331886 -1.10830485 -0.49297952
v 0.32618787 0.80233866 0.69033247
v -0.3261871 0.80233699 0.69033545
v 0.36598858 -3.01966047 0.5567311
v -0.36598858 -3.01966047 0.5567311
v 0.38829866 0.72762674 0.71225416
v -0.38830101 0.72762352 0.71225476
v 0.3169538 0.98470246 0.33331963
v -0.31695136 0.98470324 0.33332175
v 0.09414039 0.63901996 -0.78573185
v -0.09414039 0.63901996 -0.78573185
v 0.67413485 -2.52808427 0.41814547
v -0.67413383 -2.52808451 0.41814592
v 0.31801694 0.82911378 0.66266691
v -0.31801733 0.82911407 0.66266608
v 0.18682025 -0.74113994 -0.84611612
v -0.18682025 -0.74113994 -0.84611612
v 0.52194201 -0.59303605 -0.110236
v -0.52194291 -0.59303373 -0.110239
v 0.2327876 -2.83887243 0.59746211
v -0.23278828 -2.83887219 0.59746199
v 0.03370263 0.66922265 -0.77626735
v -0.03370263 0.66922265 -0.77626735
v 0.68112385 -0.21164177 0.11264442
v -0.68112373 -0.21164201 0.11264444
v 0.67985945 -1.4356234 -0.21010719
v -0.67986011 -1.43562269 -0.21010853
v 0.92205578 -2.89785742 0.14066034
v -0.92205107 -2.89786076 0.14066433
v 0.14750407 -0.77025669 0.96259456
v -0.1475031 -0.77025646 0.96259528
v 0.08087872 -1.96507382 -1.0024755
v -0.08087973 -1.96507263 -1.00247669
v 0.12326692 -0.19880068 -0.79048717
v -0.12326695 -0.19880059 -0.79048717
v 0.03284306 -0.45144921 1.13441431
v -0.03284306 -0.45144921 1.13441431
v 0.94697588 -2.86020493 0.15387952
v -0.94697701 -2.86020088 0.15388281
v 0.05736085 -0.43555966 1.10042583
v -0.05736085 -0.43555966 1.10042583
v 0.71073812 -0.40234628 0.09383913
v -0.71073836 -0.40234565 0.09383865
v 0.62195074 0.28322166 0.492181
v -0.62195259 0.28321889 0.49217572
v 0.72225159 0.06511641 0.20217241
v -0.72225147 0.06511636 0.20217236
v 0.53822588 -1.23314058 -0.20379172
v -0.53822606 -1.2331407 -0.20379197
v 0.67803716 0.44684255 0.15611556
v -0.67803949 0.44683232 0.1561038
v 0.12751834 -3.1228075 0.57505536
v -0.12751779 -3.12280917 0.57505464
v 0.77507191 0.03589245 0.03822822
v -0.77507281 0.03589318 0.03822864
v 0.50287848 -0.67037212 0.45624521
v -0.50287759 -0.67038631 0.4562385
v 0.21315398 -1.03207683 0.6568973
v -0.21314992 -1.032081 0.65691083
v 0.60851275 0.63851279 -0.32042872
v -0.60851097 0.63851606 -0.32043066
v 0.43682912 0.38965839 -0.72850322
v -0.43682912 0.38965839 -0.72850322
v 0.64577543 -0.36876377 0.05391833
v -0.64577585 -0.3687641 0.0539187
v 0.77406078 -0.08034893 -0.02997814
v -0.7740606 -0.08034903 -0.02997815
v 0.31573018 0.33447927 1.02714133
v -0.31573069 0.33448079 1.02714061
v 0.13554839 -0.88613611 -0.90734463
v -0.13554841 -0.88613581 -0.90734458
v 0.66157996 -1.36609089 -0.72647088
v -0.66157192 -1.36608564 -0.72647267
v 0.4945628 -0.69751811 0.17076158
v -0.4945622 -0.69751858 0.17076161
v 0.11567626 -0.5222857 1.03738319
v -0.11567626 -0.5222857 1.03738319
v 1.33843958 -1.9033252 -0.22866436
v -1.33842933 -1.90335404 -0.22868141
v 0.58379077 -0.14546644 0.63290029
v -0.58379179 -0.14546959 0.63289558
v 0.16705748 -0.35334008 1.00910425
v -0.16705757 -0.35333985 1.00910401
v 0.28498041 -3.04806232 0.57591646
v -0.28498032 -3.04806208 0.57591646
v 0.54687494 -0.80713731 -0.52143031
v -0.54687482 -0.80713677 -0.52143031
v 0.1016552 -0.49491605 1.04871285
v -0.1016552 -0.49491605 1.04871285
v 0.2964493 -1.01841712 0.16837078
v -0.29644966 -1.01841723 0.16837054
v 0.59476918 -0.12410253 0.58598035
v -0.59476822 -0.12410219 0.585985
v 0.2793315 0.5492016 0.94212663
v -0.27932849 0.54920059 0.94212871
v 0 1.08115279 -0.17829413
v 0.67838221 0.29753902 0.23514236
v -0.67838203 0.29753634 0.23514406
v 1.27740168 -1.88520002 -0.98637563
v -1.27740287 -1.88519918 -0.98637473
v 1.22909569 -2.20521593 -0.16238352
v -1.22909557 -2.2052164 -0.16236805
v 0.73580294 -0.02098842 0.17899715
v -0.73580312 -0.02098818 0.17899709
v 0.77757209 -0.15142457 -0.04147261
v -0.77757215 -0.15142419 -0.04147259
v 0.16803963 0.06745079 0.99064356
v -0.16804009 0.06745109 0.99064379
v 0.50114399 -0.56578642 0.55522769
v -0.50114423 -0.56577956 0.55523455
v 0.21077838 -1.23220288 -0.98883664
v -0.2107786 -1.23220276 -0.98883646
v 0.72283768 -0.0328597 0.17703402
v -0.72283768 -0.03285969 0.17703402
v 0.73551392 -0.31754952 0.02104338
v -0.7355141 -0.31754896 0.02104342
v 0.23399744 -0.08265627 0.95438414
v -0.23399724 -0.08265601 0.95438414
v 0.59280258 -2.9082663 0.46486559
v -0.59280246 -2.9082663 0.46486565
v 0.33932435 -1.64135432 0.14767171
v -0.33932411 -1.64134919 0.14767018
v 0.48140192 -1.16852331 -0.13615523
v -0.48141351 -1.1685388 -0.13616977
v 0 0.28913998 1.09285235
v 0.30788511 -1.41289353 -1.10194039
v -0.30788344 -1.41289234 -1.10193979
v 0.05757757 -0.10144268 1.04585397
v -0.0575773 -0.10144391 1.04585492
v 0.50922584 -1.12867355 -0.17550714
v -0.50923138 -1.12867403 -0.17551477
v 0.4432567 -0.54265409 -0.61126548
v -0.4432567 -0.54265409 -0.61126548
v 0.42897087 -0.82302206 0.53804194
v -0.42897126 -0.82302236 0.53804069
v 0.10724619 -0.81259137 0.95746964
v -0.1072492 -0.81259262 0.95746731
v 0.03479379 1.04118382 -0.32205218
v -0.03479379 1.04118382 -0.32205218
v 0.65243434 0.59631204 -0.16089747
v -0.65243488 0.59631186 -0.16089344
v 0.27754908 -1.28579223 0.15925093
v -0.27754849 -1.28578507 0.15925169
v 0.11980698 0.28605723 1.09053278
v -0.11979696 0.2860834 1.09052979
v 0.62565648 0.44356325 0.40488562
v -0.62565767 0.44354453 0.40489134
v 0.164865 -1.01102697 0.38997203
v -0.16486585 -1.01102626 0.38997331
v 0.99181312 -2.65632629 0.25459206
v -0.99180638 -2.65633106 0.25459533
v 0.57814979 -1.7691921 0.13132667
v -0.57814967 -1.76919281 0.1313273
v 0.39160442 0.37674218 0.96275585
v -0.39160442 0.37674412 0.96275496
v 0.35925546 -0.77130115 0.15713898
v -0.35925594 -0.77130067 0.15713851
v 0.91101193 -2.71055746 0.29533055
v -0.91100859 -2.71056056 0.29533201
v 0.58292883 0.52310556 0.49881529
v -0.58293074 0.52310878 0.4988071
v 0 -1.0265423 0.92983788
v 0.40927848 -0.97171145 -0.76967775
v -0.40927779 -0.97171145 -0.76967835
v 0.31328967 -0.89648199 0.38267123
v -0.31329074 -0.89648127 0.38267061
v 0.5462408 -0.6304115 0.15056227
v -0.54624033 -0.63041138 0.15056175
v 0 -1.24178922 0.20672147
v 0.18475672 -1.48893964 0.16754613
v -0.18475605 -1.48894155 0.16754615
v 0.5730924 0.57341933 0.49503475
v -0.5730881 0.57342225 0.49504548
v 0.36847665 -1.34051942 0.05558736
v -0.36847597 -1.3405205 0.05558836
v 0.02536713 -1.3010472 0.17925867
v -0.02536874 -1.30105388 0.17925581
v 0.16366541 -0.94303488 0.88010197
v -0.16366636 -0.94303327 0.88010162
g Group41699
f 9514 636 1875
f 1874 637 9513
f 11752 11062 5309
f 11751 5308 11061
f 6847 9332 1752
f 6848 1753 9333
f 1937 5149 9205
f 1936 9204 5148
f 7389 2019 4198
f 7388 4197 2018
f 11173 11531 5955
f 5977 9905 5665
f 11174 5956 11532
f 5978 5666 9906
f 2674 5328 12136
f 262 9514 1875
f 2675 12137 5329
f 1874 9513 263
f 8272 9684 11556
f 8271 11555 9683
f 3805 1007 3928
f 3804 3927 1006
f 3788 539 4393
f 7312 12350 2710
f 3789 4394 540
f 7313 2711 12351
f 4296 8570 5183
f 4295 5182 8569
f 3877 1862 2178
f 9753 3712 3954
f 3878 2179 1863
f 9754 3955 3713
f 6935 2279 11662
f 4890 362 798
f 6936 11663 2280
f 4891 799 363
f 5004 1214 2429
f 4664 1472 10512
f 5005 2430 1215
f 4665 10513 1473
f 1779 10073 1940
f 1778 1939 10072
f 3230 465 4812
f 4018 549 5455
f 3231 4813 466
f 4019 5456 550
f 7214 10021 12045
f 7213 12044 10020
f 11252 2942 1843
f 11251 1842 2941
f 2012 3534 6004
f 7526 6676 4698
f 6005 3535 2013
f 7527 4699 6677
f 4181 9819 9689
f 9229 9237 3393
f 4182 9690 9820
f 9230 3394 9238
f 244 8834 5639
f 782 586 698
f 245 5640 8835
f 783 699 587
f 1387 276 2576
f 1500 4113 12344
f 1388 2577 277
f 1501 12345 4114
f 1825 7126 2890
f 6695 6955 1182
f 1826 2891 7127
f 6696 1183 6956
f 2880 3885 11685
f 2879 11684 3884
f 5478 6212 3637
f 5477 3636 6211
f 1933 10036 473
f 6552 3960 12165
f 1932 474 10037
f 6553 12166 3961
f 438 12495 7642
f 437 7641 12494
f 43 6004 262
f 2748 12193 9032
f 263 6005 44
f 2749 9033 12194
f 9982 5336 4379
f 9983 4380 5337
f 3830 6386 1481
f 12490 5864 57
f 3831 1482 6387
f 12491 58 5865
f 6124 1238 10695
f 11749 7799 8868
f 6125 10696 1239
f 11750 8869 7800
f 2180 582 4371
f 8832 9733 8672
f 2181 4372 583
f 8833 8673 9734
f 46 1766 1036
f 7623 2467 3640
f 47 1037 1767
f 7624 3641 2468
f 665 5323 6487
f 664 6486 5322
f 1552 778 11249
f 8466 11701 4071
f 1553 11250 779
f 8467 4072 11702
f 9691 5573 602
f 10806 3415 6564
f 9692 603 5574
f 10807 6565 3416
f 5728 10479 3279
f 5727 3278 10478
f 2651 320 5997
f 2650 5996 319
f 1389 8056 6759
f 1522 7476 568
f 1390 6760 8057
f 1523 569 7477
f 9418 6928 5216
f 463 2779 1785
f 9419 5217 6929
f 464 1786 2780
f 6267 9166 2991
f 6066 7516 173
f 6268 2992 9167
f 6067 174 7517
f 2200 5567 11932
f 2767 8175 6010
f 2201 11933 5568
f 2768 6011 8176
f 8575 6460 698
f 3548 6239 4525
f 8576 699 6461
f 3549 4526 6240
f 3135 845 307
f 4666 3206 8486
f 3136 308 846
f 4667 8487 3207
f 2957 4864 11957
f 7702 3421 1354
f 2958 11958 4865
f 7703 1355 3422
f 81 8861 3145
f 80 3144 8860
f 4437 10920 9410
f 9306 4824 2505
f 4438 9411 10921
f 9307 2506 4825
f 7076 3534 2012
f 1650 9739 5393
f 7077 2013 3535
f 1651 5394 9740
f 863 395 7912
f 4469 2351 8538
f 864 7913 396
f 4470 8539 2352
f 9513 637 7435
f 7434 636 9514
f 4039 7133 5970
f 4038 5969 7132
f 10962 9871 55
f 1624 3851 4577
f 10963 56 9872
f 1625 4578 3852
f 7148 5156 12323
f 6797 4613 11563
f 7149 12324 5157
f 6798 11564 4614
f 9316 9330 8694
f 994 7207 4756
f 9317 8695 9331
f 995 4757 7208
f 7671 10160 12382
f 7738 1030 4317
f 7672 12383 10161
f 7739 4318 1031
f 10364 2142 12281
f 9166 11737 2991
f 10365 12282 2143
f 9167 2992 11738
f 421 5389 3586
f 1904 5101 4407
f 422 3587 5390
f 1905 4408 5102
f 7972 8460 2967
f 2579 272 1277
f 7973 2968 8461
f 2580 1278 273
f 11884 2911 5745
f 4479 6153 5000
f 11885 5746 2912
f 4480 5001 6154
f 9331 2608 3309
f 9330 3308 2607
f 2068 5095 7434
f 12227 1450 3853
f 7435 5096 2069
f 12228 3854 1451
f 4397 8169 1729
f 2900 4533 5634
f 4398 1730 8170
f 2901 5635 4534
f 7552 5491 2072
f 6627 8314 3506
f 7553 2073 5492
f 6628 3507 8315
f 7125 4962 9185
f 7124 9184 4961
f 12333 3782 7566
f 342 9146 11674
f 12334 7567 3783
f 343 11675 9147
f 3360 1608 110
f 2702 1875 6310
f 111 1609 3361
f 2703 637 1874
f 4628 934 9434
f 9384 7734 1107
f 4629 9435 935
f 9385 1108 7735
f 11522 6342 11613
f 7667 10220 5272
f 11523 11614 6343
f 7668 5273 10221
f 2412 4342 5694
f 2411 5693 4341
f 4905 9132 10918
f 3381 11114 500
f 4906 10919 9133
f 3382 501 11115
f 12453 5971 10298
f 2525 6452 930
f 12454 10299 5972
f 2526 931 6453
f 4884 1708 2509
f 6188 5166 4193
f 4885 2510 1709
f 6189 4194 5167
f 3178 7766 2028
f 9978 2945 7766
f 3179 2029 7767
f 9979 7767 2946
f 12402 2859 3212
f 12374 6143 7562
f 12403 3213 2860
f 12375 7563 6144
f 7611 662 8420
f 2477 231 4604
f 7612 8421 663
f 2478 4605 232
f 10723 3449 566
f 3031 6281 2128
f 10724 567 3450
f 3032 2129 6282
f 696 7621 1604
f 2385 11951 1324
f 1605 7622 697
f 2386 1325 11952
f 5401 4191 11571
f 8536 7384 11848
f 11572 4192 5402
f 8537 11849 7385
f 11061 5308 9024
f 6566 1425 3594
f 11062 9025 5309
f 6567 3595 1426
f 5328 2674 10370
f 6939 3624 4371
f 5329 10371 2675
f 6940 4372 3625
f 3443 1831 8348
f 7554 8868 7450
f 3444 8349 1832
f 7555 7451 8869
f 11783 12390 8905
f 10713 10342 163
f 11784 8906 12391
f 10714 164 10343
f 10216 6953 12329
f 8308 6668 3395
f 10217 12330 6954
f 8309 3396 6669
f 11391 560 4854
f 12060 2971 6024
f 11392 4855 561
f 12061 6025 2972
f 3552 7488 7498
f 7466 8911 8848
f 3553 7499 7489
f 7467 8849 8912
f 3427 11167 6558
f 2431 8398 1527
f 3428 6559 11168
f 2432 1528 8399
f 1534 6081 9109
f 1533 9108 6080
f 10312 10302 8893
f 5546 374 12352
f 10313 8894 10303
f 5547 12353 375
f 5928 4617 7029
f 3063 12044 7213
f 5929 7030 4618
f 3064 7214 12045
f 10236 576 10945
f 11003 3865 1048
f 10237 10946 577
f 11004 1049 3866
f 5174 158 1052
f 3025 5983 2262
f 5175 1053 159
f 3026 2263 5984
f 2645 9542 1547
f 2644 1546 9541
f 11816 7197 4101
f 3488 11761 12472
f 11817 4102 7198
f 3489 12473 11762
f 8968 217 1460
f 5150 6058 411
f 8969 1461 218
f 5151 412 6059
f 820 10214 7110
f 6979 5604 10444
f 821 7111 10215
f 6980 10445 5605
f 3011 43 262
f 3723 7003 10764
f 263 44 3012
f 3724 10765 7004
f 8016 451 845
f 5109 9020 9036
f 8017 846 452
f 5110 9037 9021
f 4674 1134 859
f 4086 2246 5483
f 4675 860 1135
f 4087 5484 2247
f 4694 4890 798
f 5957 6253 2044
f 4695 799 4891
f 5958 2045 6254
f 11853 923 4132
f 11852 4131 922
f 1904 2527 5101
f 11400 1148 656
f 1905 5102 2528
f 11401 657 1149
f 6447 2968 7973
f 6446 7972 2967
f 907 6106 4927
f 7659 1154 1799
f 908 4928 6107
f 7660 1800 1155
f 5135 11387 10166
f 2415 865 1594
f 5136 10167 11388
f 2416 1595 866
f 9474 8110 1628
f 3043 7582 2562
f 9475 1629 8111
f 3044 2563 7583
f 2738 700 3994
f 6977 8177 822
f 2739 3995 701
f 6978 823 8178
f 12408 2686 6265
f 6190 10794 10558
f 12409 6266 2687
f 6191 10559 10795
f 84 9980 10958
f 8008 7036 1791
f 85 10959 9981
f 8009 1792 7037
f 39 8689 604
f 7778 8599 835
f 604 8688 39
f 836 8600 7779
f 11878 2616 2178
f 1040 11383 7752
f 11879 2179 2617
f 1041 7753 11384
f 6897 4989 10412
f 11745 3154 2111
f 6898 10413 4990
f 11746 2112 3155
f 1239 10696 1221
f 1238 1220 10695
f 12390 3224 8905
f 10836 2886 498
f 12391 8906 3225
f 10837 499 2887
f 4373 40 5949
f 9635 1270 1662
f 4374 5950 41
f 9636 1663 1271
f 7080 2926 1986
f 4584 9637 2793
f 7081 1987 2927
f 4585 2794 9638
f 9974 204 5521
f 4626 11106 9491
f 9975 5522 205
f 4627 9492 11107
f 1660 12261 2908
f 1234 8642 1797
f 1661 2909 12262
f 1235 1798 8643
f 6106 4125 4927
f 6098 4204 5401
f 6107 4928 4126
f 5402 4205 6099
f 6465 10805 5015
f 6464 5014 10804
f 6943 8436 4886
f 5349 1350 2646
f 6944 4887 8437
f 5350 2647 1351
f 1606 8654 10585
f 903 6839 1201
f 1607 10586 8655
f 904 1202 6840
f 32 3429 479
f 6406 2070 1554
f 33 480 3430
f 6407 1555 2071
f 6533 6318 9261
f 2789 4181 459
f 6534 9262 6319
f 2790 460 4182
f 12102 3719 3964
f 3901 4985 4026
f 12103 3965 3720
f 3902 4027 4986
f 2677 7622 330
f 2676 329 7621
f 11017 5419 2753
f 4449 1489 8244
f 11018 2754 5420
f 4450 8245 1490
f 5519 3419 10729
f 1393 8980 11005
f 5520 10730 3420
f 1394 11006 8981
f 2396 5609 1305
f 2395 1304 5608
f 1332 10830 7669
f 11690 2867 2144
f 1333 7670 10831
f 11691 2145 2868
f 11201 278 8012
f 9633 8931 1338
f 11202 8013 279
f 9634 1339 8932
f 2913 4604 12486
f 5509 1466 7274
f 2914 12487 4605
f 5510 7275 1467
f 9767 10446 5035
f 8008 8480 932
f 9768 5036 10447
f 8009 933 8481
f 8948 5745 7324
f 8351 10126 11822
f 8949 7325 5746
f 8352 11823 10127
f 3968 6137 11081
f 10420 7807 30
f 3969 11082 6138
f 10421 31 7808
f 3374 2033 606
f 3373 605 2032
f 10208 6743 5622
f 5034 3038 1875
f 10209 5623 6744
f 5612 10209 2703
f 10158 3067 242
f 6299 5659 2085
f 10159 243 3068
f 6300 2086 5660
f 1887 1535 7844
f 10886 11290 9281
f 1888 7845 1536
f 10887 9282 11291
f 5852 10444 1980
f 6825 4088 2184
f 5853 1981 10445
f 6826 2185 4089
f 11328 4842 5411
f 11767 9775 4499
f 11329 5412 4843
f 11768 4500 9776
f 11615 5701 6382
f 4441 9735 6644
f 11616 6383 5702
f 4442 6645 9736
f 6735 252 3484
f 3737 1982 1990
f 6736 3485 253
f 3738 1991 1983
f 4303 1978 1279
f 11458 4793 2196
f 4304 1280 1979
f 11459 2197 4794
f 10536 5614 5606
f 12319 1858 6018
f 10537 5607 5615
f 12320 6019 1859
f 135 12374 11165
f 8644 9605 3556
f 136 11166 12375
f 8645 3557 9606
f 9080 3188 12042
f 1332 8199 3882
f 9081 12043 3189
f 1333 3883 8200
f 3813 9048 1690
f 3618 8280 3745
f 3814 1691 9049
f 3619 3746 8281
f 7102 8158 10506
f 9170 6521 3494
f 7103 10507 8159
f 9171 3495 6522
f 1967 7116 3504
f 5737 12070 12430
f 1968 3505 7117
f 5738 12431 12071
f 9855 268 11425
f 4632 5475 12034
f 9856 11426 269
f 4633 12035 5476
f 9108 5511 6080
f 3780 6763 8776
f 9109 6081 5512
f 3781 8777 6764
f 7361 5936 1815
f 4898 8353 1632
f 7362 1816 5937
f 4899 1633 8354
f 1588 2644 6580
f 994 3516 7207
f 1589 6581 2645
f 995 7208 3517
f 6348 7017 8418
f 3500 8418 7138
f 6349 8419 7018
f 3501 7139 8419
f 6831 11601 5860
f 5059 508 11703
f 6832 5861 11602
f 5060 11704 509
f 1367 9219 7496
f 2056 4579 9420
f 1368 7497 9220
f 2057 9421 4580
f 3226 10713 163
f 7179 3431 5212
f 3227 164 10714
f 7180 5213 3432
f 88 4862 1582
f 3662 767 6016
f 89 1583 4863
f 3663 6017 768
f 9583 202 8224
f 2411 4341 9807
f 9584 8225 203
f 2412 9808 4342
f 11470 11482 5717
f 2020 700 2738
f 11471 5718 11483
f 2021 2739 701
f 10170 2886 7224
f 9012 11916 2947
f 10171 7225 2887
f 9013 2948 11917
f 8913 3871 11625
f 6881 2437 4712
f 8914 11626 3872
f 6882 4713 2438
f 3186 8976 6090
f 9388 1389 4226
f 3187 6091 8977
f 9389 4227 1390
f 9595 3274 519
f 970 1819 7240
f 9596 520 3275
f 971 7241 1820
f 3500 7138 8444
f 1285 9482 642
f 3501 8445 7139
f 1286 643 9483
f 6713 4022 10426
f 2589 7195 7181
f 6714 10427 4023
f 2590 7182 7196
f 11152 7769 4966
f 11151 4965 7768
f 2542 3190 1636
f 6364 12329 6953
f 2543 1637 3191
f 6365 6954 12330
f 7772 883 3721
f 8530 3733 804
f 7773 3722 884
f 8531 805 3734
f 938 183 9287
f 1750 7504 3712
f 939 9288 184
f 1751 3713 7505
f 899 11641 8118
f 10054 9102 9114
f 900 8119 11642
f 10055 9115 9103
f 948 11466 847
f 4945 6438 4006
f 949 848 11467
f 4946 4007 6439
f 2014 630 1576
f 9763 2305 7402
f 2015 1577 631
f 9764 7403 2306
f 861 1224 3992
f 9833 98 8234
f 862 3993 1225
f 9834 8235 99
f 4159 12261 1660
f 101 8498 1054
f 4160 1661 12262
f 1055 8499 102
f 7310 4919 2405
f 2704 5630 12354
f 7311 2406 4920
f 2705 12355 5631
f 4864 9865 7031
f 7496 5200 1367
f 4865 7032 9866
f 7497 1368 5201
f 1602 1194 8872
f 11488 11498 5041
f 1603 8873 1195
f 11489 5042 11499
f 3680 7738 9416
f 9408 189 4115
f 3681 9417 7739
f 9409 4116 190
f 5014 11195 4505
f 1906 1291 1883
f 5015 4506 11196
f 1907 1884 1292
f 8698 1864 4998
f 6623 3636 5477
f 8699 4999 1865
f 5478 3637 6624
f 8200 9910 4448
f 8199 4447 9909
f 9358 10856 9348
f 4832 2220 12386
f 9359 9349 10857
f 4833 12387 2221
f 7651 1395 2801
f 3067 10158 5190
f 7652 2802 1396
f 3068 5191 10159
f 1423 1220 7730
f 7920 3218 3644
f 1424 7731 1221
f 7921 3645 3219
f 1318 2560 10054
f 8762 2831 11023
f 1319 10055 2561
f 8763 11024 2832
f 11171 1228 9897
f 3011 11759 43
f 11172 9898 1229
f 3012 44 11760
f 9289 5035 8402
f 2666 9545 7260
f 9290 8403 5036
f 2667 7261 9546
f 2038 5731 4183
f 4273 6149 8492
f 2039 4184 5732
f 4274 8493 6150
f 5983 5994 8935
f 2751 7296 9731
f 5984 8936 5995
f 2752 9732 7297
f 8982 4275 9875
f 11668 8377 6971
f 8983 9876 4276
f 11669 6972 8378
f 11003 11013 3865
f 9324 10368 10030
f 11004 3866 11014
f 9325 10031 10369
f 1094 8287 8277
f 1093 8276 8286
f 2421 1038 12247
f 8379 9849 198
f 2422 12248 1039
f 8380 199 9850
f 5270 10538 2765
f 9354 3371 4609
f 5271 2766 10539
f 9355 4610 3372
f 6640 4742 9839
f 305 10828 911
f 6641 9840 4743
f 306 912 10829
f 6338 57 2696
f 6652 10904 2242
f 6339 2697 58
f 6653 2243 10905
f 10043 3295 3615
f 10042 3615 3294
f 6697 1458 5816
f 12231 4939 4953
f 6698 5817 1459
f 12232 4954 4940
f 1531 9687 715
f 3192 12273 10778
f 1532 716 9688
f 3193 10779 12274
f 3258 4754 2648
f 6741 11385 8608
f 3259 2649 4755
f 6742 8609 11386
f 368 2008 6891
f 368 6891 11239
f 369 6892 2009
f 369 11240 6892
f 1520 7748 3717
f 1900 11433 8589
f 1521 3718 7749
f 1901 8590 11434
f 2493 3514 7347
f 1064 11949 808
f 2494 7348 3515
f 1065 809 11950
f 169 4959 7946
f 9863 2821 824
f 170 7947 4960
f 9864 825 2822
f 7248 3888 6699
f 3342 3984 6937
f 7249 6700 3889
f 3343 6938 3985
f 5821 5839 4786
f 5820 4785 5838
f 566 6751 12406
f 2650 8836 5996
f 567 12407 6752
f 2651 5997 8837
f 2973 4750 6971
f 1729 4043 8992
f 2974 6972 4751
f 1730 8993 4044
f 383 3815 4562
f 9627 1998 5119
f 384 4563 3816
f 9628 5120 1999
f 682 2795 121
f 7448 8558 5361
f 683 122 2796
f 7449 5362 8559
f 387 11130 10388
f 10334 10348 6320
f 388 10389 11131
f 10335 6321 10349
f 3929 7404 4963
f 6227 4981 7258
f 3930 4964 7405
f 6228 7259 4982
f 3811 6666 2192
f 6650 8814 5250
f 3812 2193 6667
f 6651 5251 8815
f 2767 2503 5587
f 11456 3542 4878
f 2768 5588 2504
f 11457 4879 3543
f 3804 1006 2190
f 11633 5010 7706
f 3805 2191 1007
f 11634 7707 5011
f 8426 8163 5747
f 5569 4351 9328
f 5748 8164 8427
f 9329 4352 5570
f 7594 275 7421
f 7593 7420 274
f 3119 6368 8915
f 4905 246 4014
f 3120 8916 6369
f 4906 4015 247
f 7232 10786 2254
f 7242 3650 2124
f 7233 2255 10787
f 7243 2125 3651
f 4421 560 11391
f 5854 1144 6789
f 4422 11392 561
f 5855 6790 1145
f 5345 77 4438
f 5344 4437 76
f 407 11989 6162
f 4451 1493 7963
f 408 6163 11990
f 4452 7964 1494
f 4943 3536 4640
f 7760 270 5591
f 4944 4641 3537
f 7761 5592 271
f 10627 6158 1696
f 10048 421 3586
f 10628 1697 6159
f 10049 3587 422
f 8342 10784 12354
f 3538 869 5826
f 8343 12355 10785
f 3538 5827 869
f 3162 2273 4045
f 9106 2064 4377
f 3163 4046 2274
f 9107 4378 2065
f 11308 2357 10004
f 11300 6965 6979
f 11309 10005 2358
f 11301 6980 6966
f 5844 6122 2142
f 4024 5902 3753
f 5845 2143 6123
f 4025 3754 5903
f 1610 10581 7278
f 4728 11069 11085
f 1611 7279 10582
f 4729 11086 11070
f 7770 1939 1778
f 10540 10528 8891
f 7771 1779 1940
f 10541 8892 10529
f 1590 1807 2248
f 6747 1795 296
f 1591 2249 1808
f 6748 297 1796
f 837 1128 4752
f 4079 865 6991
f 838 4753 1129
f 4080 6992 866
f 3845 5947 1678
f 11941 7900 1397
f 3846 1679 5948
f 11942 1398 7901
f 11791 11801 457
f 4692 1933 8864
f 11792 458 11802
f 4693 8865 1932
f 525 8540 9269
f 2734 4529 11478
f 526 9270 8541
f 2735 11479 4530
f 11793 2585 11805
f 6596 2943 6380
f 11794 11806 2586
f 6597 6381 2944
f 2877 11359 2453
f 5671 3646 3320
f 2878 2454 11360
f 5672 3321 3647
f 4925 8269 8544
f 2256 1949 119
f 4926 8545 8270
f 2257 120 1950
f 812 9837 7568
f 736 7226 8593
f 813 7569 9838
f 737 8594 7227
f 7276 7605 4337
f 5908 8583 2523
f 7277 4338 7606
f 5909 2524 8584
f 11932 5567 1258
f 6596 5741 2943
f 11933 1259 5568
f 6597 2944 5742
f 6519 211 12179
f 9531 2646 3369
f 6520 12180 212
f 9532 3370 2647
f 5453 5469 11245
f 4572 1891 9430
f 5454 11246 5470
f 4572 9431 1891
f 11450 1916 8620
f 3714 11363 9677
f 11451 8621 1917
f 3715 9678 11364
f 8577 11379 7280
f 1074 3996 2926
f 8578 7281 11380
f 1075 2927 3997
f 5449 1959 2548
f 2337 2389 5077
f 5450 2549 1960
f 2338 5078 2390
f 4151 11029 3140
f 8234 10902 11828
f 4152 3141 11030
f 8235 11829 10903
f 3925 8711 8236
f 2983 4742 9000
f 3926 8237 8712
f 2984 9001 4743
f 9527 6759 5439
f 1640 7150 5135
f 9528 5440 6760
f 1641 5136 7151
f 7868 4935 3861
f 2628 2034 3387
f 7869 3862 4936
f 2629 3388 2035
f 9487 2938 512
f 298 2662 4319
f 9488 513 2939
f 299 4320 2663
f 558 6178 2892
f 8040 9283 6346
f 559 2893 6179
f 8041 6347 9284
f 6360 12279 8790
f 11573 8446 5032
f 6361 8791 12280
f 11574 5033 8447
f 3314 5653 1365
f 8842 4566 3855
f 3315 1366 5654
f 8843 3856 4567
f 2170 12511 6857
f 3648 3980 1736
f 2171 6858 12512
f 3649 1737 3981
f 1369 12394 10126
f 6835 3578 11975
f 1370 10127 12395
f 6836 11976 3579
f 5884 477 1004
f 8338 4319 9913
f 5885 1005 478
f 8339 9914 4320
f 12358 5338 1974
f 1542 193 7690
f 12359 1975 5339
f 1543 7691 194
f 5192 2485 996
f 48 5824 9485
f 5193 997 2486
f 49 9486 5825
f 2344 737 9708
f 2343 9707 736
f 40 4373 5709
f 1682 3019 9671
f 41 5710 4374
f 1683 9672 3020
f 4647 7271 7636
f 4646 7635 7270
f 8893 6184 992
f 71 9643 5600
f 8894 993 6185
f 72 5601 9644
f 8392 7661 10380
f 11282 7977 8165
f 8393 10381 7662
f 11283 8166 7978
f 2930 4636 491
f 4740 9212 7343
f 2931 492 4637
f 4741 7344 9213
f 4778 10102 12237
f 4489 2871 3449
f 4779 12238 10103
f 4490 3450 2872
f 1311 925 9738
f 1310 9737 924
f 978 9322 496
f 8840 11191 2771
f 979 497 9323
f 8841 2772 11192
f 8412 11858 6026
f 1224 10318 3992
f 8413 6027 11859
f 1225 3993 10319
f 2638 12157 4069
f 532 7704 7718
f 2639 4070 12158
f 533 7719 7705
f 11241 305 911
f 6678 125 3594
f 11242 912 306
f 6679 3595 126
f 4073 2140 504
f 10136 5896 11324
f 4074 505 2141
f 10137 11325 5897
f 4195 342 11674
f 668 1803 8324
f 4196 11675 343
f 669 8325 1804
f 7040 9295 5160
f 1875 1860 262
f 7041 5161 9296
f 263 1861 1874
f 12016 11522 114
f 4041 10739 1358
f 12017 115 11523
f 4042 1359 10740
f 11908 9499 7185
f 10308 1330 8770
f 11909 7186 9500
f 10309 8771 1331
f 12055 1021 3161
f 12054 3160 1020
f 3656 9785 8332
f 4907 10124 8334
f 3657 8333 9786
f 4908 8335 10125
f 3336 4071 11701
f 7635 10870 7270
f 3337 11702 4072
f 7636 7271 10871
f 1731 4600 10683
f 9783 1953 5055
f 1732 10684 4601
f 9784 5056 1954
f 11516 7848 7434
f 1586 12291 3628
f 7435 7849 11517
f 1587 3629 12292
f 8964 7866 523
f 4201 12147 1293
f 8965 524 7867
f 4202 1294 12148
f 5162 12245 11094
f 6693 332 6705
f 5163 11095 12246
f 6694 6706 333
f 8854 5391 6745
f 2989 3903 181
f 8855 6746 5392
f 2990 182 3904
f 5385 5697 4391
f 311 11860 5743
f 5386 4392 5698
f 312 5744 11861
f 4633 5476 4661
f 4632 4660 5475
f 1264 11263 6257
f 6865 625 9474
f 1265 6258 11264
f 6866 9475 626
f 6296 8471 1886
f 1885 8470 6295
f 6937 3984 10866
f 2576 276 6229
f 6938 10867 3985
f 2577 6230 277
f 2105 8852 3194
f 7132 9148 9249
f 2106 3195 8853
f 7133 9250 9149
f 5365 10450 10440
f 792 1383 10941
f 5366 10441 10451
f 793 10942 1384
f 2684 4423 5536
f 10814 10392 8524
f 2685 5537 4424
f 10815 8525 10393
f 6683 2857 10234
f 5830 7363 5224
f 6684 10235 2858
f 5831 5225 7364
f 9829 4975 5707
f 9699 9687 12189
f 9830 5708 4976
f 9700 12190 9688
f 1714 8230 4367
f 1839 248 7306
f 1715 4368 8231
f 1840 7307 249
f 4343 2227 2159
f 2085 5659 4063
f 4344 2160 2228
f 2086 4064 5660
f 7679 8630 4210
f 5355 8476 12364
f 7680 4211 8631
f 5356 12365 8477
f 327 9631 1034
f 3352 6040 4878
f 328 1035 9632
f 3353 4879 6041
f 1287 555 7084
f 1069 4880 4264
f 1288 7085 556
f 1070 4265 4881
f 5911 7210 12214
f 5910 12213 7209
f 10060 7966 6529
f 909 11963 9579
f 10061 6530 7967
f 910 9580 11964
f 1835 3522 4552
f 10603 9998 4714
f 1836 4553 3523
f 10604 4715 9999
f 1570 10306 11227
f 4909 3939 1839
f 1571 11228 10307
f 4910 1840 3940
f 4598 8506 684
f 303 2157 5828
f 4599 685 8507
f 304 5829 2158
f 19 11705 4732
f 3652 4127 1407
f 20 4733 11706
f 3653 1408 4128
f 1117 11452 10262
f 6090 10782 2174
f 1118 10263 11453
f 6091 2175 10783
f 11848 7758 179
f 4204 6098 9553
f 11849 180 7759
f 4205 9554 6099
f 11549 9318 8800
f 10721 670 5377
f 11550 8801 9319
f 10722 5378 671
f 7155 574 7834
f 4401 1429 7474
f 7156 7835 575
f 4402 7475 1430
f 6922 621 10132
f 2359 2441 1443
f 6923 10133 622
f 2360 1444 2442
f 1945 10522 3266
f 10276 8573 3406
f 1946 3267 10523
f 10277 3407 8574
f 8282 6078 580
f 6131 8550 1024
f 8283 581 6079
f 6132 1025 8551
f 50 366 1371
f 5655 7130 6741
f 51 1372 367
f 5656 6742 7131
f 5113 6237 96
f 10212 8140 5290
f 5114 97 6238
f 10213 5291 8141
f 930 6442 2817
f 5657 7639 6829
f 931 2818 6443
f 5658 6830 7640
f 344 3270 313
f 10868 11658 5180
f 345 314 3271
f 10869 5181 11659
f 10156 10146 10378
f 8689 2702 6310
f 10379 10147 10157
f 8683 8688 604
f 2963 2475 11211
f 1209 6472 2078
f 2964 11212 2476
f 1210 2079 6473
f 2487 3933 822
f 816 4951 11027
f 2488 823 3934
f 817 11028 4952
f 4483 7720 409
f 2825 11292 10776
f 4484 410 7721
f 2826 10777 11293
f 10068 4047 6642
f 262 1690 3011
f 10069 6643 4048
f 3012 1691 263
f 4269 1209 2078
f 8414 7595 3435
f 4270 2079 1210
f 8415 3436 7596
f 2058 10488 6002
f 2242 10904 4161
f 2059 6003 10489
f 2243 4162 10905
f 10331 5779 652
f 651 5778 10330
f 7997 6525 2026
f 924 4061 1346
f 7998 2027 6526
f 925 1347 4062
f 11876 828 9312
f 8921 69 1889
f 11877 9313 829
f 8922 1890 70
f 131 3725 229
f 1664 10180 1493
f 132 230 3726
f 1665 1494 10181
f 3340 3131 353
f 8072 1190 11787
f 3341 354 3132
f 8073 11788 1191
f 3871 3962 11625
f 974 4698 6676
f 3872 11626 3963
f 975 6677 4699
f 4533 8743 5634
f 1512 11793 11805
f 4534 5635 8744
f 1513 11806 11794
f 10178 6531 10418
f 3439 10146 3447
f 10419 6532 10179
f 3448 10147 3440
f 11290 3480 1564
f 383 4562 5973
f 11291 1565 3481
f 384 5974 4563
f 6922 6008 621
f 9763 94 2305
f 6923 622 6009
f 9764 2306 95
f 12052 6255 1411
f 4894 7406 4369
f 12053 1412 6256
f 4895 4370 7407
f 8314 7094 12299
f 1996 3944 2564
f 8315 12300 7095
f 1997 2565 3945
f 9587 10574 116
f 9588 116 10574
f 1464 3051 6118
f 5860 11601 4246
f 1465 6119 3052
f 5861 4247 11602
f 10040 5220 2006
f 1483 6291 9663
f 10041 2007 5221
f 1484 9664 6292
f 11147 4291 1805
f 9070 9082 5142
f 11148 1806 4292
f 9071 5143 9083
f 2333 6947 8758
f 3666 3792 7128
f 2334 8759 6948
f 3667 7129 3793
f 1875 5303 6310
f 5303 7530 10752
f 10753 7531 5302
f 8678 8683 6311
f 8648 7462 8112
f 2335 11553 11535
f 8649 8113 7463
f 2336 11536 11554
f 640 7617 6887
f 9523 10162 3820
f 641 6888 7618
f 9524 3821 10163
f 6554 4413 11539
f 7412 6247 2152
f 6555 11540 4414
f 7413 2153 6248
f 12459 9358 9348
f 1592 7161 6931
f 12460 9349 9359
f 1593 6932 7162
f 2174 6048 9140
f 8587 6859 4429
f 2175 9141 6049
f 8588 4430 6860
f 12481 7563 2925
f 12480 2924 7562
f 3972 7142 9623
f 9122 10376 6817
f 3973 9624 7143
f 9123 6818 10377
f 1875 636 5303
f 12372 10150 3655
f 9396 637 2703
f 12373 3654 10151
f 1829 10184 6233
f 1727 9795 8300
f 1830 6234 10185
f 1728 8301 9796
f 11925 9327 6111
f 11924 6110 9326
f 12269 6733 6120
f 3411 8120 9356
f 12270 6121 6734
f 3412 9357 8121
f 658 525 9269
f 332 6305 7430
f 659 9270 526
f 333 7431 6306
f 5653 12028 6539
f 7854 537 76
f 5654 6540 12029
f 7855 77 538
f 3828 7924 740
f 4285 5423 127
f 3829 741 7925
f 4286 128 5424
f 3218 688 3644
f 9523 8096 1540
f 3219 3645 689
f 9524 1541 8097
f 465 7426 4812
f 9265 1556 4634
f 466 4813 7427
f 9266 4635 1557
f 668 6180 1803
f 2875 8952 1111
f 669 1804 6181
f 2876 1112 8953
f 9426 1648 615
f 7432 1560 5473
f 9427 616 1649
f 7433 5474 1561
f 12449 2238 3079
f 6293 12269 6120
f 12450 3080 2239
f 6294 6121 12270
f 2455 8874 8622
f 10750 11810 5407
f 2456 8623 8875
f 10751 5408 11811
f 5890 6523 10460
f 10152 5359 3820
f 5891 10461 6524
f 10153 3821 5360
f 7130 11385 6741
f 7647 8782 11989
f 7131 6742 11386
f 7648 11990 8783
f 10766 21 5397
f 8692 3909 290
f 10767 5398 22
f 8693 291 3910
f 2955 9042 5940
f 4602 11765 12009
f 2956 5941 9043
f 4603 12010 11766
f 4305 7688 6160
f 8398 2431 6537
f 4306 6161 7689
f 8399 6538 2432
f 288 11611 686
f 5832 5838 6957
f 289 687 11612
f 5833 6958 5839
f 10611 688 4491
f 10152 336 5359
f 10612 4492 689
f 10153 5360 337
f 1772 4145 8022
f 10860 3326 4254
f 1773 8023 4146
f 10861 4255 3327
f 2208 6038 6568
f 3757 2273 3162
f 2209 6569 6039
f 3758 3163 2274
f 3075 9555 6959
f 4216 1706 2002
f 3076 6960 9556
f 4217 2003 1707
f 10026 7572 6295
f 3572 7572 10026
f 6296 7573 10027
f 10027 7573 3573
f 5310 10796 2349
f 123 11149 3896
f 5311 2350 10797
f 124 3897 11150
f 8396 11810 10750
f 2599 1776 11448
f 8397 10751 11811
f 2600 11449 1777
f 11175 3556 2746
f 4405 11609 4030
f 11176 2747 3557
f 4406 4031 11610
f 3869 6911 2048
f 11265 1560 7432
f 3870 2049 6912
f 11266 7433 1561
f 105 9759 10947
f 12098 3346 5387
f 106 10948 9760
f 12099 5388 3347
f 2688 1320 6541
f 7448 5361 2642
f 2689 6542 1321
f 7449 2643 5362
f 4606 1132 10568
f 10569 1133 4607
f 1160 5525 711
f 1933 4692 10036
f 1161 712 5526
f 1932 10037 4693
f 713 2845 2074
f 680 5184 841
f 714 2075 2846
f 681 842 5185
f 9128 9144 2393
f 2283 12434 7060
f 9129 2394 9145
f 2284 7061 12435
f 10090 10762 10076
f 5276 1218 6699
f 10091 10077 10763
f 5277 6700 1219
f 1578 1640 10591
f 193 1542 5812
f 1579 10592 1641
f 194 5813 1543
f 988 7374 11694
f 8010 1510 11381
f 989 11695 7375
f 8011 11382 1511
f 7613 8772 8709
f 2896 1028 9525
f 7614 8710 8773
f 2897 9526 1029
f 9536 10281 8067
f 9535 8066 10280
f 8018 12255 726
f 1050 1662 2341
f 8019 727 12256
f 1051 2342 1663
f 7464 11662 3948
f 4473 6709 10928
f 7465 3949 11663
f 4474 10929 6710
f 5077 6426 3670
f 2303 254 5727
f 5078 3671 6427
f 2304 5728 255
f 4584 9715 9637
f 7144 10224 2678
f 4585 9638 9716
f 7145 2679 10225
f 2465 5395 734
f 1817 7434 5095
f 2466 735 5396
f 5096 7435 1818
f 812 12492 9837
f 195 7025 3091
f 813 9838 12493
f 196 3092 7026
f 6715 9210 73
f 8158 3548 10506
f 6716 74 9211
f 8159 10507 3549
f 11039 9438 740
f 2757 10256 6030
f 11040 741 9439
f 2758 6031 10257
f 7960 1549 107
f 7960 107 1548
f 2333 8758 8656
f 5063 3089 156
f 2334 8657 8759
f 5064 157 3090
f 36 24 745
f 7815 3775 4171
f 37 746 25
f 7816 4172 3776
f 1616 1247 2969
f 3737 3608 10010
f 1617 2970 1248
f 3738 10011 3609
f 1445 10564 6879
f 4917 1959 12488
f 1445 6880 10565
f 4918 12489 1960
f 6030 12297 9334
f 4018 12467 1922
f 6031 9335 12298
f 4019 1923 12468
f 3437 8042 753
f 4260 2293 5924
f 3438 754 8043
f 4261 5925 2294
f 11328 5411 187
f 2220 5814 12386
f 11329 188 5412
f 2221 12387 5815
f 7680 8631 8795
f 7679 8794 8630
f 2601 3492 758
f 7560 12327 3986
f 2602 759 3493
f 7561 3987 12328
f 11477 5050 11056
f 11476 11055 5049
f 1281 4389 761
f 5733 3429 32
f 1282 762 4390
f 5734 33 3430
f 1672 10106 5934
f 3822 3648 1736
f 1673 5935 10107
f 3823 1737 3649
f 12281 2142 2698
f 1664 7732 1105
f 12282 2699 2143
f 1665 1106 7733
f 767 3662 9887
f 4075 11322 7631
f 768 9888 3663
f 4076 7632 11323
f 769 5792 4957
f 7675 9460 4153
f 770 4958 5793
f 7676 4154 9461
f 1319 10191 9055
f 1318 9054 10190
f 968 4609 355
f 11864 11159 6513
f 969 356 4610
f 11865 6514 11160
f 6650 5250 8226
f 11171 9563 1228
f 6651 8227 5251
f 11172 1229 9564
f 4911 8474 11104
f 5258 6133 11344
f 4912 11105 8475
f 5259 11345 6134
f 9545 6515 7260
f 5028 10951 5306
f 9546 7261 6516
f 5029 5307 10952
f 1439 6297 227
f 11981 3433 5677
f 1440 228 6298
f 11982 5678 3434
f 5639 2062 12018
f 2863 9156 6725
f 5640 12019 2063
f 2864 6726 9157
f 5262 1785 8195
f 2287 5636 2138
f 5263 8196 1786
f 2288 2139 5637
f 9192 12384 3622
f 8812 4020 1727
f 9193 3623 12385
f 8813 1728 4021
f 9430 1891 9927
f 6092 11571 4268
f 9431 9928 1891
f 4268 11572 6092
f 8577 9933 5018
f 1146 10546 4053
f 8578 5019 9934
f 1147 4054 10547
f 296 11153 6747
f 10350 7175 8897
f 297 6748 11154
f 10351 8898 7176
f 4573 1680 6151
f 8690 10796 5310
f 4574 6152 1681
f 8691 5311 10797
f 796 6672 8020
f 12058 1234 1797
f 797 8021 6673
f 12059 1798 1235
f 1085 11654 260
f 7122 8747 2155
f 1086 261 11655
f 7123 2156 8748
f 800 17 11387
f 6815 8591 4161
f 801 11388 18
f 6816 4162 8592
f 4650 802 10192
f 4505 11195 6584
f 4651 10193 803
f 4506 6585 11196
f 2544 6985 10044
f 409 5405 4483
f 2545 10045 6986
f 410 4484 5406
f 806 4256 5669
f 6112 1232 607
f 807 5670 4257
f 6113 608 1233
f 9233 300 7070
f 2182 6392 1273
f 9234 7071 301
f 2183 1274 6393
f 2124 9034 12378
f 6066 2678 7516
f 2125 12379 9035
f 6067 7517 2679
f 10268 11633 7706
f 10260 8228 80
f 10269 7707 11634
f 10261 81 8229
f 5047 814 8790
f 830 7268 11961
f 5048 8791 815
f 831 11962 7269
f 816 3268 4951
f 9350 10442 11462
f 817 4952 3269
f 9351 11463 10443
f 818 12094 9293
f 7870 818 7856
f 819 9294 12095
f 7871 7857 819
f 6606 7110 928
f 12323 5156 6070
f 6607 929 7111
f 12324 6071 5157
f 6721 10438 8326
f 149 1427 2469
f 6722 8327 10439
f 150 2470 1428
f 5109 3282 10296
f 7460 3727 2740
f 5110 10297 3283
f 7461 2741 3728
f 8116 10504 2163
f 4791 8298 9529
f 8117 2164 10505
f 4792 9530 8299
f 11876 5123 828
f 439 11670 7894
f 11877 829 5124
f 440 7895 11671
f 2658 9565 6809
f 2068 9565 5095
f 6810 9566 2659
f 5096 9566 2069
f 4872 303 5828
f 8222 1636 8134
f 4873 5829 304
f 8223 8135 1637
f 6927 1917 5145
f 6926 5144 1916
f 5990 6488 4913
f 9629 4266 191
f 4914 6489 5991
f 192 4267 9630
f 12118 5517 2347
f 7005 4512 12498
f 12119 2348 5518
f 7006 12499 4513
f 1520 3717 5765
f 1018 2680 10300
f 1521 5766 3718
f 1019 10301 2681
f 611 3735 1190
f 5091 3735 2327
f 612 1191 3736
f 5092 2328 3736
f 2620 6610 3397
f 7665 4969 9016
f 2621 3398 6611
f 7666 9017 4970
f 307 11696 2087
f 7155 11033 574
f 308 2088 11697
f 7156 575 11034
f 6354 6024 2670
f 8504 7098 4552
f 6355 2671 6025
f 8505 4553 7099
f 2271 5900 6182
f 6408 260 10138
f 2272 6183 5901
f 6409 10139 261
f 2258 3616 851
f 2995 4907 3626
f 852 3617 2259
f 2996 3627 4908
f 10488 6303 8887
f 5296 4032 8211
f 10489 8888 6304
f 5297 8212 4033
f 8604 6259 4183
f 10999 1652 5503
f 8605 4184 6260
f 11000 5504 1653
f 3222 10705 9142
f 11840 1582 4862
f 3223 9143 10706
f 11841 4863 1583
f 4501 7201 4521
f 7142 6873 9623
f 4502 4522 7202
f 7143 9624 6874
f 11502 7838 6084
f 10112 8146 9217
f 11503 6085 7839
f 10113 9218 8147
f 9611 7266 863
f 4941 3408 7266
f 9612 864 7267
f 4942 7267 3409
f 9366 1947 9118
f 359 3544 2833
f 9367 9119 1948
f 360 2834 3545
f 12243 867 3710
f 4762 2574 9603
f 12244 3711 868
f 4763 9604 2575
f 1364 8031 7493
f 1363 7492 8030
f 9076 3771 6038
f 1328 7619 9275
f 9077 6039 3772
f 1329 9276 7620
f 3755 8638 5236
f 3832 8054 3059
f 3756 5237 8639
f 3833 3060 8055
f 8423 689 8264
f 8422 8263 688
f 12253 4397 1729
f 12141 8901 256
f 12254 1730 4398
f 12142 257 8902
f 1805 4291 2570
f 4445 1793 8034
f 1806 2571 4292
f 4446 8035 1794
f 6697 5816 5880
f 543 8060 11928
f 6698 5881 5817
f 544 11929 8061
f 6360 4277 2658
f 11269 5721 4287
f 6361 2659 4278
f 11270 4288 5722
f 1415 6444 9342
f 9911 12287 6196
f 1416 9343 6445
f 9912 6197 12288
f 1699 2774 2814
f 1698 2813 2773
f 3931 9052 5641
f 1992 256 10284
f 3932 5642 9053
f 1993 10285 257
f 8632 5798 9068
f 12223 2706 4034
f 8633 9069 5799
f 12224 4035 2707
f 1004 10 5884
f 2107 9072 7322
f 1005 5885 11
f 2108 7323 9073
f 892 5236 10400
f 12422 8510 101
f 893 10401 5237
f 102 8511 12423
f 4929 7534 1912
f 6340 127 5423
f 4930 1913 7535
f 6341 5424 128
f 896 119 1949
f 6837 10386 8597
f 897 1950 120
f 6838 8598 10387
f 4964 3885 7405
f 4963 7404 3884
f 6251 10623 7716
f 960 3708 5016
f 6252 7717 10624
f 961 5017 3709
f 4832 1584 6707
f 4594 3113 1194
f 4833 6708 1585
f 4595 1195 3114
f 43 11759 4339
f 1300 12185 1168
f 44 4340 11760
f 1301 1169 12186
f 3278 10964 9138
f 7203 3264 6462
f 3279 9139 10965
f 7204 6463 3265
f 10432 208 6999
f 9194 6505 6629
f 10433 7000 209
f 9195 6630 6506
f 8181 475 2934
f 4882 3578 6835
f 8182 2935 476
f 4883 6836 3579
f 502 3510 11890
f 6450 4293 6198
f 503 11891 3511
f 6451 6199 4294
f 9885 3925 8236
f 4594 1194 1602
f 9886 8237 3926
f 4595 1603 1195
f 11318 11407 6592
f 2097 9966 1287
f 11319 6593 11408
f 2098 1288 9967
f 3717 7748 4706
f 4921 4365 5792
f 3718 4707 7749
f 4922 5793 4366
f 1102 2705 10646
f 1101 10645 2704
f 9338 11294 11304
f 4427 2977 10625
f 9339 11305 11295
f 4428 10626 2978
f 3982 922 9899
f 2726 7746 5916
f 3983 9900 923
f 2727 5917 7747
f 5914 8472 11492
f 11729 1783 12522
f 5915 11493 8473
f 11730 12523 1784
f 7157 11810 5975
f 4929 1912 10092
f 7158 5976 11811
f 4930 10093 1913
f 11122 5876 3702
f 417 9525 5105
f 11123 3703 5877
f 418 5106 9526
f 1914 10792 7320
f 4545 6231 1574
f 1915 7321 10793
f 4546 1575 6232
f 2150 6476 5314
f 12428 3982 8144
f 2151 5315 6477
f 12429 8145 3983
f 934 4628 3240
f 30 7807 7772
f 935 3241 4629
f 31 7773 7808
f 12271 8518 10226
f 5421 4471 7948
f 12272 10227 8519
f 5422 7949 4472
f 3109 6674 11541
f 152 3954 8970
f 3110 11542 6675
f 153 8971 3955
f 786 4527 952
f 9641 11816 4101
f 787 953 4528
f 9642 4102 11817
f 7262 7605 7276
f 2441 2299 1443
f 7263 7277 7606
f 2442 1444 2300
f 3389 11723 7163
f 11528 4479 1056
f 3390 7164 11724
f 11529 1057 4480
f 946 12335 4696
f 9376 2847 4720
f 947 4697 12336
f 9377 4721 2848
f 4670 948 847
f 4006 3632 4945
f 4671 848 949
f 4007 4946 3633
f 11209 8318 8211
f 5719 9132 12404
f 11210 8212 8319
f 5720 12405 9133
f 5532 8618 3686
f 6133 10878 11344
f 5533 3687 8619
f 6134 11345 10879
f 954 2024 5834
f 3101 6269 3530
f 955 5835 2025
f 3102 3531 6270
f 6400 2877 2453
f 4115 189 11910
f 6401 2454 2878
f 4116 11911 190
f 9591 5244 8092
f 11145 6072 9679
f 9592 8093 5245
f 11146 9680 6073
f 960 5016 5240
f 5142 9082 632
f 961 5241 5017
f 5143 633 9083
f 7197 2755 4101
f 6660 12380 6648
f 7198 4102 2756
f 6661 6649 12381
f 2851 2945 9978
f 9392 2349 10796
f 2852 9979 2946
f 9393 10797 2350
f 966 913 1602
f 10322 8205 11658
f 967 1603 914
f 10323 11659 8206
f 11573 5032 6973
f 11269 4287 10422
f 11574 6974 5033
f 11270 10423 4288
f 5553 6412 139
f 2248 1807 7958
f 5554 140 6413
f 2249 7959 1808
f 9679 972 9539
f 2660 8369 5949
f 9680 9540 973
f 2661 5950 8370
f 3320 6689 2540
f 5595 6703 8381
f 3321 2541 6690
f 5596 8382 6704
f 976 12289 772
f 7479 5661 4780
f 977 773 12290
f 7480 4781 5662
f 6402 4109 11161
f 3845 11882 6277
f 6403 11162 4110
f 3846 6278 11883
f 9004 2632 4119
f 8032 9935 9925
f 9005 4120 2633
f 8033 9926 9936
f 1831 7217 8348
f 8844 7958 139
f 1832 8349 7218
f 8845 140 7959
f 4477 7972 5495
f 5703 9495 2636
f 4478 5496 7973
f 5704 2637 9496
f 10474 8104 986
f 7009 3496 7788
f 10475 987 8105
f 7010 7789 3497
f 2475 2963 4248
f 10198 8546 2467
f 2476 4249 2964
f 10199 2468 8547
f 9535 10280 7564
f 1974 3400 11777
f 9536 7565 10281
f 1975 11778 3401
f 8854 527 8310
f 7494 9809 11926
f 8855 8311 528
f 7495 11927 9810
f 7492 5353 8030
f 8058 12285 2529
f 7493 8031 5354
f 8059 2530 12286
f 4739 4311 3041
f 13 5882 3502
f 4739 3042 4312
f 13 3503 5883
f 7532 7040 12024
f 6616 240 6602
f 7533 12025 7041
f 6617 6603 241
f 10926 5610 1000
f 6398 4191 7758
f 10927 1001 5611
f 6399 7759 4192
f 5979 10290 4648
f 6548 9342 6444
f 5980 4649 10291
f 6549 6445 9343
f 3180 9891 3033
f 2048 2022 4357
f 3181 3034 9892
f 2049 4358 2023
f 3212 8984 1006
f 1381 6949 7250
f 3213 1007 8985
f 1382 7251 6950
f 7599 10396 1008
f 11543 2819 6631
f 7600 1009 10397
f 11544 6632 2820
f 8220 998 3540
f 7601 5012 5425
f 8221 3541 999
f 7602 5426 5013
f 1012 613 292
f 5057 2932 11500
f 1013 293 614
f 5058 11501 2933
f 1014 12388 1656
f 5310 2349 5874
f 1015 1657 12389
f 5311 5875 2350
f 2273 1016 4045
f 9863 824 9036
f 2274 4046 1017
f 9864 9037 825
f 4548 6997 839
f 2640 3978 3554
f 4549 840 6998
f 2641 3555 3979
f 5507 3817 3941
f 3502 11277 13
f 5508 3941 3818
f 3503 13 11277
f 8622 1022 2455
f 5499 10601 3859
f 8623 2456 1023
f 5500 3860 10602
f 3147 10058 11237
f 9785 2385 8332
f 3148 11238 10059
f 9786 8333 2386
f 9026 1026 2556
f 4002 1941 1618
f 9027 2557 1027
f 4003 1619 1942
f 5862 6821 9126
f 9176 8001 6394
f 5863 9127 6822
f 9177 6395 8002
f 3133 3256 3763
f 9873 1241 325
f 3134 3764 3257
f 9874 326 1242
f 4642 3836 1032
f 5389 11373 3586
f 4643 1033 3837
f 5390 3587 11374
f 1034 9631 11880
f 6261 4067 4149
f 1035 11881 9632
f 6262 4150 4068
f 6332 4097 8468
f 8456 3119 6114
f 6333 8469 4098
f 8457 6115 3120
f 9124 6787 5691
f 3224 4797 6358
f 9125 5692 6788
f 3225 6359 4798
f 10052 9247 3747
f 9410 1236 10687
f 10053 3748 9248
f 9411 10688 1237
f 896 1949 1042
f 5632 7961 9623
f 897 1043 1950
f 5633 9624 7962
f 11937 1044 2713
f 4804 1044 11937
f 2712 1045 11936
f 11936 1045 4805
f 5739 11456 8941
f 9705 4149 9665
f 5740 8942 11457
f 9706 9666 4150
f 6358 4797 9615
f 743 1062 3700
f 6359 9616 4798
f 744 3701 1063
f 4133 529 10788
f 6420 3302 11352
f 4134 10789 530
f 6421 11353 3303
f 10174 6791 8548
f 7821 7512 3539
f 10175 8549 6792
f 7821 3539 7513
f 11312 8498 10966
f 2473 6594 2888
f 11313 10967 8499
f 2474 2889 6595
f 3588 9026 2556
f 12449 3079 3907
f 3589 2557 9027
f 12450 3908 3080
f 2734 7440 11678
f 1452 6370 12447
f 2735 11679 7441
f 1453 12448 6371
f 3472 12378 4177
f 11690 2144 4800
f 3473 4178 12379
f 11691 4801 2145
f 1062 4167 3700
f 7211 7784 2911
f 1063 3701 4168
f 7212 2912 7785
f 1064 1684 1435
f 11812 7100 2769
f 1065 1436 1685
f 11813 2770 7101
f 11644 7362 5937
f 11643 5936 7361
f 1067 1334 10989
f 5699 8786 11130
f 1068 10990 1335
f 5700 11131 8787
f 4264 12064 1069
f 2871 2128 379
f 4265 1070 12065
f 2872 380 2129
f 10641 3254 1071
f 12189 6691 9699
f 10642 1072 3255
f 12190 9700 6692
f 9973 331 11586
f 9972 11585 331
f 2297 7080 11247
f 92 2136 10744
f 2298 11248 7081
f 93 10745 2137
f 10324 8191 11583
f 1754 3968 11081
f 10325 11584 8192
f 1755 11082 3969
f 10533 269 11426
f 10532 11425 268
f 11508 7114 11520
f 9681 6170 1558
f 11509 11521 7115
f 9682 1559 6171
f 1081 5866 10176
f 5137 6625 1632
f 1082 10177 5867
f 5138 1633 6626
f 6470 11743 7236
f 4748 3590 4266
f 7237 11744 6471
f 4267 3591 4749
f 6253 3942 2044
f 8878 6408 849
f 6254 2045 3943
f 8879 850 6409
f 11429 3696 2811
f 10810 5503 1652
f 11430 2812 3697
f 10811 1653 5504
f 702 5067 2301
f 2746 5268 11175
f 703 2302 5068
f 2747 11176 5269
f 10993 8 4197
f 7542 11920 5671
f 10994 4198 9
f 7543 5672 11921
f 8400 2389 2337
f 6586 10250 11406
f 8401 2338 2390
f 6587 11406 10251
f 7643 1892 8132
f 86 2234 4465
f 7644 8133 1893
f 87 4466 2235
f 2165 9214 1097
f 12285 1316 2529
f 2165 1098 9214
f 12286 2530 1317
f 1696 3564 10627
f 2612 2083 1058
f 1697 10628 3565
f 2613 1059 2084
f 12181 9110 8014
f 1572 8014 4059
f 12182 8015 9111
f 1573 4060 8015
f 11468 11480 1965
f 3186 646 6550
f 11469 1966 11481
f 3187 6551 647
f 8012 2648 2656
f 6316 8820 609
f 8013 2657 2649
f 6317 610 8821
f 8802 3824 10737
f 3055 248 5932
f 8803 10738 3825
f 3056 5933 249
f 421 3103 5389
f 1123 4090 5228
f 422 5390 3104
f 1124 5229 4091
f 2437 7290 4712
f 4554 2050 9489
f 2438 4713 7291
f 4555 9490 2051
f 7930 7882 1125
f 740 9438 12518
f 7931 1126 7883
f 741 12519 9439
f 10721 5377 103
f 11599 3582 9227
f 10722 104 5378
f 11600 9228 3583
f 1184 4165 12315
f 11755 8500 7005
f 1185 12316 4166
f 11756 7006 8501
f 8668 706 2853
f 3346 3741 5387
f 8669 2854 707
f 3347 5388 3742
f 11261 9533 11249
f 9360 6312 8952
f 11262 11250 9534
f 9361 8953 6313
f 4977 4090 10637
f 2375 12321 6388
f 4978 10638 4091
f 2376 6389 12322
f 12014 7930 1125
f 4469 3292 2351
f 12015 1126 7931
f 4470 2352 3293
f 8817 5578 3762
f 8816 3761 5577
f 9156 2730 6725
f 12118 10414 5517
f 9157 6726 2731
f 12119 5518 10415
f 11777 9789 1974
f 479 9432 6466
f 11778 1975 9790
f 480 6467 9433
f 8267 6139 1132
f 3779 3139 3107
f 1133 6140 8268
f 3779 3108 3139
f 1314 2841 6452
f 7341 3383 4403
f 1315 6453 2842
f 7342 4404 3384
f 7663 5782 10934
f 50 11904 6213
f 7664 10935 5783
f 51 6214 11905
f 11619 4199 5286
f 7242 9030 3650
f 11620 5287 4200
f 7243 3651 9031
f 11464 6478 1140
f 4041 1358 11348
f 11465 1141 6479
f 4042 11349 1359
f 9895 1142 11703
f 11743 1142 1083
f 9896 11704 1143
f 1084 1143 11744
f 11334 404 8520
f 9901 8494 3462
f 11335 8521 405
f 9902 3463 8495
f 11717 4053 5176
f 1338 8931 8919
f 11718 5177 4054
f 1339 8920 8932
f 7092 3057 8488
f 8798 11278 2686
f 7093 8489 3058
f 8799 2687 11279
f 7408 7262 6036
f 8379 9324 10030
f 7409 6037 7263
f 8380 10031 9325
f 648 6639 1152
f 5890 11934 6523
f 648 1153 6639
f 5891 6524 11935
f 9397 4731 5778
f 1738 10038 4731
f 5779 4730 9396
f 1739 4730 10039
f 2016 3498 3069
f 6839 9976 1201
f 2017 3070 3499
f 6840 1202 9977
f 4615 2833 3544
f 6815 2722 1943
f 4616 3545 2834
f 6816 1944 2723
f 10324 11583 3248
f 2686 11278 6265
f 10325 3249 11584
f 2687 6266 11279
f 3775 2517 372
f 4493 9291 4269
f 3776 373 2518
f 4494 4270 9292
f 6639 2281 1152
f 6215 655 8450
f 6639 1153 2282
f 6216 8451 655
f 4731 10038 1166
f 9553 2099 10282
f 4730 1167 10039
f 9554 10283 2100
f 4620 11183 2377
f 9986 872 4485
f 4621 2378 11184
f 9987 4486 873
f 11373 1170 10096
f 2845 713 680
f 11374 10097 1171
f 2846 681 714
f 2170 9711 7597
f 6192 934 3240
f 2171 7598 9712
f 6193 3241 935
f 5125 9743 372
f 8770 11922 4481
f 5126 373 9744
f 8771 4482 11923
f 655 7687 8450
f 54 3974 5858
f 655 8451 7687
f 54 5859 3975
f 133 10748 3093
f 7434 4806 636
f 134 3094 10749
f 637 4807 7435
f 5363 1180 8660
f 290 6781 2947
f 5364 8661 1181
f 291 2948 6782
f 5928 9225 4617
f 154 1500 4782
f 5929 4618 9226
f 155 4783 1501
f 4770 4443 11577
f 1554 8386 6406
f 4771 11578 4444
f 1555 6407 8387
f 370 3684 4706
f 11957 4864 370
f 371 4707 3685
f 11958 371 4865
f 4680 2550 12251
f 2190 2497 7776
f 4681 12252 2551
f 2191 7777 2498
f 7074 9058 1190
f 3682 6026 11858
f 7075 1191 9059
f 3683 11859 6027
f 502 11890 8766
f 6366 2825 5022
f 503 8767 11891
f 6367 5023 2826
f 1584 323 8571
f 9450 7852 6909
f 1585 8572 324
f 9451 6910 7853
f 10010 9362 1196
f 7292 1196 1391
f 10011 1197 9363
f 7293 1392 1197
f 10252 1198 4818
f 4626 7872 11106
f 10253 4819 1199
f 4627 11107 7873
f 7297 4082 2752
f 7296 2751 4081
f 5316 8862 5216
f 9749 7078 3069
f 5317 5217 8863
f 9750 3070 7079
f 8925 6869 6851
f 1283 6086 919
f 8926 6852 6870
f 1284 919 6087
f 7528 9968 75
f 5174 5489 7025
f 7529 75 9969
f 5175 7026 5490
f 2204 1087 1207
f 11429 10182 3696
f 2205 1208 1088
f 11430 3697 10183
f 11053 10434 3328
f 5723 7902 732
f 11054 3329 10435
f 5724 733 7903
f 2125 12152 3651
f 2124 3650 12151
f 1212 1407 6825
f 1996 2564 1644
f 1213 6826 1408
f 1997 1645 2565
f 10214 5431 7110
f 8078 12179 211
f 10215 7111 5432
f 8079 212 12180
f 8418 7017 9661
f 11087 704 6324
f 8419 9662 7018
f 11088 6325 705
f 3334 2449 717
f 3558 5505 376
f 3335 718 2450
f 3559 377 5506
f 9567 12001 2435
f 9299 3218 7920
f 9568 2436 12002
f 9299 7921 3219
f 4508 10338 9493
f 2797 5981 9755
f 4509 9494 10339
f 2798 9756 5982
f 11502 9060 7838
f 6767 8933 1626
f 11503 7839 9061
f 6768 1627 8934
f 8238 3798 1226
f 5226 8238 1226
f 8239 1227 3799
f 5227 1227 8239
f 7500 774 8102
f 8102 7064 1827
f 7501 8103 775
f 8103 1828 7065
f 7294 1230 1718
f 10691 6283 10784
f 7295 1719 1231
f 10692 10785 6284
f 5581 5575 8150
f 9675 10264 4181
f 5582 8151 5576
f 9676 4182 10265
f 4433 4297 78
f 5270 7284 12259
f 4434 79 4298
f 5271 12260 7285
f 8294 8306 3784
f 8522 8899 5620
f 8295 3785 8307
f 8523 5621 8900
f 7332 12001 9567
f 6924 8278 962
f 7332 9568 12002
f 6925 963 8279
f 7957 2832 1261
f 7956 1260 2831
f 2827 12106 7171
f 9980 10968 10958
f 2828 7172 12107
f 9981 10959 10969
f 6777 1243 8620
f 2064 10949 6905
f 6778 8621 1244
f 2065 6906 10950
f 1245 3367 881
f 4026 4985 3375
f 1246 882 3368
f 4027 3376 4986
f 1247 1616 4838
f 5902 5403 2777
f 1248 4839 1617
f 5903 2778 5404
f 2240 2632 9004
f 374 8074 4766
f 2241 9005 2633
f 375 4767 8075
f 3675 8372 4711
f 3674 4710 8371
f 1252 9404 2544
f 2736 5471 5457
f 1253 2545 9405
f 2737 5458 5472
f 8340 8265 11221
f 5026 224 8778
f 8341 11222 8266
f 5027 8779 225
f 3049 1256 1813
f 6118 3051 12122
f 3050 1814 1257
f 6119 12123 3052
f 3363 875 3318
f 8846 5741 6596
f 3364 3319 876
f 8847 6597 5742
f 1260 7956 4335
f 7220 8881 4838
f 1261 4336 7957
f 7221 4839 8882
f 8373 3379 7790
f 9078 10603 4714
f 8374 7791 3380
f 9079 4715 10604
f 1264 183 3729
f 3729 6458 10500
f 1265 3730 184
f 3730 10501 6459
f 10548 2849 1674
f 6546 3234 10818
f 10549 1675 2850
f 6547 10819 3235
f 108 8658 8183
f 5469 5461 11245
f 109 8184 8659
f 5470 11246 5462
f 1270 9639 5618
f 3980 2363 1736
f 1271 5619 9640
f 3981 1737 2364
f 5787 8168 8383
f 5786 8383 8167
f 10238 6392 9233
f 5491 7298 2072
f 10239 9234 6393
f 5492 2073 7299
f 6308 2763 6926
f 11402 7995 4672
f 6309 6927 2764
f 11403 4673 7996
f 7471 5663 5910
f 10006 12513 12520
f 7471 5911 5664
f 10007 12521 12513
f 4764 11037 5651
f 10834 2785 3421
f 4765 5652 11038
f 10835 3422 2786
f 3306 1281 9835
f 5593 7884 1562
f 3307 9836 1282
f 5594 1563 7885
f 8925 12295 6869
f 7310 2405 1203
f 8926 6870 12296
f 7311 1204 2406
f 1320 8050 6541
f 9891 6527 3033
f 1321 6542 8051
f 9892 3034 6528
f 2097 4075 915
f 1837 8652 4075
f 2098 916 4076
f 1838 4076 8653
f 5053 10657 9805
f 5053 78 4297
f 5054 9806 10658
f 5054 4298 79
f 6584 2433 12331
f 393 3352 7468
f 6585 12332 2434
f 394 7469 3353
f 4722 4201 1293
f 2287 9905 4214
f 4723 1294 4202
f 2288 4215 9906
f 10672 5462 9169
f 10671 9168 5461
f 1491 2034 1296
f 5131 6711 2900
f 1492 1297 2035
f 5132 2901 6712
f 3411 2700 8876
f 8723 1598 9279
f 3412 8877 2701
f 8724 9280 1599
f 43 3470 6004
f 7858 5030 12110
f 6005 3471 44
f 7859 12111 5031
f 2930 8741 6428
f 3169 9046 4077
f 2931 6429 8742
f 3170 4078 9047
f 2383 8899 2652
f 1969 7570 4736
f 2384 2653 8900
f 1969 4736 7571
f 1306 484 5685
f 6981 4702 2714
f 1307 5686 485
f 6982 2715 4703
f 1308 4387 9446
f 4866 9304 4409
f 1309 9447 4388
f 4867 4410 9305
f 1310 6356 9737
f 1533 10430 9108
f 1311 9738 6357
f 1534 9109 10431
f 3830 5687 8749
f 800 3796 17
f 3831 8750 5688
f 801 18 3797
f 4521 7398 8885
f 6823 2525 10286
f 4522 8886 7399
f 6824 10287 2526
f 4242 3111 9515
f 6271 8052 2511
f 4243 9516 3112
f 6272 2512 8053
f 1318 4218 9054
f 6574 4218 9068
f 1319 9055 4219
f 6575 9069 4219
f 9933 6793 10663
f 5158 3568 8062
f 9934 10664 6794
f 5159 8063 3569
f 12138 8612 5204
f 10540 8891 4425
f 12139 5205 8613
f 10541 4426 8892
f 1324 11951 4139
f 5332 3204 1485
f 1325 4140 11952
f 5333 1486 3205
f 7613 8709 1326
f 6042 5182 4295
f 7614 1327 8710
f 6043 4296 5183
f 1328 9275 6093
f 853 2708 4622
f 1329 6094 9276
f 854 4623 2709
f 1330 7185 9499
f 9245 666 3005
f 1331 9500 7186
f 9246 3006 667
f 8702 1332 7669
f 8702 5527 1332
f 8703 7670 1333
f 8703 1333 5528
f 5381 2975 10034
f 8371 11389 9507
f 5382 10035 2976
f 8372 9508 11390
f 3244 8768 46
f 9653 1612 9649
f 3245 47 8769
f 9654 9650 1613
f 3570 708 10232
f 12313 137 7130
f 3571 10233 709
f 12314 7131 138
f 1340 2105 10070
f 4959 3206 12307
f 1341 10071 2106
f 4960 12308 3207
f 11528 1056 11063
f 8660 1180 3907
f 11529 11064 1057
f 8661 3908 1181
f 3015 2489 572
f 3015 6711 5131
f 3016 573 2490
f 3016 5132 6712
f 1346 11492 8472
f 6763 10516 10526
f 1347 8473 11493
f 6764 10527 10517
f 1348 9249 169
f 8185 2495 10476
f 1349 170 9250
f 8186 10477 2496
f 5810 1350 6560
f 5854 2682 1144
f 5811 6561 1351
f 5855 1145 2683
f 9719 2934 7038
f 6813 235 3260
f 9720 7039 2935
f 6814 3261 236
f 10798 1998 8950
f 3298 917 10062
f 10799 8951 1999
f 3299 10063 918
f 4858 826 8217
f 2881 9152 4435
f 4859 8218 827
f 2882 4436 9153
f 2353 117 9741
f 2279 5626 6205
f 2354 9742 118
f 2280 6206 5627
f 1360 6755 5945
f 7540 9984 2732
f 1361 5946 6756
f 7541 2733 9985
f 9965 6427 5223
f 9964 5222 6426
f 12317 8030 7722
f 1230 4734 1718
f 12318 7723 8031
f 1231 1719 4735
f 4814 1040 7752
f 8528 7782 471
f 4815 7753 1041
f 8529 472 7783
f 5322 8005 3105
f 7872 10864 11106
f 5323 3106 8006
f 7873 11107 10865
f 3047 4923 2696
f 10222 3047 5602
f 3048 2697 4924
f 10223 5603 3048
f 582 2180 4718
f 3182 2107 7322
f 583 4719 2181
f 3183 7323 2108
f 8822 6418 1373
f 2150 5314 4876
f 8823 1374 6419
f 2151 4877 5315
f 4465 2234 3140
f 3792 9158 7128
f 4466 3141 2235
f 3793 7129 9159
f 5780 1377 5800
f 1803 4726 8650
f 5781 5801 1378
f 1804 8651 4727
f 4898 9128 2393
f 1939 9619 10072
f 4899 2394 9129
f 1940 10073 9620
f 1006 6949 1381
f 5675 11633 10268
f 1007 1382 6950
f 5676 10269 11634
f 7343 3550 3566
f 3397 6610 7353
f 7344 3567 3551
f 3398 7354 6611
f 3782 4700 2654
f 788 10926 1000
f 3783 2655 4701
f 789 1001 10927
f 3894 6737 8824
f 11173 9919 11531
f 3895 8825 6738
f 11174 11532 9920
f 215 10554 6771
f 9527 5439 10659
f 216 6772 10555
f 9528 10660 5440
f 1391 2626 6612
f 6116 3777 12507
f 1392 6613 2627
f 6117 12508 3778
f 9076 4903 3771
f 6436 114 5557
f 9077 3772 4904
f 6437 5558 115
f 5870 1395 3149
f 9062 2572 9078
f 5871 3150 1396
f 9063 9079 2573
f 10661 7700 5549
f 1409 5751 3706
f 10662 5550 7701
f 1410 3707 5752
f 4947 1399 964
f 698 6460 1399
f 4948 965 1400
f 699 1400 6461
f 5026 11822 3838
f 3017 3492 2601
f 5027 3839 11823
f 3018 2602 3493
f 1403 1413 1580
f 2680 8148 10300
f 1404 1581 1414
f 2681 10301 8149
f 2587 9008 747
f 12455 3608 6899
f 2588 748 9009
f 12456 6900 3609
f 12233 6618 1407
f 11906 4744 11413
f 12234 1408 6619
f 11907 11414 4745
f 11075 7910 340
f 6633 1397 7314
f 11076 341 7911
f 6634 7315 1398
f 6255 3482 1411
f 9947 653 10715
f 6256 1412 3483
f 9948 10716 654
f 970 7240 6521
f 2799 2680 1018
f 971 6522 7241
f 2800 1019 2681
f 2566 7807 10420
f 3733 6196 12287
f 2567 10421 7808
f 3734 12288 6197
f 9571 3075 4658
f 8646 3087 5888
f 9572 4659 3076
f 8647 5889 3088
f 1419 8367 5673
f 9905 7400 5665
f 1420 5674 8368
f 9906 5666 7401
f 6895 9593 6273
f 167 3391 6901
f 6896 6274 9594
f 168 6902 3392
f 3169 10599 9046
f 12432 776 4051
f 3170 9047 10600
f 12433 4052 777
f 11025 1518 5511
f 135 11165 2266
f 11026 5512 1519
f 136 2267 11166
f 5020 1666 7096
f 9308 3216 7866
f 5021 7097 1667
f 9309 7867 3217
f 9448 7256 4012
f 11696 7796 2087
f 9449 4013 7257
f 11697 2088 7797
f 1431 3288 4975
f 3091 2148 4189
f 1432 4976 3289
f 3092 4190 2149
f 1433 9402 9174
f 5399 5743 2595
f 1434 9175 9403
f 5400 2596 5744
f 1435 11949 1064
f 2531 5139 5152
f 1436 1065 11950
f 2532 5153 5140
f 3081 1437 7050
f 5437 7096 1666
f 3082 7051 1438
f 5438 1667 7097
f 3867 1439 227
f 4933 6454 5369
f 3868 228 1440
f 4934 5370 6455
f 387 10388 1441
f 6271 2511 11646
f 388 1442 10389
f 6272 11647 2512
f 6330 7106 8038
f 5063 1961 3089
f 6331 8039 7107
f 5064 3090 1962
f 6187 8425 11002
f 6186 11001 8424
f 11314 11615 6382
f 7167 9493 5355
f 11315 6383 11616
f 7168 5356 9494
f 2857 6683 10246
f 12341 6833 6843
f 2858 10247 6684
f 12342 6844 6834
f 12227 6482 1450
f 734 5395 11124
f 12228 1451 6483
f 735 11125 5396
f 2734 5441 4856
f 9259 3460 10230
f 2735 4857 5442
f 9260 10231 3461
f 284 5776 10725
f 8100 3043 2562
f 285 10726 5777
f 8101 2563 3044
f 1456 8640 7394
f 9154 588 6845
f 1457 7395 8641
f 9155 6846 589
f 8142 9202 11537
f 5451 3013 8142
f 8143 11538 9203
f 5452 8143 3014
f 7462 12457 8112
f 12239 9297 4222
f 7463 8113 12458
f 12240 4223 9298
f 1462 6480 2622
f 9631 4301 11880
f 1463 2623 6481
f 9632 11881 4302
f 278 9733 10876
f 4279 6831 5860
f 279 10877 9734
f 4280 5861 6832
f 5509 5647 1466
f 5703 8288 6410
f 5510 1467 5648
f 5704 6411 8289
f 1468 10623 6251
f 4487 4199 11619
f 1469 6252 10624
f 4488 11620 4200
f 3160 1470 8138
f 3160 7544 1470
f 3161 8139 1471
f 3161 1471 7545
f 1472 10953 10802
f 3632 4006 8956
f 1473 10803 10954
f 3633 8957 4007
f 6789 11334 8520
f 8674 4095 5266
f 6790 8521 11335
f 8675 5267 4096
f 12147 832 1293
f 7864 8122 4590
f 12148 1294 833
f 7865 4591 8123
f 7741 11628 4035
f 7740 4034 11627
f 7163 11723 9217
f 315 9857 3140
f 7164 9218 11724
f 316 3141 9858
f 7438 5585 487
f 8893 11621 4361
f 7439 488 5586
f 8894 4362 11622
f 2906 8788 10936
f 3101 4570 9300
f 2907 10937 8789
f 3102 9301 4571
f 1324 4139 6841
f 12082 6658 8332
f 1325 6842 4140
f 12083 8333 6659
f 5942 3039 2892
f 950 10148 2103
f 5943 2893 3040
f 951 2104 10149
f 2936 8244 1489
f 5260 1489 8674
f 2937 1490 8245
f 5261 8675 1490
f 8201 3861 4935
f 2046 7078 9749
f 8202 4936 3862
f 2047 9750 7079
f 10180 609 6877
f 10124 3204 4399
f 10181 6878 610
f 10125 4400 3205
f 817 12131 5094
f 816 5093 12130
f 10655 7801 1496
f 4349 1716 7754
f 10656 1497 7802
f 4350 7755 1717
f 8324 1803 8650
f 4258 1568 8745
f 8325 8651 1804
f 4259 8746 1569
f 10597 1500 154
f 1182 6955 5196
f 10598 155 1501
f 1183 5197 6956
f 1502 9779 2397
f 3998 6362 3284
f 1503 2398 9780
f 3999 3285 6363
f 4648 10290 11411
f 439 7894 4674
f 4649 11412 10291
f 440 4675 7895
f 4981 3929 389
f 3172 7570 1969
f 4982 390 3930
f 3173 1969 7571
f 4030 6975 4405
f 8644 11771 9605
f 4031 4406 6976
f 8645 9606 11772
f 7754 1716 2959
f 9462 7774 4890
f 7755 2960 1717
f 9463 4891 7775
f 9052 435 5641
f 5559 435 7868
f 9053 5642 436
f 5560 7869 436
f 8792 2783 10653
f 10653 2783 10858
f 8793 10654 2784
f 10654 10859 2784
f 1516 3739 2519
f 7778 835 9949
f 2520 3740 1517
f 9950 836 7779
f 6344 258 2605
f 7152 10360 5115
f 6345 2606 259
f 7153 5116 10361
f 11508 321 3676
f 4141 6997 4548
f 11509 3677 322
f 4142 4549 6998
f 4716 11747 6543
f 6543 6570 10822
f 4717 6544 11748
f 6544 10823 6571
f 4569 483 1206
f 4568 1205 483
f 9949 835 1525
f 12100 6867 4748
f 1526 836 9950
f 4749 6868 12101
f 2513 5089 6995
f 9360 2250 6312
f 2514 6996 5090
f 9361 6313 2251
f 4289 4123 6817
f 5238 8954 6761
f 4290 6818 4124
f 5239 6762 8955
f 9673 9687 1531
f 6635 80 11842
f 9674 1532 9688
f 6636 11843 81
f 7687 3476 1176
f 5725 5115 10360
f 7687 1177 3477
f 5726 10361 5116
f 1535 4764 5651
f 9182 7844 1535
f 1536 5652 4765
f 9183 1536 7845
f 6396 3923 8976
f 4347 5772 11755
f 6397 8977 3924
f 4348 11756 5773
f 2520 1517 12377
f 12376 1516 2519
f 688 10611 1540
f 7508 3644 688
f 689 1541 10612
f 7509 689 3645
f 9519 4820 2728
f 2999 2331 6859
f 9520 2729 4821
f 3000 6860 2332
f 1544 1829 9947
f 4527 8044 1544
f 1545 9948 1830
f 4528 1545 8045
f 4888 1243 2787
f 1334 7896 9116
f 4889 2788 1244
f 1335 9117 7897
f 2593 6285 10689
f 2140 10272 504
f 2594 10690 6286
f 2141 505 10273
f 4789 1550 10140
f 10140 9509 7840
f 4790 10141 1551
f 10141 7841 9510
f 10398 1552 2666
f 6646 2030 6314
f 10399 2667 1553
f 6647 6315 2031
f 8909 8386 1554
f 1093 730 8276
f 8910 1555 8387
f 1094 8277 731
f 2172 6012 7426
f 92 11225 2136
f 2173 7427 6013
f 93 2137 11226
f 7090 11520 7114
f 6817 11836 4289
f 7091 7115 11521
f 6818 4290 11837
f 6324 704 3208
f 5039 8721 12020
f 6325 3209 705
f 5040 12021 8722
f 1562 389 5593
f 7258 4981 389
f 1563 5594 390
f 7259 390 4982
f 11290 1564 9281
f 3658 8246 3554
f 11291 9282 1565
f 3659 3555 8247
f 107 1566 11494
f 3941 3817 11900
f 107 11495 1567
f 3941 11901 3818
f 9478 7588 1568
f 1091 6903 4983
f 9479 1569 7589
f 1092 4984 6904
f 5041 11498 562
f 5525 6378 711
f 5042 563 11499
f 5526 712 6379
f 6056 8014 1572
f 6243 12219 10681
f 6057 1573 8015
f 6244 10682 12220
f 11775 1574 6231
f 4864 7698 370
f 11776 6232 1575
f 4865 371 7699
f 630 7316 1576
f 6693 12245 9251
f 631 1577 7317
f 6694 9252 12246
f 461 1578 10591
f 61 3773 10082
f 462 10592 1579
f 62 10083 3774
f 12461 7001 1580
f 10440 10450 4393
f 12462 1581 7002
f 10441 4394 10451
f 1454 6414 11415
f 12293 6865 9474
f 1455 11416 6415
f 12294 9475 6866
f 8355 1584 8344
f 3127 11227 10306
f 8356 8345 1585
f 3128 10307 11228
f 8388 10432 6999
f 3133 7254 7522
f 8389 7000 10433
f 3134 7523 7255
f 3674 160 4710
f 4040 7995 11402
f 3675 4711 160
f 4040 11403 7996
f 296 7862 1590
f 12243 3710 9595
f 297 1591 7863
f 12244 9596 3711
f 1592 6931 8998
f 4173 9962 7430
f 1593 8999 6932
f 4174 7431 9963
f 10270 6652 2242
f 5357 7607 7985
f 10271 2243 6653
f 5358 7986 7608
f 1596 1789 5814
f 8798 10218 3238
f 1597 5815 1790
f 8799 3239 10219
f 8723 9356 11397
f 8662 1350 5349
f 8724 11398 9357
f 8663 5350 1351
f 2544 10044 112
f 5210 4708 8972
f 2545 113 10045
f 5211 8973 4709
f 966 1602 5479
f 8796 3270 344
f 967 5480 1603
f 8797 345 3271
f 7621 329 1604
f 4979 3616 2258
f 1605 330 7622
f 2259 3617 4980
f 7248 7483 3888
f 3976 9318 11549
f 7249 3889 7484
f 3977 11550 9319
f 590 5761 11350
f 10418 6531 6062
f 11351 5762 591
f 6063 6532 10419
f 1610 8937 8923
f 4977 8937 6388
f 1611 8924 8938
f 4978 6389 8938
f 1612 8068 4084
f 2904 4652 1336
f 1613 4085 8069
f 2905 1337 4653
f 1614 449 5967
f 449 1614 2325
f 1615 5968 450
f 450 2326 1615
f 385 1692 1616
f 6535 3737 1990
f 386 1617 1693
f 6536 1991 3738
f 4002 1618 5540
f 7238 6026 3682
f 4003 5541 1619
f 7239 3683 6027
f 3035 10252 4818
f 2461 8579 649
f 3036 4819 10253
f 2462 650 8580
f 8532 7822 3423
f 6729 9024 5308
f 8533 3424 7823
f 6730 5309 9025
f 9468 1624 10896
f 4586 11371 2513
f 9469 10897 1625
f 4587 2514 11372
f 6767 1626 3453
f 6701 11773 141
f 6768 3454 1627
f 6702 142 11774
f 3506 1837 3937
f 88 4329 6967
f 3507 3938 1838
f 89 6968 4330
f 6943 6590 2936
f 3369 7120 4179
f 6944 2937 6591
f 3370 4180 7121
f 6625 1815 11047
f 5256 423 9458
f 6626 11048 1816
f 5257 9459 424
f 4592 2827 1634
f 6484 1241 9873
f 4593 1635 2828
f 6485 9874 1242
f 1636 3508 2902
f 1906 1883 4846
f 1637 2903 3509
f 1907 4847 1884
f 8110 6855 1628
f 3948 4473 2479
f 8111 1629 6856
f 3949 2480 4474
f 7908 6885 2728
f 5342 2989 181
f 7909 2729 6886
f 5343 182 2990
f 5622 3562 1642
f 1854 3540 5753
f 5623 1643 3563
f 1855 5754 3541
f 9040 5534 4415
f 5170 11979 3176
f 9041 4416 5535
f 5171 3177 11980
f 7481 1658 3917
f 1429 3077 7474
f 7482 3918 1659
f 1430 7475 3078
f 10548 8252 2849
f 8721 5039 8731
f 10549 2850 8253
f 8722 8732 5040
f 1650 5393 6275
f 4250 6498 355
f 1651 6276 5394
f 4251 356 6499
f 8585 4273 2536
f 7367 6149 4273
f 8586 2537 4274
f 7368 4274 6150
f 12169 4157 6623
f 3049 4157 1256
f 6624 4158 12170
f 3050 1257 4158
f 6338 12490 57
f 5164 7304 12504
f 6339 58 12491
f 5165 12505 7305
f 9575 3917 4220
f 415 6805 11561
f 9576 4221 3918
f 416 11562 6806
f 11269 2898 5721
f 7284 4297 4433
f 11270 5722 2899
f 7285 4434 4298
f 1379 9454 4459
f 4459 7068 7054
f 1380 4460 9455
f 4460 7055 7069
f 5168 9557 1664
f 7963 11187 4451
f 5169 1665 9558
f 7964 4452 11188
f 1666 1427 10452
f 11157 7938 2884
f 1667 10453 1428
f 11158 2885 7939
f 372 9743 1668
f 8414 7989 7595
f 373 1669 9744
f 8415 7596 7990
f 10028 5938 2538
f 3960 9751 5802
f 10029 2539 5939
f 3961 5803 9752
f 1672 8636 10106
f 9376 4720 5555
f 1673 10107 8637
f 9377 5556 4721
f 10818 1266 7349
f 2987 7349 2953
f 10819 7350 1267
f 2988 2954 7350
f 1688 8707 1676
f 5808 8326 10438
f 1689 1677 8708
f 5809 10439 8327
f 429 6895 4047
f 1690 7520 2843
f 430 4048 6896
f 1691 2844 7521
f 10746 5121 4244
f 427 11551 5530
f 10747 4245 5122
f 428 5531 11552
f 4260 5924 200
f 3822 1736 4850
f 4261 201 5925
f 3823 4851 1737
f 7586 4810 3435
f 7940 8436 8448
f 7587 3436 4811
f 7941 8449 8437
f 1686 1142 11743
f 7550 6623 5477
f 11744 1143 1687
f 5478 6624 7551
f 2020 7991 700
f 5695 10078 7830
f 2021 701 7992
f 5696 7831 10079
f 1690 2993 3011
f 5959 1690 2843
f 3012 2994 1691
f 2844 1691 5960
f 682 3911 9851
f 9390 8686 3316
f 683 9852 3912
f 9391 3317 8687
f 8681 8542 1694
f 6588 2425 2010
f 8682 1695 8543
f 6589 2011 2426
f 1576 2381 9422
f 2244 1576 9422
f 1577 9423 2382
f 2245 9423 1577
f 3743 1727 8300
f 12054 1020 1710
f 3744 8301 1728
f 12055 1711 1021
f 1700 4808 2979
f 4808 1700 10442
f 1701 2980 4809
f 4809 10443 1701
f 2815 1702 9372
f 798 362 8534
f 2816 9373 1703
f 799 8535 363
f 1704 10840 3091
f 3664 10840 1704
f 1705 3092 10841
f 3665 1705 10841
f 4658 3075 6959
f 6959 5075 4658
f 4659 6960 3076
f 6960 4659 5076
f 11672 4896 5856
f 11680 11739 11672
f 11673 5857 4897
f 11681 11673 11740
f 12066 4852 7244
f 3041 4311 10701
f 12067 7245 4853
f 3042 10702 4312
f 11654 11506 9150
f 7576 2232 3188
f 11655 9151 11507
f 7577 3189 2233
f 7306 4909 1839
f 6755 1360 1908
f 7307 1840 4910
f 6756 1909 1361
f 10862 6046 8365
f 1496 7801 4517
f 10863 8366 6047
f 1497 4518 7802
f 10562 3222 10188
f 7722 9889 12317
f 10563 10189 3223
f 7723 12318 9890
f 4136 4583 1720
f 4135 1720 4583
f 723 7613 1326
f 235 8234 6517
f 724 1327 7614
f 236 6518 8235
f 1723 133 3093
f 8388 6999 3468
f 1724 3094 134
f 8389 3469 7000
f 9255 12134 881
f 6511 2658 2473
f 9256 882 12135
f 6512 2474 2659
f 4527 8812 5842
f 4822 10042 3294
f 4528 5843 8813
f 4823 3295 10043
f 348 12253 1729
f 9098 8992 4575
f 349 1730 12254
f 9099 4576 8993
f 1731 10683 519
f 519 3274 1731
f 1732 520 10684
f 520 1732 3275
f 2670 6024 1733
f 4564 334 4537
f 2671 1734 6025
f 4565 4538 335
f 5084 3195 8465
f 5083 8464 3194
f 11947 8516 8092
f 11959 1682 7524
f 11948 8093 8517
f 11960 7525 1683
f 11943 3478 2781
f 7659 1799 2781
f 11944 2782 3479
f 7660 2782 1800
f 12339 9090 239
f 6791 6780 5638
f 12340 239 9091
f 6792 5638 6780
f 7410 1770 11051
f 3828 2212 7924
f 7411 11052 1771
f 3829 7925 2213
f 6785 1984 1744
f 1516 9597 3739
f 1745 1985 6786
f 3740 9598 1517
f 6440 1746 10362
f 374 5711 8074
f 6441 10363 1747
f 375 8075 5712
f 5697 484 4391
f 1306 8516 484
f 5698 4392 485
f 1307 485 8517
f 5963 510 11177
f 6376 12108 8704
f 5964 11178 511
f 6377 8705 12109
f 7623 3640 1752
f 2589 7181 10116
f 7624 1753 3641
f 2590 10117 7182
f 10028 6088 5938
f 1076 10210 9729
f 10029 5939 6089
f 1077 9730 10211
f 3819 406 1756
f 8739 8294 3784
f 3819 1757 406
f 8740 3785 8295
f 11017 6354 2670
f 12283 40 5709
f 11018 2671 6355
f 12284 5710 41
f 2291 3152 8001
f 7724 6392 2182
f 2292 8002 3153
f 7725 2183 6393
f 7345 7850 1762
f 2004 3915 469
f 7346 1763 7851
f 2005 470 3916
f 3849 5371 12195
f 5226 1226 640
f 3850 12196 5372
f 5227 641 1227
f 1766 52 1036
f 3702 5876 3061
f 1767 1037 53
f 3703 3062 5877
f 5513 8230 1714
f 11041 7726 4816
f 5514 1715 8231
f 11042 4817 7727
f 1258 1770 7410
f 1770 10872 11888
f 1259 7411 1771
f 1771 11889 10873
f 7294 1718 1772
f 3308 5206 2607
f 7295 1773 1719
f 3309 2608 5207
f 6184 4630 992
f 9655 5546 9643
f 6185 993 4631
f 9656 9644 5547
f 11448 1776 594
f 9693 10468 6492
f 11449 595 1777
f 9694 6493 10469
f 3142 1778 2295
f 6235 9845 9458
f 3143 2296 1779
f 6236 9459 9846
f 321 11091 1780
f 9320 9865 4864
f 322 1781 11092
f 9321 4865 9866
f 8562 10085 6411
f 8562 6410 10084
f 10595 5172 11729
f 10080 270 7760
f 10596 11730 5173
f 10081 7761 271
f 8209 5262 4746
f 1156 5443 8124
f 8210 4747 5263
f 1157 8125 5444
f 6805 1787 11561
f 1774 2961 4630
f 6806 11562 1788
f 1775 4631 2962
f 644 1789 7048
f 6909 5427 12321
f 645 7049 1790
f 6910 12322 5428
f 3417 1373 5763
f 6390 5763 1373
f 3418 5764 1374
f 6391 1374 5764
f 4445 6572 1793
f 877 10826 3598
f 4446 1794 6573
f 878 3599 10827
f 7862 1807 1590
f 6241 3117 10274
f 7863 1591 1808
f 6242 10275 3118
f 2765 10888 3344
f 1156 8124 6668
f 2766 3345 10889
f 1157 6669 8125
f 9397 3655 10150
f 10150 1154 9397
f 10151 3654 9396
f 9396 1155 10151
f 2589 9757 7195
f 7070 808 9233
f 2590 7196 9758
f 7071 9234 809
f 6180 4737 1803
f 1803 4737 4726
f 6181 1804 4738
f 1804 4727 4738
f 7902 5645 732
f 5645 2570 732
f 7903 733 5646
f 5646 733 2571
f 6202 8826 10406
f 1819 10274 3117
f 6203 10407 8827
f 1820 3118 10275
f 143 1809 11253
f 3097 4457 8173
f 144 11254 1810
f 3098 8174 4458
f 808 7070 5198
f 7756 11812 2769
f 809 5199 7071
f 7757 2770 11813
f 6637 10894 3725
f 7832 4399 3204
f 6638 3726 10895
f 7833 3205 4400
f 3524 9994 12036
f 11035 3524 9845
f 3525 12037 9995
f 11036 9846 3525
f 1817 11516 7434
f 3156 1817 5447
f 7435 11517 1818
f 3157 5448 1818
f 6054 12143 425
f 3800 3246 6054
f 6055 426 12144
f 3801 6055 3247
f 6384 10673 1236
f 3731 8522 5620
f 6385 1237 10674
f 3732 5621 8523
f 1823 7398 171
f 11496 7742 3252
f 1824 172 7399
f 11497 3253 7743
f 7603 1825 1811
f 7603 10832 1825
f 7604 1812 1826
f 7604 1826 10833
f 7970 5505 11896
f 2759 535 7248
f 7971 11897 5506
f 2760 7249 536
f 1544 8044 1829
f 5532 5561 9198
f 1545 1830 8045
f 5533 9199 5562
f 6164 10699 3443
f 10689 6285 4313
f 6165 3444 10700
f 10690 4314 6286
f 307 2087 1833
f 1441 10388 3109
f 308 1834 2088
f 1442 3110 10389
f 4537 334 7098
f 4475 2572 4463
f 4538 7099 335
f 4476 4464 2573
f 5127 767 9887
f 9549 10693 9887
f 5128 9888 768
f 9550 9888 10694
f 459 5565 5850
f 3377 5581 4860
f 460 5851 5566
f 3378 4861 5582
f 9481 5496 4478
f 9480 4477 5495
f 11446 6881 5006
f 2932 4363 6799
f 11447 5007 6882
f 2933 6800 4364
f 7878 5160 1844
f 8280 3354 9010
f 7879 1845 5161
f 8281 9011 3355
f 1419 1846 8367
f 2585 886 4
f 1420 8368 1847
f 2586 5 887
f 5683 2642 1848
f 6122 121 10808
f 5684 1849 2643
f 6123 10809 122
f 5030 1850 1300
f 903 6928 9418
f 5031 1301 1851
f 904 9419 6929
f 6745 10914 1852
f 3903 9915 181
f 6746 1853 10915
f 3904 182 9916
f 8220 3540 1854
f 9295 1010 3164
f 8221 1855 3541
f 9296 3165 1011
f 1089 1508 1856
f 5234 4395 8670
f 1090 1857 1509
f 5235 8671 4396
f 9621 11753 6380
f 2585 4 4539
f 9622 6381 11754
f 2586 4540 5
f 262 1860 10024
f 5079 1860 5117
f 10025 1861 263
f 5118 1861 5080
f 3890 6279 11878
f 6963 10651 5628
f 3891 11879 6280
f 6964 5629 10652
f 1864 8698 5569
f 3626 7880 9112
f 5570 8699 1865
f 9113 7881 3627
f 1866 3863 2684
f 7788 3496 6556
f 1867 2685 3864
f 7789 6557 3497
f 10968 5992 10958
f 10993 12311 8
f 10969 10959 5993
f 10994 9 12312
f 6456 8404 1870
f 9847 5979 4648
f 6457 1871 8405
f 9848 4649 5980
f 1881 1872 8666
f 8933 6500 11783
f 1882 8667 1873
f 8934 11784 6501
f 6617 241 1874
f 1874 5612 2703
f 6616 1875 240
f 1875 10208 5613
f 1876 7730 1220
f 10772 8563 12173
f 1877 1221 7731
f 10773 12174 8564
f 4740 4137 7013
f 6044 792 8036
f 4741 7014 4138
f 6045 8037 793
f 7573 3452 8275
f 8274 3451 7572
f 9615 4797 1881
f 1961 4212 7824
f 9616 1882 4798
f 1962 7825 4213
f 3508 4846 1883
f 5739 2775 4598
f 3509 1884 4847
f 5740 4599 2776
f 1885 8426 5747
f 7572 3451 8426
f 5748 8427 1886
f 8427 3452 7573
f 6164 3443 8502
f 936 4471 5421
f 6165 8503 3444
f 937 5422 4472
f 12424 12436 7826
f 6460 8076 1399
f 12425 7827 12437
f 6461 1400 8077
f 1385 8603 82
f 1386 82 8603
f 5463 1892 7643
f 656 1148 12207
f 5464 7644 1893
f 657 12208 1149
f 2052 4155 1894
f 4117 7591 11083
f 2053 1895 4156
f 4118 11084 7592
f 1081 1896 5866
f 3288 8593 4975
f 1082 5867 1897
f 3289 4976 8594
f 1898 2979 4808
f 8707 1688 185
f 1899 4809 2980
f 8708 186 1689
f 1900 8589 782
f 10912 6151 11332
f 1901 783 8590
f 10913 11333 6152
f 1902 9442 4250
f 976 772 2451
f 1903 4251 9443
f 977 2452 773
f 1904 7683 2527
f 3079 6827 176
f 1905 2528 7684
f 3080 177 6828
f 6492 10468 1906
f 6977 5515 11872
f 6493 1907 10469
f 6978 11873 5516
f 4175 4900 9452
f 3099 11132 11143
f 4176 9453 4901
f 3100 11144 11133
f 9366 5164 1910
f 865 7187 1594
f 9367 1911 5165
f 866 1595 7188
f 1322 1912 6135
f 6340 2212 3828
f 1323 6136 1913
f 6341 3829 2213
f 1914 7320 9424
f 2062 11417 5121
f 1915 9425 7321
f 2063 5122 11418
f 5144 10206 5154
f 8185 1348 8565
f 5145 5155 10207
f 8186 8566 1349
f 262 7532 12024
f 9048 3813 4724
f 263 12025 7533
f 9049 4725 3814
f 1920 11464 1140
f 11522 12016 4523
f 1921 1141 11465
f 11523 4524 12017
f 5888 3087 4945
f 12297 9521 5888
f 5889 4946 3088
f 12298 5889 9522
f 771 7983 8550
f 10190 2413 3166
f 771 8551 7984
f 10191 3166 2414
f 674 5204 3698
f 686 11611 12514
f 675 3699 5205
f 687 12515 11612
f 6600 327 8760
f 6010 6509 7874
f 6601 8761 328
f 6011 7875 6510
f 6769 11098 9579
f 4882 12441 3578
f 6770 9580 11099
f 4883 3579 12442
f 11821 9952 6890
f 2444 4420 6890
f 11820 6889 9951
f 2443 6889 4419
f 1934 3071 1672
f 5924 2293 1934
f 1935 1673 3072
f 5925 1935 2294
f 1936 5148 4079
f 1680 4573 794
f 1937 4080 5149
f 1681 795 4574
f 1333 5545 3883
f 1332 3882 5544
f 6194 231 3242
f 11181 11460 5717
f 6195 3243 232
f 11182 5718 11461
f 1941 8412 1618
f 10496 3921 7033
f 1942 1619 8413
f 10497 7034 3922
f 2722 1312 1943
f 9263 2554 6221
f 2723 1944 1313
f 9264 6222 2555
f 8104 10474 541
f 10172 3719 12102
f 8105 542 10475
f 10173 12103 3720
f 1656 9215 1014
f 6654 8203 6604
f 1657 1015 9216
f 6655 6605 8204
f 7954 859 3668
f 4521 8885 3765
f 7955 3669 860
f 4522 3766 8886
f 4868 5445 672
f 9012 10848 6983
f 4869 673 5446
f 9013 6984 10849
f 3488 5055 1953
f 3502 12080 5485
f 3489 1954 5056
f 3503 5486 12081
f 1945 3266 1955
f 541 3200 5103
f 1946 1956 3267
f 542 5104 3201
f 5755 11589 1957
f 3296 3634 4774
f 5756 1958 11590
f 3297 4775 3635
f 11055 2614 5049
f 4678 1978 4303
f 11056 5050 2615
f 4679 4304 1979
f 4381 4556 4147
f 7282 6126 4224
f 4382 4148 4557
f 7283 4225 6127
f 3005 666 1963
f 2297 11247 4550
f 3006 1964 667
f 2298 4551 11248
f 1965 11480 1103
f 11656 479 3429
f 1966 1104 11481
f 11657 3430 480
f 7029 4617 7710
f 745 11713 5330
f 7030 7711 4618
f 746 5331 11714
f 11022 11093 8219
f 11021 8219 11093
f 1970 1119 19
f 10444 5604 1980
f 1971 20 1120
f 10445 1981 5605
f 10158 242 1972
f 3379 10916 7790
f 10159 1973 243
f 3380 7791 10917
f 1365 6108 5338
f 4814 471 7782
f 1366 5339 6109
f 4815 7783 472
f 2527 7683 1976
f 11779 8132 86
f 2528 1977 7684
f 11780 87 8133
f 7844 749 1887
f 7844 7809 12275
f 7845 1888 750
f 7845 12276 7810
f 8927 4127 8915
f 8927 11526 4127
f 8928 8916 4128
f 8928 4128 11527
f 790 1982 453
f 7292 4644 1196
f 791 454 1983
f 7293 1197 4645
f 1744 1984 397
f 10572 2258 5735
f 398 1985 1745
f 5736 2259 10573
f 12068 5208 8838
f 9583 8224 8838
f 12069 8839 5209
f 9584 8839 8225
f 4953 4939 4507
f 4034 7740 10677
f 4954 4507 4940
f 4035 10678 7741
f 790 1990 1982
f 5361 3232 10924
f 791 1983 1991
f 5362 10925 3233
f 10326 1992 12370
f 615 1648 5606
f 10327 12371 1993
f 616 5607 1649
f 10852 2471 11219
f 10214 4315 10490
f 10853 11220 2472
f 10215 10491 4316
f 4473 7027 6709
f 6205 11662 2279
f 4474 6710 7028
f 6206 2280 11663
f 6155 6147 917
f 8696 8130 11128
f 6156 918 6148
f 8697 11129 8131
f 3838 5840 2000
f 10220 9853 5272
f 3839 2001 5841
f 10221 5273 9854
f 1706 7357 2002
f 6562 9038 11595
f 1707 2003 7358
f 6563 11596 9039
f 6576 7345 1762
f 292 613 6576
f 6577 1763 7346
f 293 6577 614
f 1483 5961 6291
f 855 8585 2536
f 1484 6292 5962
f 856 2537 8586
f 2008 7556 6891
f 1377 3280 4726
f 2009 6892 7557
f 1378 4727 3281
f 2010 596 6588
f 3373 5790 605
f 2011 6589 597
f 3374 606 5791
f 9813 4620 2377
f 12110 5030 4620
f 9814 2378 4621
f 12111 4621 5031
f 443 5892 4581
f 8581 2024 4121
f 444 4582 5893
f 8582 4122 2025
f 2016 7444 3498
f 8201 4935 5069
f 2017 3499 7445
f 8202 5070 4936
f 11565 7388 2018
f 5767 12217 3228
f 11566 2019 7389
f 5768 3229 12218
f 926 3466 8408
f 12138 12124 8612
f 927 8409 3467
f 12139 8613 12125
f 2022 276 1387
f 10665 11265 7432
f 2023 1388 277
f 10666 7433 11266
f 3101 8780 4570
f 443 7681 2894
f 3102 4571 8781
f 444 2895 7682
f 596 10122 8917
f 5022 5591 6366
f 597 8918 10123
f 5023 6367 5592
f 7211 2911 11884
f 475 8181 4882
f 7212 11885 2912
f 476 4883 8182
f 2666 6328 12072
f 10532 268 9056
f 2667 12073 6329
f 10533 9057 269
f 11894 1740 5324
f 2859 10110 346
f 11895 5325 1741
f 2860 347 10111
f 4143 213 5571
f 1606 10585 8322
f 4144 5572 214
f 1607 8323 10586
f 642 2036 1285
f 4776 3033 12416
f 643 1286 2037
f 4777 12417 3034
f 4772 1456 3312
f 4560 2024 954
f 4773 3313 1457
f 4561 955 2025
f 8741 2040 6428
f 1302 4379 11971
f 8742 6429 2041
f 1303 11972 4380
f 2042 3373 2032
f 11894 5324 11342
f 2043 2033 3374
f 11895 11343 5325
f 2044 3942 3123
f 6670 493 4778
f 2045 3124 3943
f 6671 4779 494
f 2034 1491 3387
f 6245 4309 11892
f 2035 3388 1492
f 6246 11893 4310
f 7708 5298 3869
f 9913 3180 8328
f 7709 3870 5299
f 9914 8329 3181
f 1111 3919 2050
f 219 342 4195
f 1112 2051 3920
f 220 4196 343
f 1894 9823 2052
f 7866 7860 523
f 1895 2053 9824
f 7867 524 7861
f 2054 8986 12197
f 5759 3723 8986
f 2055 12198 8987
f 5760 8987 3724
f 640 6887 2056
f 8005 5322 6486
f 641 2057 6888
f 8006 6487 5323
f 5573 10336 602
f 5026 8778 5589
f 5574 603 10337
f 5027 5590 8779
f 8929 5288 2060
f 1474 1957 5133
f 8930 2061 5289
f 1475 5134 1958
f 8679 14 2062
f 3298 6598 11983
f 8680 2063 15
f 3299 11984 6599
f 6905 1646 5951
f 9340 7481 7744
f 6906 5952 1647
f 9341 7745 7482
f 5998 393 2066
f 8261 1291 2066
f 5999 2067 394
f 8262 2067 1292
f 12445 7434 9514
f 1054 6809 5985
f 9513 7435 12446
f 5986 6810 1055
f 4389 2070 761
f 3606 10404 6550
f 4390 762 2071
f 3607 6551 10405
f 1970 9511 1119
f 5387 3741 8026
f 1971 1120 9512
f 5388 8027 3742
f 21 2074 5397
f 9012 2947 6781
f 22 5398 2075
f 9013 6782 2948
f 4275 1113 2076
f 9875 4275 2076
f 4276 2077 1114
f 9876 2077 4276
f 2531 5152 2521
f 11741 9332 6847
f 2532 2522 5153
f 11742 6848 9333
f 2080 5967 10770
f 551 5981 2797
f 2081 10771 5968
f 552 2798 5982
f 2082 5009 151
f 2082 151 5008
f 433 7792 1099
f 5248 3836 4642
f 434 1100 7793
f 5249 4643 3837
f 4343 8482 6448
f 2624 4043 12392
f 4344 6449 8483
f 2625 12393 4044
f 8484 9577 3620
f 8970 8484 152
f 8485 3621 9578
f 8971 153 8485
f 2089 10382 1238
f 5258 962 8278
f 2090 1239 10383
f 5259 8279 963
f 12203 2091 774
f 11731 3342 7369
f 12204 775 2092
f 11732 7370 3343
f 2965 5918 2093
f 6320 10348 7335
f 2966 2094 5919
f 6321 7336 10349
f 7627 9883 2095
f 9937 7952 28
f 7628 2096 9884
f 9938 29 7953
f 6592 9302 915
f 12406 6751 2198
f 6593 916 9303
f 12407 2199 6752
f 5778 2099 10320
f 2099 9589 2534
f 10321 2100 5779
f 2100 2535 9590
f 2101 4965 11151
f 2529 1316 6614
f 2102 11152 4966
f 2530 6615 1317
f 4327 8318 2103
f 4870 500 11114
f 4328 2104 8319
f 4871 11115 501
f 4038 6664 5969
f 10930 9709 6502
f 4039 5970 6665
f 10931 6502 9710
f 11719 7627 2095
f 8608 11385 2459
f 11720 2096 7628
f 8609 2460 11386
f 8187 9871 2109
f 5178 986 8104
f 8188 2110 9872
f 5179 8105 987
f 12520 7337 5806
f 9994 1277 12036
f 12521 5807 7338
f 9995 12037 1278
f 2113 4541 12114
f 3043 5232 7582
f 2114 12115 4542
f 3044 7583 5233
f 8792 3500 2783
f 6955 7811 5196
f 8793 2784 3501
f 6956 5197 7812
f 10138 9150 2117
f 9150 11506 2117
f 10139 2118 9151
f 9151 2118 11507
f 10986 16 3324
f 10986 3325 16
f 10982 3383 2120
f 6442 69 8921
f 10983 2121 3384
f 6443 8922 70
f 3162 10312 2122
f 692 7846 2581
f 3163 2123 10313
f 693 2582 7847
f 4187 3486 3362
f 1060 6662 1211
f 4188 3362 3487
f 1061 1211 6663
f 8816 8830 7987
f 6464 5002 5014
f 8817 7988 8831
f 6465 5015 5003
f 6454 4933 10560
f 8988 6281 12022
f 6455 10561 4934
f 8989 12023 6282
f 9186 2130 3053
f 2130 7811 9725
f 9187 3054 2131
f 2131 9726 7812
f 2132 8772 7629
f 10997 3140 2132
f 2133 7630 8773
f 10998 2133 3141
f 3690 7746 11579
f 8573 2827 7171
f 3691 11580 7747
f 8574 7172 2828
f 3777 8197 6612
f 9265 10675 8197
f 3778 6613 8198
f 9266 8198 10676
f 6672 7193 784
f 11805 2585 3580
f 6673 785 7194
f 11806 3581 2586
f 742 10272 2140
f 1445 742 10564
f 742 2141 10273
f 1445 10565 742
f 2142 7328 2698
f 12167 121 1848
f 2143 2699 7329
f 12168 1849 122
f 10679 6989 1702
f 5024 1702 6989
f 10680 1703 6990
f 5025 6990 1703
f 1972 242 2146
f 6955 9725 7811
f 1973 2147 243
f 6956 7812 9726
f 2148 9092 4189
f 7025 5489 3121
f 2149 4190 9093
f 7026 3122 5490
f 7036 2150 4876
f 2726 5481 12348
f 7037 4877 2151
f 2727 12349 5482
f 826 2152 8217
f 6554 11539 6735
f 827 8218 2153
f 6555 6736 11540
f 10871 7781 7636
f 10870 7635 7780
f 543 10570 8060
f 5224 3290 5527
f 544 8061 10571
f 5225 5528 3291
f 684 11169 303
f 6160 4662 4305
f 685 304 11170
f 6161 4306 4663
f 8552 10248 11599
f 5075 10980 145
f 8553 11600 10249
f 5076 146 10981
f 4423 2161 10372
f 233 4497 2161
f 4424 10373 2162
f 234 2162 4498
f 4413 6554 6247
f 2036 642 5965
f 4414 6248 6555
f 2037 5966 643
f 5823 9516 4243
f 5822 4242 9515
f 2481 7286 2166
f 6727 2166 676
f 2482 2167 7287
f 6728 677 2167
f 5836 2417 2168
f 515 5332 8729
f 5837 2169 2418
f 516 8730 5333
f 1682 9671 11067
f 8248 958 6072
f 1683 11068 9672
f 8249 6073 959
f 2172 7426 465
f 12183 7918 2172
f 2173 466 7427
f 12184 2173 7919
f 4828 10554 215
f 6582 6424 837
f 4829 216 10555
f 6583 838 6425
f 6422 898 2176
f 10250 6586 7414
f 6423 2177 898
f 10251 7415 6587
f 7975 3877 2178
f 193 7056 1130
f 7976 2179 3878
f 194 1131 7057
f 11316 2180 8751
f 6213 11316 50
f 11317 8752 2181
f 6214 51 11317
f 1760 3152 10974
f 5876 4383 3061
f 1761 10975 3153
f 5877 3062 4384
f 2184 11906 8454
f 5643 8700 6592
f 2185 8455 11907
f 5644 6593 8701
f 244 2186 9625
f 10746 4244 3512
f 245 9626 2187
f 10747 3513 4245
f 1664 1105 2188
f 6316 6141 5252
f 1665 2189 1106
f 6317 5253 6142
f 8870 3425 5624
f 4696 1188 946
f 8871 5625 3426
f 4697 947 1189
f 8226 5250 12203
f 11267 3998 3284
f 8227 12204 5251
f 11268 3285 3999
f 7479 2194 5661
f 11229 4262 8122
f 7480 5662 2195
f 11230 8123 4263
f 5280 1522 568
f 4512 12126 2347
f 5281 569 1523
f 4513 2348 12127
f 2198 8700 5643
f 4264 4880 5146
f 2199 5644 8701
f 4265 5147 4881
f 2200 7058 5567
f 7050 10394 3081
f 2201 5568 7059
f 7051 3082 10395
f 6913 1066 2202
f 6680 5936 11643
f 6913 2203 1066
f 6680 11644 5937
f 2694 8126 2204
f 2375 6388 4728
f 2695 2205 8127
f 2376 4729 6389
f 3532 12350 5218
f 6859 2331 5218
f 3533 5219 12351
f 6860 5219 2332
f 11059 2208 6568
f 10615 11781 3419
f 11060 6569 2209
f 10616 3420 11782
f 1350 9134 2646
f 1350 5810 7177
f 1351 2647 9135
f 1351 7178 5811
f 2212 1742 4411
f 2200 1742 2212
f 2213 4412 1743
f 2201 2213 1743
f 3594 125 6566
f 3556 10154 2746
f 3595 6567 126
f 3557 2747 10155
f 9727 877 3598
f 3598 7144 7136
f 9728 3599 878
f 3599 7137 7145
f 8826 8048 10406
f 1795 6747 9352
f 8827 10407 8049
f 1796 9353 6748
f 2915 11488 5041
f 755 4331 11223
f 2916 5042 11489
f 756 11224 4332
f 5503 2222 10758
f 1308 9304 4866
f 5504 10759 2223
f 1309 4867 9305
f 10332 2463 2224
f 7418 6370 1452
f 10333 2225 2464
f 7419 1453 6371
f 8795 4442 8805
f 8794 8804 4441
f 4063 6448 8482
f 7625 1115 5920
f 4064 8483 6449
f 7626 5921 1116
f 9221 5270 7134
f 2451 772 8756
f 9222 7135 5271
f 2452 8757 773
f 4827 9904 8777
f 4826 8776 9903
f 7576 1712 2232
f 2232 7122 10410
f 7577 2233 1713
f 2233 10411 7123
f 1095 8876 2234
f 86 8132 2234
f 1096 2235 8877
f 87 2235 8133
f 9297 489 2236
f 6370 9414 12447
f 9298 2237 490
f 6371 12448 9415
f 3079 2238 6827
f 6983 7750 9178
f 3080 6828 2239
f 6984 9179 7751
f 374 4766 12352
f 5600 1249 8032
f 375 12353 4767
f 5601 8033 1250
f 5357 1578 461
f 2634 7150 9206
f 5358 462 1579
f 2635 9207 7151
f 4375 6158 6168
f 4581 7288 10428
f 4376 6169 6159
f 4582 10429 7289
f 2246 7817 11438
f 3600 11844 9122
f 2247 11439 7818
f 3601 9123 11845
f 982 8844 139
f 5896 10136 7230
f 983 140 8845
f 5897 7231 10137
f 1121 2837 5081
f 8466 4071 7007
f 1122 5082 2838
f 8467 7008 4072
f 10332 2224 2252
f 8392 9414 6370
f 10333 2253 2225
f 8393 6371 9415
f 402 2254 2216
f 5679 4487 2835
f 403 2217 2255
f 5680 2836 4488
f 4321 7822 8532
f 7954 3668 7822
f 4322 8533 7823
f 7955 7823 3669
f 11077 5735 5886
f 10922 5886 617
f 5887 5736 11078
f 618 5887 10923
f 10556 2260 10436
f 11005 2260 1393
f 10557 10437 2261
f 11006 1394 2261
f 5796 1720 4135
f 11797 5796 9941
f 5797 4136 1720
f 11798 9942 5797
f 9831 8939 2264
f 2359 6533 9261
f 9832 2265 8940
f 2360 9262 6534
f 6344 2605 8725
f 2214 9160 1425
f 6345 8726 2606
f 2215 1426 9161
f 7804 1276 12150
f 7803 12149 1275
f 2269 278 10876
f 8820 229 9745
f 2270 10877 279
f 8821 9746 230
f 2271 6182 4489
f 6432 9773 706
f 2272 4490 6183
f 6433 707 9774
f 2273 3757 6342
f 8384 1016 2273
f 2274 6343 3758
f 8385 2274 1017
f 2275 425 12153
f 2275 6241 425
f 2276 12154 426
f 2276 426 6242
f 4329 2277 1628
f 12293 2277 4668
f 4330 1629 2278
f 12294 4669 2278
f 7718 2279 6935
f 2279 6468 9456
f 7719 6936 2280
f 2280 9457 6469
f 4230 8250 4099
f 12480 4111 5953
f 4231 4100 8251
f 12481 5954 4112
f 9440 2283 7060
f 7736 3847 2744
f 9441 7061 2284
f 7737 2745 3848
f 4275 6225 1113
f 6681 9334 12090
f 4276 1114 6226
f 6682 12091 9335
f 11298 7066 11286
f 9869 3097 8173
f 11299 11287 7067
f 9870 8174 3098
f 3809 2289 3798
f 3798 11175 5268
f 3810 3799 2290
f 3799 5269 11176
f 5304 9503 2291
f 9525 1028 5105
f 5305 2292 9504
f 9526 5106 1029
f 4260 4840 2293
f 1172 4232 8737
f 4261 2294 4841
f 1173 8738 4233
f 3142 2295 364
f 10088 7015 10735
f 3143 365 2296
f 10089 10736 7016
f 1963 6731 9497
f 4812 7426 5563
f 1964 9498 6732
f 4813 5564 7427
f 7408 6036 5111
f 3441 4224 350
f 7409 5112 6037
f 3442 351 4225
f 7617 8597 10386
f 3798 5268 9200
f 7618 10387 8598
f 3799 9201 5269
f 2303 7466 254
f 7538 6426 455
f 2304 255 7467
f 7539 456 6427
f 6217 4772 2305
f 10322 5312 8205
f 6218 2306 4773
f 10323 8206 5313
f 3588 2307 9026
f 12410 6028 11320
f 3589 9027 2308
f 12411 11321 6029
f 12171 7930 12014
f 2477 4604 5367
f 12172 12015 7931
f 2478 5368 4605
f 4443 1184 2311
f 2311 1184 294
f 4444 2312 1185
f 2312 295 1185
f 2313 10292 11199
f 3892 7136 286
f 2314 11200 10293
f 3893 287 7137
f 4403 5579 7341
f 4860 5581 8150
f 4404 7342 5580
f 4861 8151 5582
f 2317 9587 116
f 4083 5880 5816
f 2318 116 9588
f 4083 5817 5881
f 7189 11013 5111
f 4224 5111 350
f 7190 5112 11014
f 4225 351 5112
f 9082 6883 9551
f 4193 9008 2587
f 9083 9552 6884
f 4194 2588 9009
f 10230 3460 9271
f 11553 2335 638
f 10231 9272 3461
f 11554 639 2336
f 449 2325 1268
f 4572 9430 7472
f 450 1269 2326
f 4572 7473 9431
f 3735 611 2327
f 10380 7661 12086
f 3736 2328 612
f 10381 12087 7662
f 1310 924 2329
f 6875 4385 10595
f 1311 2330 925
f 6876 10596 4386
f 4820 5218 2331
f 461 10591 11110
f 4821 2332 5219
f 462 11111 10592
f 6757 4431 9100
f 9158 9765 2981
f 6758 9101 4432
f 9159 2982 9766
f 2323 9271 7108
f 7169 5757 3431
f 2324 7109 9272
f 7170 3432 5758
f 10458 6739 2337
f 6586 8610 7414
f 10459 2338 6740
f 6587 7415 8611
f 9285 10002 4795
f 7434 6849 4806
f 9286 4796 10003
f 4807 6850 7435
f 9996 2341 1662
f 4469 8538 4937
f 9997 1663 2342
f 4470 4938 8539
f 2343 483 1524
f 6913 2202 9721
f 2344 1524 483
f 6913 9722 2203
f 2345 5786 8167
f 2345 7252 413
f 2346 8168 5787
f 2346 414 7253
f 6582 9470 9921
f 10782 3898 2174
f 6583 9922 9471
f 10783 2175 3899
f 9881 9392 7932
f 3178 10621 2361
f 9882 7933 9393
f 3179 2362 10622
f 2341 11763 1050
f 4133 9174 529
f 2342 1051 11764
f 4134 530 9175
f 117 2353 5719
f 11114 5705 12157
f 118 5720 2354
f 11115 12158 5706
f 6548 357 3021
f 5906 11751 11061
f 6549 3022 358
f 5907 11062 11752
f 3415 4971 6564
f 10577 11629 9176
f 3416 6565 4972
f 10578 9177 11630
f 11089 6330 8038
f 6330 11089 10494
f 11090 8039 6331
f 6331 10495 11090
f 9881 7932 8818
f 8818 9464 11709
f 9882 8819 7933
f 8819 11710 9465
f 1270 12273 3192
f 1270 10800 12273
f 1271 3193 12274
f 1271 12274 10801
f 78 5053 9805
f 11367 8308 3395
f 79 9806 5054
f 11368 3396 8309
f 4303 1279 2367
f 905 11452 1117
f 4304 2368 1280
f 906 1118 11453
f 2369 1721 6517
f 7629 10032 2132
f 2370 6518 1722
f 7630 2133 10033
f 2371 2355 305
f 5471 2736 3536
f 2372 306 2356
f 5472 3537 2737
f 2443 8864 6889
f 3786 8808 12408
f 2444 6890 8865
f 3787 12409 8809
f 3592 10194 2204
f 3592 9450 10194
f 3593 2205 10195
f 3593 10195 9451
f 8215 4485 872
f 4325 8638 3755
f 8216 873 4486
f 4326 3756 8639
f 11153 2379 6747
f 10440 4393 539
f 11154 6748 2380
f 10441 540 4394
f 8440 5274 9251
f 5150 411 7330
f 8441 9252 5275
f 5151 7331 412
f 9535 1821 8066
f 3731 5620 9374
f 9536 8067 1822
f 3732 9375 5621
f 4503 10058 2385
f 8762 11023 4024
f 4504 2386 10059
f 8763 4025 11024
f 288 7104 11611
f 984 8024 6957
f 289 11612 7105
f 985 6958 8025
f 9964 7574 7590
f 1362 7574 8400
f 9965 7590 7575
f 1362 8401 7575
f 7890 2391 1529
f 7165 3600 9122
f 7891 1530 2392
f 7166 9123 3601
f 1632 8353 5137
f 12189 12177 6691
f 1633 5138 8354
f 12190 6692 12178
f 7564 10280 12249
f 3855 4566 6227
f 7565 12250 10281
f 3856 6228 4567
f 1421 1502 2397
f 9797 7900 11941
f 1422 2398 1503
f 9798 11942 7901
f 4503 2385 9785
f 8282 580 8628
f 4504 9786 2386
f 8283 8629 581
f 4175 2401 4900
f 4909 6755 1908
f 4176 4901 2402
f 4910 1909 6756
f 1186 2403 7320
f 2525 930 10286
f 1187 7321 2404
f 2526 10287 931
f 3433 2668 5677
f 10464 9647 12295
f 3434 5678 2669
f 10465 12296 9648
f 10094 2407 10960
f 4337 8968 3007
f 10095 10961 2408
f 4338 3008 8969
f 5707 10542 5689
f 441 9673 3826
f 5708 5690 10543
f 442 3827 9674
f 9551 6883 5240
f 7685 5129 4291
f 9552 5241 6884
f 7686 4292 5130
f 1924 7974 2413
f 2955 5940 4915
f 1925 2414 7974
f 2956 4916 5941
f 2415 3773 61
f 3873 10448 2863
f 2416 62 3774
f 3874 2864 10449
f 7963 2417 11187
f 6631 2819 7380
f 7964 11188 2418
f 6632 7381 2820
f 2419 10426 1801
f 4055 2419 3692
f 2420 1802 10427
f 4056 3693 2420
f 8895 1038 2421
f 1941 8978 8412
f 8896 2422 1039
f 1942 8413 8979
f 4234 2319 1150
f 8968 7359 11999
f 4235 1151 2320
f 8969 12000 7360
f 5471 3536 4943
f 1694 4931 8681
f 5472 4944 3537
f 1695 8682 4932
f 2427 7609 5186
f 715 11518 1531
f 2428 5187 7610
f 716 1532 11519
f 2429 1214 3958
f 6070 5156 6719
f 2430 3959 1215
f 6071 6720 5157
f 3851 564 4577
f 6881 11446 10884
f 3852 4578 565
f 6882 10885 11447
f 11019 393 5998
f 8816 5577 9188
f 11020 5999 394
f 8817 9189 5578
f 1220 1238 10382
f 10382 1876 1220
f 1221 10383 1239
f 10383 1221 1877
f 564 11666 2437
f 8302 2050 4554
f 565 2438 11667
f 8303 4555 2051
f 9178 7750 672
f 11563 4613 7750
f 9179 673 7751
f 11564 7751 4614
f 2299 5834 942
f 942 5834 2024
f 2300 943 5835
f 943 2025 5835
f 4419 8120 2443
f 6416 9777 10587
f 4420 2444 8121
f 6417 10588 9778
f 10842 4638 2445
f 8754 510 5963
f 10843 2446 4639
f 8755 5964 511
f 680 841 2447
f 5065 7446 3751
f 681 2448 842
f 5066 3752 7447
f 11789 1218 5276
f 2759 1218 7979
f 11790 5277 1219
f 2760 7980 1219
f 9406 2451 1902
f 5661 8416 7514
f 9407 1903 2452
f 5662 7515 8417
f 2453 11359 5447
f 8 12311 7922
f 2454 5448 11360
f 9 7923 12312
f 8719 11215 2455
f 7274 10669 10850
f 8720 2456 11216
f 7275 10851 10670
f 11801 431 10844
f 7452 5004 2429
f 11802 10845 432
f 7453 2430 5005
f 8608 2459 10774
f 10370 8240 890
f 8609 10775 2460
f 10371 891 8241
f 2461 649 7090
f 11850 2461 7090
f 2462 7091 650
f 11851 7091 2462
f 10342 2447 841
f 11787 1190 8108
f 10343 842 2448
f 11788 8109 1191
f 7922 5447 6503
f 6903 3276 4983
f 7923 6504 5448
f 6904 4984 3277
f 721 3640 2467
f 8996 7801 4057
f 722 2468 3641
f 8997 4058 7802
f 6018 2469 1427
f 9621 6380 2943
f 6019 1428 2470
f 9622 2944 6381
f 2457 2700 2471
f 4987 5004 7452
f 2458 2472 2701
f 4988 7453 5005
f 1725 6511 10978
f 6973 6172 12303
f 1726 10979 6512
f 6974 12304 6173
f 6472 592 2078
f 10198 2467 7623
f 6473 2079 593
f 10199 7624 2468
f 12434 9066 9669
f 7015 10088 9619
f 12435 9670 9067
f 7016 9620 10089
f 8110 2479 6855
f 5170 3176 1638
f 8111 6856 2480
f 5171 1639 3177
f 336 2481 11609
f 6322 6110 11924
f 337 11610 2482
f 6323 11925 6111
f 2483 9124 5691
f 6358 1048 3865
f 2484 5692 9125
f 6359 3866 1049
f 2630 2485 11136
f 5824 48 481
f 2631 11137 2486
f 5825 482 49
f 11361 11140 7942
f 7942 10078 5695
f 11362 7943 11141
f 7943 5696 10079
f 3220 8731 11235
f 572 8731 12175
f 3221 11236 8732
f 573 12176 8732
f 2491 2985 6287
f 9273 1446 250
f 2492 6288 2986
f 9274 251 1447
f 2493 1967 3514
f 7029 7710 10462
f 2494 3515 1968
f 7030 10463 7711
f 1348 169 8565
f 3727 6440 10362
f 1349 8566 170
f 3728 10363 6441
f 1006 2497 2190
f 1006 1381 8254
f 1007 2191 2498
f 1007 8255 1382
f 4588 10256 8554
f 348 9098 4575
f 4589 8555 10257
f 349 4576 9099
f 11102 2501 2668
f 5830 5224 780
f 11103 2669 2502
f 5831 781 5225
f 7485 10100 1928
f 6600 7888 327
f 7486 1929 10101
f 6601 328 7889
f 4684 2505 4824
f 10566 7673 4690
f 4685 4825 2506
f 10567 4691 7674
f 2507 745 5330
f 8213 7940 8448
f 2508 5331 746
f 8214 8449 7941
f 7647 9633 1338
f 2698 7328 5061
f 7648 1339 9634
f 2699 5062 7329
f 2511 11118 11646
f 6320 7335 7805
f 2512 11647 11119
f 6321 7806 7336
f 9705 7023 4149
f 4301 2949 10756
f 9706 4150 7024
f 4302 10757 2950
f 2515 10524 1522
f 11472 7675 4153
f 2516 1523 10525
f 11473 4154 7676
f 3514 1162 7365
f 4481 7365 8770
f 3515 7366 1163
f 4482 8771 7366
f 10607 12376 2519
f 5944 4804 11937
f 2520 12377 10608
f 11936 4805 5944
f 11949 1435 2521
f 6713 6847 1752
f 11950 2522 1436
f 6714 1753 6848
f 7714 1576 2244
f 4375 11065 6158
f 7715 2245 1577
f 4376 6159 11066
f 171 1314 2525
f 2525 1314 6452
f 172 2526 1315
f 2526 6453 1315
f 10112 2527 8146
f 2527 1976 11213
f 10113 8147 2528
f 2528 11214 1977
f 2101 2529 6614
f 5353 2529 2101
f 2102 6615 2530
f 5354 2102 2530
f 2531 2521 1435
f 7595 7586 3435
f 2532 1436 2522
f 7596 3436 7587
f 6925 4677 197
f 6924 197 4676
f 7456 2534 1166
f 8434 4927 208
f 1167 2535 7457
f 8435 209 4928
f 5961 4830 6291
f 10758 10040 2006
f 5962 6292 4831
f 10759 2007 10041
f 473 10028 2538
f 6552 9505 3960
f 474 2539 10029
f 6553 3961 9506
f 1498 11866 8745
f 7850 6703 5595
f 1499 8746 11867
f 7851 5596 6704
f 11872 5515 2542
f 4117 67 4467
f 11873 2543 5516
f 4118 4468 68
f 804 8542 8530
f 8542 5457 1694
f 805 8531 8543
f 8543 1695 5458
f 1287 7376 555
f 12219 2650 3767
f 1288 556 7377
f 12220 3768 2651
f 455 12007 10498
f 5449 12007 455
f 456 10499 12008
f 5450 456 12008
f 12251 2550 395
f 7776 10780 3129
f 12252 396 2551
f 7777 3130 10781
f 1319 2561 10191
f 1318 10190 2560
f 11986 1073 8047
f 11985 8046 1073
f 1943 1312 2554
f 10729 6987 5519
f 1944 2555 1313
f 10730 5520 6988
f 2556 6006 3588
f 3682 498 7238
f 2557 3589 6007
f 3683 7239 499
f 2558 10641 1071
f 7361 1815 6625
f 2559 1072 10642
f 7362 6626 1816
f 2560 4802 11977
f 8943 6000 9102
f 2561 11978 4803
f 8943 9103 6001
f 1454 9287 6414
f 9287 10725 5776
f 1455 6415 9288
f 9288 5777 10726
f 12305 9040 4415
f 6114 3119 8915
f 12306 4416 9041
f 6115 8916 3120
f 7726 4742 6640
f 1415 9342 3688
f 7727 6641 4743
f 1416 3689 9343
f 2568 12078 870
f 2568 4903 12078
f 2569 871 12079
f 2569 12079 4904
f 4291 5129 4455
f 6572 9821 9727
f 4292 4456 5130
f 6573 9728 9822
f 3149 1395 6861
f 5075 9998 10603
f 3150 6862 1396
f 5076 10604 9999
f 9223 867 12243
f 7554 7450 12472
f 9224 12244 868
f 7555 12473 7451
f 2576 5955 1387
f 11731 3984 3342
f 2577 1388 5956
f 11732 3343 3985
f 1699 2814 4312
f 1698 4311 2813
f 5256 2579 423
f 5045 7762 1926
f 5257 424 2580
f 5046 1927 7763
f 6386 9370 1481
f 4361 5585 7438
f 6387 1482 9371
f 4362 7439 5586
f 2583 5981 551
f 8794 4441 8630
f 2584 552 5982
f 8795 8631 4442
f 5523 7400 7794
f 7400 5523 4539
f 5524 7795 7401
f 7401 4540 5524
f 6893 2587 4760
f 6267 7926 4760
f 6894 4761 2588
f 6268 4761 7927
f 10102 2589 10116
f 105 10947 493
f 10103 10117 2590
f 106 494 10948
f 2591 674 3698
f 1926 7762 5487
f 2592 3699 675
f 1927 5488 7763
f 7536 6285 12263
f 4611 7960 1548
f 7537 12264 6286
f 4612 1549 7960
f 11860 2971 12060
f 40 12283 6354
f 11861 12061 2972
f 41 6355 12284
f 2597 6219 930
f 2597 7639 9424
f 2598 931 6220
f 2598 9425 7640
f 11027 4951 10130
f 2979 1898 7993
f 11028 10131 4952
f 2980 7994 1899
f 2000 5840 9853
f 6529 7246 10060
f 2001 9854 5841
f 6530 10061 7247
f 6735 2603 252
f 252 3568 10898
f 6736 253 2604
f 253 10899 3569
f 7272 6080 8193
f 8193 1518 11025
f 7273 8194 6081
f 8194 11026 1519
f 5206 10354 2607
f 3966 7046 5127
f 5207 2608 10355
f 3967 5128 7047
f 2609 7834 3350
f 1920 7834 2609
f 2610 3351 7835
f 1921 2610 7835
f 1463 6481 4661
f 1462 4660 6480
f 1099 7792 2612
f 10639 7169 3431
f 1100 2613 7793
f 10640 3432 7170
f 11559 12275 7809
f 8424 11001 6104
f 11560 7810 12276
f 8425 6105 11002
f 2616 11163 3314
f 4323 660 9935
f 2617 3315 11164
f 4324 9936 661
f 604 8689 6310
f 6302 2618 2750
f 604 6311 8683
f 2750 2619 6302
f 7906 11757 10552
f 204 5542 3482
f 7907 10553 11758
f 205 3483 5543
f 6646 6314 517
f 5597 11306 2949
f 6647 518 6315
f 5598 2950 11307
f 2624 549 4018
f 4575 8624 751
f 2625 4019 550
f 4576 752 8625
f 1391 1196 2626
f 1196 5166 6188
f 1392 2627 1197
f 1197 6189 5167
f 12026 9380 3387
f 2449 5276 717
f 12027 3388 9381
f 2450 718 5277
f 3743 8300 7244
f 996 2485 7244
f 3744 7245 8301
f 997 7245 2486
f 11377 2240 8084
f 7854 9247 10052
f 11378 8085 2241
f 7855 10053 9248
f 7150 12132 5135
f 800 6969 3796
f 7151 5136 12133
f 801 3797 6970
f 9480 5495 2636
f 5838 984 6957
f 9481 2637 5496
f 5839 6958 985
f 7416 500 4870
f 2260 11005 7416
f 7417 4871 501
f 2261 7417 11006
f 6608 4548 839
f 7836 4562 11296
f 6609 840 4549
f 7837 11297 4563
f 8774 11717 5898
f 10924 10546 1146
f 8775 5899 11718
f 10925 1147 10547
f 2644 5264 1546
f 7803 1275 9713
f 2645 1547 5265
f 7804 9714 1276
f 9134 1630 2646
f 7120 12062 4179
f 9135 2647 1631
f 7121 4180 12063
f 9827 3258 2648
f 9827 2648 5252
f 9828 2649 3259
f 9828 5253 2649
f 8836 2650 2546
f 2546 2650 4686
f 8837 2547 2651
f 2547 4687 2651
f 1304 2383 2652
f 1304 2652 5608
f 1305 2653 2384
f 1305 5609 2653
f 4700 788 2654
f 11848 7384 3638
f 4701 2655 789
f 11849 3639 7385
f 2648 4754 2656
f 366 11191 8840
f 2649 2657 4755
f 367 8841 11192
f 2658 6594 2473
f 1054 2658 6809
f 2659 2474 6595
f 6810 2659 1055
f 3960 1670 9751
f 9539 9607 9751
f 3961 9752 1671
f 9540 9752 9608
f 34 2662 298
f 7708 4333 10733
f 35 299 2663
f 7709 10734 4334
f 2664 8628 7633
f 6139 2664 1132
f 2665 7634 8629
f 6140 1133 2665
f 2666 12072 6287
f 6287 9545 2666
f 2667 6288 12073
f 6288 2667 9546
f 1283 7655 6086
f 9647 7655 12295
f 1284 6087 7656
f 9648 12296 7656
f 7308 5419 6102
f 11346 5429 404
f 7309 6103 5420
f 11347 405 5430
f 84 1868 2672
f 1868 5992 7378
f 85 2673 1869
f 1869 7379 5993
f 890 8240 477
f 10589 4776 12416
f 891 478 8241
f 10590 12417 4777
f 10508 2399 3656
f 5375 4503 2399
f 10509 3657 2400
f 5376 2400 4504
f 7232 8064 10786
f 10943 8064 810
f 7233 10787 8065
f 10944 811 8065
f 4228 9277 2799
f 1413 11504 9277
f 4229 2800 9278
f 1414 9278 11505
f 11524 3546 2682
f 7318 5419 7308
f 11525 2683 3547
f 7319 7309 5420
f 1866 2684 10012
f 986 2684 5536
f 1867 10013 2685
f 987 5537 2685
f 3786 7677 8808
f 7677 8798 8808
f 3787 8809 7678
f 7678 8809 8799
f 2688 6541 12136
f 4896 5176 8357
f 2689 12137 6542
f 4897 8358 5177
f 4514 2315 2690
f 7734 9384 5971
f 4515 2691 2316
f 7735 5972 9385
f 3664 1704 2692
f 8254 6082 9096
f 3665 2693 1705
f 8255 9097 6083
f 2694 2204 1207
f 8492 9190 1652
f 2695 1208 2205
f 8493 1653 9191
f 5282 4923 602
f 1312 11832 6002
f 5283 603 4924
f 1313 6003 11833
f 7732 11015 407
f 7732 407 6162
f 7733 408 11016
f 7733 6163 408
f 4419 6889 11820
f 8662 6560 1350
f 4420 11821 6890
f 8663 1351 6561
f 191 11847 2702
f 8944 3038 5034
f 2703 3037 8945
f 4902 11846 192
f 12012 5630 2704
f 8128 3085 6851
f 12013 2705 5631
f 8129 6852 3086
f 11627 888 7740
f 309 3913 7716
f 11628 7741 889
f 310 7717 3914
f 5589 2708 6303
f 6303 2708 853
f 5590 6304 2709
f 6304 854 2709
f 7673 6466 4690
f 193 1130 7690
f 7674 4691 6467
f 194 7691 1131
f 4914 10634 2712
f 4902 4914 8688
f 2713 10633 4913
f 8689 4913 2702
f 2714 4702 7300
f 5385 4391 1748
f 2715 7301 4703
f 5386 1749 4392
f 9194 2716 6505
f 11660 1030 3956
f 9195 6506 2717
f 11661 3957 1031
f 2337 6739 2718
f 2337 2718 6853
f 2338 2719 6740
f 2338 6854 2719
f 2720 8152 4762
f 3410 11912 1566
f 2721 4763 8153
f 3410 1567 11913
f 3544 10074 10066
f 11832 5282 6002
f 3545 10067 10075
f 11833 6003 5283
f 2724 11930 6997
f 9627 5774 1998
f 2725 6998 11931
f 9628 1999 5775
f 5481 2726 8136
f 8136 8144 11699
f 5482 8137 2727
f 8137 11700 8145
f 6885 181 7021
f 181 5616 11271
f 6886 7022 182
f 182 11272 5617
f 9659 794 2730
f 3512 4244 5538
f 9660 2731 795
f 3513 5539 4245
f 8966 2732 1360
f 4499 9775 5071
f 8967 1361 2733
f 4500 5072 9776
f 11116 4949 1058
f 2083 11116 1058
f 11117 1059 4950
f 2084 1059 11117
f 6723 9911 3688
f 7502 12478 8614
f 6724 3689 9912
f 7503 8615 12479
f 2738 3994 6166
f 10510 3840 127
f 2739 6167 3995
f 10511 128 3841
f 7436 2740 10310
f 7460 2740 3282
f 7437 10311 2741
f 7461 3283 2741
f 6020 5326 10868
f 8939 9831 11834
f 6021 10869 5327
f 8940 11835 9832
f 2744 5493 7728
f 1379 12255 8018
f 2745 7729 5494
f 1380 8019 12256
f 8028 702 5268
f 6198 4293 8028
f 8029 5269 703
f 6199 8029 4294
f 7910 10661 340
f 6901 3391 7910
f 7911 341 10662
f 6902 7911 3392
f 7531 10331 652
f 651 10330 7530
f 2761 10516 2751
f 8856 2032 605
f 2762 2752 10517
f 8857 606 2033
f 3546 7318 7308
f 2660 5949 222
f 3547 7309 7319
f 2661 223 5950
f 6924 962 2755
f 4624 12380 6660
f 6925 2756 963
f 4625 6661 12381
f 2285 2757 9344
f 8554 10256 2757
f 2286 9345 2758
f 8555 2758 10257
f 5505 2759 7979
f 7064 5320 1827
f 5506 7980 2760
f 7065 1828 5321
f 8856 6525 2761
f 7997 5346 6525
f 8857 2762 6526
f 7998 6526 5347
f 8160 2763 6308
f 834 6664 11336
f 8160 6309 2764
f 834 11337 6665
f 7134 5270 2765
f 2765 3344 1809
f 7135 2766 5271
f 2766 1810 3345
f 210 8175 2767
f 7987 3761 8816
f 210 2768 8176
f 7988 8817 3762
f 7756 2769 1684
f 4886 8436 7940
f 7757 1685 2770
f 4887 7941 8437
f 5051 7878 1844
f 11161 496 6402
f 5052 1845 7879
f 11162 6403 497
f 5842 1727 9559
f 5842 8812 1727
f 5843 9560 1728
f 5843 1728 8813
f 4598 2775 1046
f 4067 6261 4299
f 4599 1047 2776
f 4068 4300 6262
f 5902 2777 11886
f 338 7599 12470
f 5903 11887 2778
f 339 12471 7600
f 8195 1785 2779
f 2779 435 8195
f 8196 2780 1786
f 2780 8196 436
f 2781 133 5107
f 7671 12382 7548
f 2782 5108 134
f 7672 7549 12383
f 10858 10900 10504
f 298 10900 34
f 10859 10505 10901
f 299 35 10901
f 10834 1535 2785
f 1535 1887 7934
f 10835 2786 1536
f 1536 7935 1888
f 9116 7896 11340
f 10949 2064 9106
f 9117 11341 7897
f 10950 9107 2065
f 5850 2789 459
f 5326 9609 10322
f 5851 460 2790
f 5327 10323 9610
f 12382 1178 7548
f 4806 5878 636
f 12383 7549 1179
f 4807 637 5879
f 11199 4240 7072
f 7374 2959 1716
f 11200 7073 4241
f 7375 1717 2960
f 6535 385 10064
f 682 9851 6535
f 6536 10065 386
f 683 6536 9852
f 551 2797 1222
f 9289 9767 5035
f 552 1223 2798
f 9290 5036 9768
f 738 4228 2799
f 738 11296 7199
f 739 2800 4229
f 739 7200 11297
f 5870 2801 1395
f 7357 9038 6562
f 5871 1396 2802
f 7358 6563 9039
f 6124 10344 1238
f 10344 2089 1238
f 6125 1239 10345
f 10345 1239 2090
f 2805 2750 2618
f 2750 2805 42
f 2619 2750 2806
f 42 2806 2750
f 5383 1878 2807
f 7544 7799 11749
f 5384 2808 1879
f 7545 11750 7800
f 2809 1533 6080
f 8438 1176 11987
f 2810 6081 1534
f 8439 11988 1177
f 3576 2811 6305
f 1610 8923 10581
f 3577 6306 2812
f 1611 10582 8924
f 2773 2813 6068
f 885 2578 9657
f 2774 6069 2814
f 885 9658 2578
f 798 5415 9893
f 798 8534 5415
f 799 9894 5416
f 799 5416 8535
f 12205 5657 6829
f 8575 6829 1889
f 12206 6830 5658
f 8576 1890 6830
f 2819 7637 7380
f 7599 1008 12470
f 2820 7381 7638
f 7600 12471 1009
f 6905 2787 6749
f 9180 10476 2495
f 6906 6750 2788
f 9181 2496 10477
f 11153 10350 8897
f 1878 12032 2807
f 11154 8898 10351
f 1879 2808 12033
f 6765 2825 10776
f 12088 6773 502
f 6766 10777 2826
f 12089 503 6774
f 10276 1241 1634
f 3406 8480 10276
f 10277 1635 1242
f 3407 10277 8481
f 6965 1273 2829
f 2829 5491 7552
f 6966 2830 1274
f 2830 7553 5492
f 1240 771 8550
f 1240 8550 6131
f 1240 8551 771
f 1240 6132 8551
f 7187 12516 10270
f 12516 12504 359
f 7188 10271 12517
f 12517 360 12505
f 9030 6014 10134
f 2254 402 9044
f 9031 10135 6015
f 2255 9045 403
f 5081 2837 5713
f 5306 10962 55
f 5082 5714 2838
f 5307 56 10963
f 11241 11715 9787
f 6773 6765 9787
f 11242 9788 11716
f 6774 9788 6766
f 5579 4403 7894
f 1134 4501 859
f 5580 7895 4404
f 1135 860 4502
f 11882 11785 8428
f 11882 3845 11785
f 11883 8429 11786
f 11883 11786 3846
f 1170 10254 11354
f 5389 11575 10266
f 1171 11355 10255
f 5390 10267 11576
f 5210 8972 2847
f 11045 3733 8530
f 5211 2848 8973
f 11046 8531 3734
f 3220 11235 2849
f 7886 670 10721
f 3221 2850 11236
f 7887 10722 671
f 5669 4256 7813
f 964 5669 7813
f 5670 7814 4257
f 965 7814 5670
f 706 9436 2853
f 9791 129 4744
f 707 2854 9437
f 9792 4745 130
f 496 2855 978
f 7520 6277 11882
f 497 979 2856
f 7521 11883 6278
f 10234 2857 8060
f 1448 11585 9972
f 10235 8061 2858
f 1449 9973 11586
f 1006 8984 6949
f 158 5788 1052
f 1007 6950 8985
f 159 1053 5789
f 3360 2861 1608
f 12169 6623 9328
f 1609 2862 3361
f 9329 6624 12170
f 8070 2863 10448
f 1389 9388 8056
f 8071 10449 2864
f 1390 8057 9389
f 2865 4129 7378
f 2865 189 956
f 2866 7379 4130
f 2866 957 190
f 2867 3857 879
f 10246 11512 6843
f 2868 880 3858
f 10247 6844 11513
f 8359 2869 11415
f 8359 1264 6257
f 8360 11416 2870
f 8360 6258 1265
f 2871 3031 2128
f 6182 7615 4489
f 2872 2129 3032
f 6183 4490 7616
f 10858 10504 8116
f 4435 826 4858
f 10859 8117 10505
f 4436 4859 827
f 10711 7355 2875
f 6995 2250 9360
f 10712 2876 7356
f 6996 9361 2251
f 11945 189 6145
f 9416 7738 6145
f 11946 6146 190
f 9417 6146 7739
f 8286 2879 1093
f 8286 3306 8296
f 8287 1094 2880
f 8287 8297 3307
f 8284 4435 11908
f 12229 11908 7185
f 8285 11909 4436
f 12230 7186 11909
f 10187 4346 7160
f 10186 7159 4345
f 9308 7866 2884
f 2884 7938 9308
f 9309 2885 7867
f 2885 9309 7939
f 10836 4461 2886
f 9018 3909 8692
f 10837 2887 4462
f 9019 8693 3910
f 9172 6807 317
f 9172 317 10422
f 9173 318 6808
f 9173 10423 318
f 1811 1825 2890
f 1811 2890 5198
f 1812 2891 1826
f 1812 5199 2891
f 950 2892 3039
f 7667 5272 12484
f 951 3040 2893
f 7668 12485 5273
f 10402 2014 8583
f 2906 630 2014
f 10403 8584 2015
f 2907 2015 631
f 10844 431 4049
f 1375 3604 8312
f 10845 4050 432
f 1376 8313 3605
f 317 6807 2898
f 2898 6795 1289
f 318 2899 6808
f 2899 1290 6796
f 5131 2900 5571
f 9466 5634 5559
f 5132 5572 2901
f 9467 5560 5635
f 4117 8134 7591
f 7591 8122 4262
f 4118 7592 8135
f 7592 4263 8123
f 2904 1336 11138
f 2892 6178 5942
f 2905 11139 1337
f 2893 5943 6179
f 7681 8780 2894
f 10402 11856 2014
f 7682 2895 8781
f 10403 2015 11857
f 2908 1289 1660
f 4417 1289 5236
f 2909 1661 1290
f 4418 5237 1290
f 6383 11315 6373
f 6382 6372 11314
f 4167 1062 7222
f 6947 11071 8758
f 4168 7223 1063
f 6948 8759 11072
f 4604 11482 894
f 10510 7649 6135
f 4605 895 11483
f 10511 6136 7650
f 4331 2220 11223
f 2220 4832 6707
f 4332 11224 2221
f 2221 6708 4833
f 982 8866 2917
f 9184 8866 6412
f 983 2918 8867
f 9185 6413 8867
f 12179 10995 4886
f 447 4179 6590
f 12180 4887 10996
f 448 6591 4180
f 2756 6925 7198
f 2755 7197 6924
f 1876 2922 7730
f 8889 7508 8096
f 1877 7731 2923
f 8890 8097 7509
f 6215 8450 5953
f 5953 8450 5725
f 6216 5954 8451
f 5954 5726 8451
f 2926 202 9583
f 5142 632 7422
f 2927 9584 203
f 5143 7423 633
f 8618 8606 10244
f 4101 952 161
f 8619 10245 8607
f 4102 162 953
f 2930 491 8954
f 2620 10022 6610
f 2931 8955 492
f 2621 6611 10023
f 9929 4363 2932
f 1842 2932 2941
f 9930 2933 4364
f 1843 2942 2933
f 7324 9833 7038
f 98 9833 7324
f 7325 7039 9834
f 99 7325 9834
f 6943 2936 11803
f 5260 8674 5266
f 6944 11804 2937
f 5261 5267 8675
f 5497 7918 12183
f 3230 5497 12183
f 5498 12184 7919
f 3231 12184 5498
f 10015 6157 5223
f 10014 5222 6157
f 2941 2932 5057
f 6513 9442 1902
f 2942 5058 2933
f 6514 1903 9443
f 9621 2943 6352
f 6352 2943 5741
f 9622 6353 2944
f 6353 5742 2944
f 2851 6907 2945
f 6922 576 10236
f 2852 2946 6908
f 6923 10237 577
f 4036 1180 2947
f 2947 1180 5363
f 4037 2948 1181
f 2948 5364 1181
f 553 4016 2513
f 4016 5089 2513
f 554 2514 4017
f 4017 2514 5090
f 8636 763 10106
f 9601 3980 3648
f 8637 10107 764
f 9602 3649 3981
f 8106 9382 2085
f 6299 2085 9382
f 8107 2086 9383
f 6300 9383 2086
f 4915 4218 2955
f 12009 7968 4602
f 4916 2956 4219
f 12010 4603 7969
f 321 9320 3676
f 321 1780 9320
f 322 3677 9321
f 322 9321 1781
f 8088 2959 7374
f 11593 1550 4789
f 8089 7375 2960
f 11594 4790 1551
f 10296 8336 2961
f 1787 2961 1774
f 10297 2962 8337
f 1788 1775 2962
f 11211 8410 2963
f 9715 4445 8034
f 11212 2964 8411
f 9716 8035 4446
f 10348 2965 2093
f 7420 2965 274
f 10349 2094 2966
f 7421 275 2966
f 2967 5417 2387
f 288 8024 7104
f 2968 2388 5418
f 289 7105 8025
f 10882 9022 1405
f 4602 7968 5681
f 10883 1406 9023
f 4603 5682 7969
f 311 8258 11860
f 6562 11595 4682
f 312 11861 8259
f 6563 4683 11596
f 2973 6971 6237
f 8567 2285 9344
f 2974 6238 6972
f 8568 9345 2286
f 2975 1334 1067
f 9507 1588 6580
f 2976 1068 1335
f 9508 6581 1589
f 5445 4868 2977
f 7424 11400 656
f 5446 2978 4869
f 7425 657 11401
f 5417 2967 8460
f 8460 7993 10760
f 5418 8461 2968
f 8461 10761 7994
f 9765 634 2981
f 9060 11818 6095
f 9766 2982 635
f 9061 6096 11819
f 12400 6640 9839
f 357 6456 1870
f 12401 9840 6641
f 358 1871 6457
f 2491 250 2985
f 250 10366 9545
f 2492 2986 251
f 251 9546 10367
f 11888 2987 2953
f 6546 2987 875
f 11889 2954 2988
f 6547 876 2988
f 8310 11421 2989
f 17 11926 11387
f 8311 2990 11422
f 18 11388 11927
f 2991 11737 7981
f 4760 7926 3708
f 2992 7982 11738
f 4761 3709 7927
f 1690 5959 2993
f 429 4047 2993
f 2994 5960 1691
f 430 2994 4048
f 4907 2995 10114
f 6841 515 8729
f 4908 10115 2996
f 6842 8730 516
f 3640 721 10655
f 10116 12237 10102
f 3641 10656 722
f 10117 10103 12238
f 215 6771 10659
f 4429 11480 8587
f 216 10660 6772
f 4430 8588 11481
f 11514 9158 2981
f 7163 9217 11009
f 11515 2982 9159
f 7164 11010 9218
f 3574 3003 309
f 3003 3913 309
f 3575 310 3004
f 3004 310 3914
f 7052 5729 3005
f 8770 1330 6050
f 7053 3006 5730
f 8771 6051 1331
f 7276 4337 3007
f 1150 11999 4234
f 7277 3008 4338
f 1151 4235 12000
f 1896 3009 10530
f 3009 1896 12177
f 1897 10531 3010
f 3010 12178 1897
f 2993 6621 3011
f 3011 598 3694
f 3012 6622 2994
f 3012 3695 599
f 9202 9587 2317
f 7578 9034 6662
f 9203 2318 9588
f 7579 6663 9035
f 10328 7432 8994
f 1344 8654 1606
f 10329 8995 7433
f 1345 1607 8655
f 3838 11795 2601
f 9956 6769 9579
f 3839 2602 11796
f 9957 9580 6770
f 3019 11947 8092
f 3019 8092 5244
f 3020 8093 11948
f 3020 5245 8093
f 6052 11751 5906
f 1002 8363 1622
f 6053 5907 11752
f 1003 1623 8364
f 3942 3023 3123
f 1085 260 6408
f 3943 3124 3024
f 1086 6409 261
f 346 3025 6961
f 6961 5788 158
f 347 6962 3026
f 6962 159 5789
f 9681 8962 6170
f 8094 10252 3035
f 9682 6171 8963
f 8095 3036 10253
f 3594 3029 6678
f 10484 6773 12088
f 3595 6679 3030
f 10485 12089 6774
f 6182 8664 7615
f 849 6408 5583
f 6183 7616 8665
f 850 5584 6409
f 3033 8328 3180
f 2036 3033 4776
f 3034 3181 8329
f 2037 4777 3034
f 3027 8094 3035
f 5200 6873 11635
f 3028 3036 8095
f 5201 11636 6874
f 10209 6744 1143
f 1084 10209 1143
f 10208 1142 6743
f 1142 10208 1083
f 2103 10148 1487
f 8040 4848 9283
f 2104 1488 10149
f 8041 9284 4849
f 5882 6803 7842
f 5882 12080 3502
f 5883 7843 6804
f 5883 3503 12081
f 2113 12114 10717
f 4756 7207 10717
f 2114 10718 12115
f 4757 10718 7208
f 2329 4385 3045
f 11025 5511 11898
f 2330 3046 4386
f 11026 11899 5512
f 11057 3047 2696
f 5864 6326 57
f 11058 2697 3048
f 5865 58 6327
f 12122 9958 9923
f 131 6637 3725
f 12123 9924 9959
f 132 3726 6638
f 8727 6211 1654
f 5425 5012 4246
f 8728 1655 6212
f 5426 4247 5013
f 242 5930 3053
f 242 3053 2146
f 243 3054 5931
f 243 2147 3054
f 3824 3055 5932
f 6456 9000 8404
f 3825 5933 3056
f 6457 8405 9001
f 1596 5814 3057
f 9338 10856 11294
f 1597 3058 5815
f 9339 11295 10857
f 9986 4485 10384
f 3395 2365 11367
f 9987 10385 4486
f 3396 11368 2366
f 11310 52 1766
f 7580 11300 6979
f 11311 1767 53
f 7581 6980 11301
f 3063 3005 1963
f 7052 3005 3063
f 3064 1964 3006
f 7053 3064 3006
f 3055 3065 248
f 11965 8230 5513
f 3056 249 3066
f 11966 5514 8231
f 5920 1115 103
f 9186 3053 5930
f 5921 104 1116
f 9187 5931 3054
f 3498 11484 3069
f 8054 8308 3059
f 3499 3070 11485
f 8055 3060 8309
f 5555 3071 7518
f 753 3408 4941
f 5556 7519 3072
f 754 4942 3409
f 10502 10492 4493
f 4481 11922 1174
f 10503 4494 10493
f 4482 1175 11923
f 694 6494 1417
f 5455 549 8098
f 695 1418 6495
f 5456 8099 550
f 5951 7481 9340
f 9448 2064 11302
f 5952 9341 7482
f 9449 11303 2065
f 3079 176 9931
f 6687 3079 9931
f 3080 9932 177
f 6688 9932 3080
f 8156 3081 10394
f 3840 6166 8156
f 8157 10395 3082
f 3841 8157 6167
f 3093 10748 3083
f 90 6849 2339
f 3094 3084 10749
f 91 2340 6850
f 10645 3085 8128
f 1203 2405 10464
f 10646 8129 3086
f 1204 10465 2406
f 1417 10892 694
f 6438 4216 4006
f 1418 695 10893
f 6439 4007 4217
f 3089 11273 156
f 9799 7390 7824
f 3090 157 11274
f 9800 7825 7391
f 3875 5551 1431
f 1431 10314 3288
f 3876 1432 5552
f 1432 3289 10315
f 90 3093 6849
f 90 1723 3093
f 91 6850 3094
f 91 3094 1724
f 7657 6801 5990
f 10633 5990 4913
f 5991 6802 7658
f 4914 5991 10634
f 11298 3097 7066
f 1293 832 8290
f 11299 7067 3098
f 1294 8291 833
f 3099 3939 11132
f 10794 6190 547
f 3100 11133 3940
f 10795 548 6191
f 3530 11203 3101
f 8780 3101 5230
f 3531 3102 11204
f 8781 5231 3102
f 3103 11575 5389
f 12459 4090 9358
f 3104 5390 11576
f 12460 9359 4091
f 8005 5292 3105
f 7558 1367 5200
f 8006 3106 5293
f 7559 5201 1368
f 3779 3107 10408
f 8628 2664 8282
f 3779 10409 3108
f 8629 8283 2665
f 9400 6918 1833
f 9400 6458 3729
f 9401 1834 6919
f 9401 3730 6459
f 12030 7593 3111
f 7593 274 10334
f 12031 3112 7594
f 7594 10335 275
f 3113 4594 6717
f 5246 8571 3113
f 3114 6718 4595
f 5247 3114 8572
f 3115 12333 7566
f 10520 11699 8144
f 3116 7567 12334
f 10521 8145 11700
f 6241 6715 3117
f 4955 1413 9277
f 6242 3118 6716
f 4956 9278 1414
f 3119 10854 6368
f 11914 8468 8526
f 3120 6369 10855
f 11915 8527 8469
f 2148 3121 9092
f 7528 75 7512
f 2149 9093 3122
f 7529 7513 75
f 10294 6670 4778
f 6945 5900 2271
f 10295 4779 6671
f 6946 2272 5901
f 11993 3125 9130
f 10908 12396 3125
f 11994 9131 3126
f 10909 3126 12397
f 3127 10306 5246
f 6717 5246 3113
f 3128 5247 10307
f 6718 3114 5247
f 7776 3129 7764
f 10268 4596 3358
f 7777 7765 3130
f 10269 3359 4597
f 3131 9058 353
f 2327 611 3131
f 3132 354 9059
f 2328 3132 612
f 7254 7904 3518
f 7904 3763 907
f 7255 3519 7905
f 7905 908 3764
f 3135 8016 845
f 8786 10034 5413
f 3136 846 8017
f 8787 5414 10035
f 5000 1026 3137
f 9026 2307 6028
f 5001 3138 1027
f 9027 6029 2308
f 6079 1025 6132
f 6078 6131 1024
f 3140 11029 1375
f 2132 3140 8772
f 3141 1376 11030
f 2133 8773 3141
f 1632 6863 364
f 1632 6625 4206
f 1633 365 6864
f 1633 4207 6626
f 7645 2409 3144
f 3358 4596 8228
f 7646 3145 2410
f 3359 8229 4597
f 1066 4106 3146
f 1066 3146 4105
f 7487 3 6078
f 3139 8958 3107
f 7487 6079 3
f 3139 3108 8959
f 11466 948 6933
f 4475 6933 2572
f 11467 6934 949
f 4476 2573 6934
f 38 1507 6423
f 38 6422 1506
f 10974 10984 7724
f 6606 928 5862
f 10975 7725 10985
f 6607 5863 929
f 6680 7 3154
f 7 10006 3154
f 6680 3155 7
f 7 3155 10007
f 1817 3156 11516
f 3156 7641 437
f 1818 11517 3157
f 3157 438 7642
f 9695 3158 8842
f 8842 3158 4566
f 9696 8843 3159
f 8843 4567 3159
f 7013 7544 3160
f 11136 5824 7013
f 7014 3161 7545
f 11137 7014 5825
f 10086 2122 692
f 6038 9990 10086
f 10087 693 2123
f 6039 10087 9991
f 1010 1854 3164
f 11601 5425 4246
f 1011 3165 1855
f 11602 4247 5426
f 7974 2414 3166
f 7974 3166 2413
f 3167 7157 5975
f 2591 11611 674
f 3168 5976 7158
f 2592 675 11612
f 12420 3169 5922
f 6233 623 4704
f 12421 5923 3170
f 6234 4705 624
f 3171 7338 557
f 3171 557 7337
f 1506 11021 11093
f 6227 5242 4981
f 1507 11093 11022
f 6228 4982 5243
f 10466 12412 3174
f 3174 1117 10262
f 10467 3175 12413
f 3175 10263 1118
f 4415 5534 3176
f 7094 400 11318
f 4416 3177 5535
f 7095 11319 401
f 7932 8171 6819
f 7932 7813 8171
f 7933 6820 8172
f 7933 8172 7814
f 3180 4333 7708
f 6737 2048 4357
f 3181 7709 4334
f 6738 4358 2049
f 3182 7322 10480
f 6753 1371 366
f 3183 10481 7323
f 6754 367 1372
f 3184 46 1036
f 8468 11862 8526
f 3185 1037 47
f 8469 8527 11863
f 10404 3606 12438
f 6406 6396 8858
f 10405 12439 3607
f 6407 8859 6397
f 10560 8988 9861
f 9861 9080 1439
f 10561 9862 8989
f 9862 1440 9081
f 3190 1906 4846
f 6492 1906 5515
f 3191 4847 1907
f 6493 5516 1907
f 1270 3192 8316
f 9454 7068 4459
f 1271 8317 3193
f 9455 4460 7069
f 11969 3194 8464
f 4959 7011 3206
f 11970 8465 3195
f 4960 3207 7012
f 7062 4993 6074
f 9058 7074 353
f 7063 6075 4994
f 9059 354 7075
f 704 3198 1216
f 3198 11918 5298
f 705 1217 3199
f 3199 5299 11919
f 3200 10372 5103
f 5536 4423 10372
f 3201 5104 10373
f 5537 10373 4424
f 3302 3202 11352
f 1433 3202 9402
f 3303 11353 3203
f 1434 9403 3203
f 5332 7205 3204
f 6877 7832 3204
f 5333 3205 7206
f 6878 3205 7833
f 7011 537 3206
f 3206 537 8486
f 7012 3207 538
f 3207 8487 538
f 704 1216 3208
f 12020 8346 670
f 705 3209 1217
f 12021 671 8347
f 3210 8357 2688
f 10232 708 12136
f 3211 2689 8358
f 10233 12137 709
f 7720 3212 9573
f 6985 3927 1600
f 7721 9574 3213
f 6986 1601 3928
f 4642 1032 7372
f 7446 282 3751
f 4643 7373 1033
f 7447 3752 283
f 4155 2052 3216
f 3988 5846 7454
f 4156 3217 2053
f 3989 7455 5847
f 9299 5141 3218
f 3218 8422 688
f 9299 3219 5141
f 3219 689 8423
f 572 12175 1648
f 10536 8252 10548
f 573 1649 12176
f 10537 10549 8253
f 690 3222 10562
f 690 857 3222
f 691 10563 3223
f 691 3223 858
f 8895 9585 1038
f 6358 5691 9585
f 8896 1039 9586
f 6359 9586 5692
f 2734 11478 6430
f 6656 282 10356
f 2735 6431 11479
f 6657 10357 283
f 12225 10196 3228
f 3228 12217 12225
f 12226 3229 10197
f 3229 12226 12218
f 512 2938 5729
f 512 5729 7052
f 513 5730 2939
f 513 7053 5730
f 3232 10703 11379
f 10663 6793 10546
f 3233 11380 10704
f 10664 10547 6794
f 3234 1266 10818
f 10536 10548 5614
f 3235 10819 1267
f 10537 5615 10549
f 3236 327 7888
f 12048 7944 9645
f 3237 7889 328
f 12049 9646 7945
f 9685 10324 3248
f 4842 1160 9685
f 9686 3249 10325
f 4843 9686 1161
f 2293 8737 4628
f 1172 8737 2293
f 2294 4629 8738
f 1173 2294 8738
f 3242 2477 9066
f 3242 231 2477
f 3243 9067 2478
f 3243 2478 232
f 6564 4971 5818
f 11138 1336 8068
f 6565 5819 4972
f 11139 8069 1337
f 7958 1807 3246
f 9667 2275 12153
f 7959 3247 1808
f 9668 12154 2276
f 5294 8452 6775
f 2373 237 4692
f 5295 6776 8453
f 2374 4693 238
f 10852 4315 3250
f 1214 3250 3958
f 10853 3251 4316
f 1215 3959 3251
f 7742 5099 3252
f 4545 6823 10286
f 7743 3253 5100
f 4546 10287 6824
f 4105 1071 3254
f 9721 2202 9707
f 4106 3255 1072
f 9722 9708 2203
f 7522 12005 3133
f 9873 9613 6484
f 7523 3134 12006
f 9874 6485 9614
f 3258 8080 9084
f 5373 8782 678
f 3259 9085 8081
f 5374 679 8783
f 12327 6042 3986
f 1721 8086 6517
f 12328 3987 6043
f 1722 6518 8087
f 2574 3262 12092
f 12092 12243 9595
f 2575 12093 3263
f 12093 9596 12244
f 8911 2548 1959
f 5049 11559 6022
f 8912 1960 2549
f 5050 6023 11560
f 1955 3266 6474
f 578 4592 6496
f 1956 6475 3267
f 579 6497 4593
f 4203 8706 12116
f 1495 10874 6464
f 4203 12117 8706
f 1495 6465 10875
f 8796 1602 11814
f 8883 1602 8872
f 8797 11815 1603
f 8884 8873 1603
f 10613 3272 658
f 332 7430 6705
f 10614 659 3273
f 333 6706 7431
f 5926 1590 2248
f 7230 8844 10629
f 5927 2249 1591
f 7231 10630 8845
f 6503 9769 3276
f 9877 2465 734
f 6504 3277 9770
f 9878 735 2466
f 5727 254 3278
f 8848 3264 7203
f 5728 3279 255
f 8849 7204 3265
f 7556 5767 3228
f 5780 10172 506
f 7557 3229 5768
f 5781 507 10173
f 2740 7436 3282
f 5546 8336 374
f 2741 3283 7437
f 5547 375 8337
f 1502 3284 9779
f 8751 2180 4371
f 1503 9780 3285
f 8752 4372 2181
f 5639 11233 2062
f 11983 11233 3298
f 5640 2063 11234
f 11984 3299 11234
f 10314 4189 3288
f 3288 736 8593
f 10315 3289 4190
f 3289 8594 737
f 3290 10570 543
f 10410 7122 2155
f 3291 544 10571
f 10411 2156 7123
f 3292 3310 9002
f 5113 8140 10212
f 3293 9003 3311
f 5114 10213 8141
f 8442 4101 161
f 9086 4822 8442
f 8443 162 4102
f 9087 8443 4823
f 1957 12277 3296
f 5133 1957 9225
f 1958 3297 12278
f 5134 9226 1958
f 6155 11243 3286
f 6155 917 11243
f 6156 3287 11244
f 6156 11244 918
f 2805 3300 42
f 5401 11571 6092
f 42 3301 2806
f 6092 11572 5402
f 3302 4664 3202
f 5113 96 8140
f 3303 3203 4665
f 5114 8141 97
f 6941 3304 1354
f 3286 11830 6155
f 6942 1355 3305
f 3287 6156 11831
f 7898 8082 10635
f 7884 4824 9306
f 7899 10636 8083
f 7885 9307 4825
f 3308 7712 5206
f 10691 2345 413
f 3309 5207 7713
f 10692 414 2346
f 4469 3310 3292
f 5367 2309 9669
f 4470 3293 3311
f 5368 9670 2310
f 7394 5731 2038
f 6269 3101 9300
f 7395 2039 5732
f 6270 9301 3102
f 2178 2616 3314
f 7975 2178 7056
f 2179 3315 2617
f 7976 7057 2179
f 3316 8686 682
f 6122 8114 121
f 3317 683 8687
f 6123 122 8115
f 10872 3318 875
f 3318 10872 5567
f 10873 876 3319
f 3319 5568 10873
f 7542 4983 11920
f 1568 8735 8745
f 7543 11921 4984
f 1569 8746 8736
f 4431 3322 9100
f 10846 1872 3322
f 4432 9101 3323
f 10847 3323 1873
f 16 9709 3324
f 9148 2105 1340
f 16 3325 9710
f 9149 1341 2106
f 1363 7546 7506
f 4734 12317 9889
f 1364 7507 7547
f 4735 9890 12318
f 3328 7902 5723
f 11259 65 10020
f 3329 5724 7903
f 11260 10021 66
f 3330 6257 11263
f 5963 6376 8704
f 3331 11264 6258
f 5964 8705 6377
f 2 4619 3332
f 6157 2 10014
f 2 3333 4619
f 6157 10015 2
f 7970 2449 3334
f 5549 7700 10762
f 7971 3335 2450
f 5550 10763 7701
f 3336 9533 11261
f 6328 2666 1552
f 3337 11262 9534
f 6329 1553 2667
f 3222 9142 10188
f 4862 88 3662
f 3223 10189 9143
f 4863 3663 89
f 7189 11727 2483
f 198 9849 11727
f 7190 2484 11728
f 199 11728 9850
f 7064 8784 5320
f 774 2091 8784
f 7065 5321 8785
f 775 8785 2092
f 3344 11253 1809
f 7193 4746 784
f 3345 1810 11254
f 7194 785 4747
f 12098 7215 3346
f 10947 2589 493
f 12099 3347 7216
f 10948 494 2590
f 7406 4894 12173
f 12173 8563 7406
f 7407 12174 4895
f 12174 7407 8564
f 7834 574 3350
f 8375 2273 6342
f 7835 3351 575
f 8376 6343 2274
f 7485 1928 3352
f 11631 7382 10820
f 7486 3353 1929
f 11632 10821 7383
f 1844 3164 11707
f 5051 1844 11707
f 1845 11708 3165
f 5052 11708 1845
f 7961 8885 3356
f 7742 1823 5099
f 7962 3357 8886
f 7743 5100 1824
f 6635 10260 80
f 10910 6811 395
f 6636 81 10261
f 10911 396 6812
f 590 11350 3360
f 4748 6867 3590
f 3361 11351 591
f 3591 6868 4749
f 6663 1211 3362
f 6662 3362 1211
f 8846 11134 5741
f 256 8901 8394
f 8847 5742 11135
f 257 8395 8902
f 8084 3365 11377
f 4666 8486 980
f 8085 11378 3366
f 4667 981 8487
f 4026 3375 8490
f 5047 8512 814
f 4027 8491 3376
f 5048 815 8513
f 1598 3369 9279
f 1994 3369 4179
f 1599 9280 3370
f 1995 4180 3370
f 976 3371 12289
f 206 5721 2898
f 977 12290 3372
f 207 2899 5722
f 10768 3373 2042
f 596 5790 3373
f 10769 2043 3374
f 597 3374 5791
f 3375 2004 469
f 3375 8512 12279
f 3376 470 2005
f 3376 12280 8513
f 5565 5581 3377
f 10737 3824 5932
f 5566 3378 5582
f 10738 5933 3825
f 3379 10158 10916
f 4714 9998 1262
f 3380 10917 10159
f 4715 1263 9999
f 8980 7619 1328
f 8340 4032 5296
f 8981 1329 7620
f 8341 5297 4033
f 2120 3383 8189
f 12424 5123 12436
f 2121 8190 3384
f 12425 12437 5124
f 3385 2620 3397
f 8300 9795 5192
f 3386 3398 2621
f 8301 5193 9796
f 12026 3387 9976
f 2046 6245 7078
f 12027 9977 3388
f 2047 7079 6246
f 6084 3389 3001
f 4479 8496 6153
f 6085 3002 3390
f 4480 6154 8497
f 7910 3391 2748
f 3391 12193 2748
f 7911 2749 3392
f 3392 2749 12194
f 6350 3393 12509
f 8042 3437 3393
f 6351 12510 3394
f 8043 3394 3438
f 2365 3395 8626
f 8626 8642 1234
f 2366 8627 3396
f 8627 1235 8643
f 3385 3397 8161
f 843 3397 7353
f 3386 8162 3398
f 844 7354 3398
f 6852 8129 6620
f 6851 6620 8128
f 471 7564 8528
f 4566 990 6227
f 472 8529 7565
f 4567 6228 991
f 14 8679 3402
f 5904 5657 12205
f 15 3403 8680
f 5905 12206 5658
f 12422 3404 8510
f 2908 3413 10400
f 8511 3405 12423
f 2909 10401 3414
f 932 8480 3406
f 5481 8136 11096
f 933 3407 8481
f 5482 11097 8137
f 3408 3393 6350
f 7266 3408 863
f 3409 6351 3394
f 7267 864 3409
f 107 1567 3410
f 107 3410 1566
f 1095 3411 8876
f 12191 3411 1095
f 1096 8877 3412
f 12192 1096 3412
f 3413 8510 10400
f 12261 11676 63
f 3414 10401 8511
f 12262 64 11677
f 8569 10577 3415
f 4295 8569 3415
f 8570 3416 10578
f 4296 3416 8570
f 570 179 8822
f 5314 8536 11848
f 571 8823 180
f 5315 11849 8537
f 5687 3419 8749
f 11781 870 3419
f 5688 8750 3420
f 11782 3420 871
f 3421 6941 1354
f 1564 9547 9281
f 3422 1355 6942
f 1565 9282 9548
f 3423 2256 119
f 11652 6729 5067
f 3424 120 2257
f 11653 5068 6730
f 5624 3425 10910
f 3425 7764 10910
f 5625 10911 3426
f 3426 10911 7765
f 6558 523 3427
f 4214 9905 5977
f 6559 3428 524
f 4215 5978 9906
f 5733 6550 10470
f 10470 1965 1103
f 5734 10471 6551
f 10471 1104 1966
f 3431 11826 7108
f 3431 7108 5212
f 3432 7109 11827
f 3432 5213 7109
f 6297 3433 227
f 11102 780 2501
f 6298 228 3434
f 11103 2502 781
f 9537 8414 3435
f 8448 2507 8213
f 9538 3436 8415
f 8449 8214 2508
f 9229 946 9237
f 4720 7019 5555
f 9230 9238 947
f 4721 5556 7020
f 7778 397 8599
f 11077 5886 10922
f 8600 398 7779
f 10923 5887 11078
f 3441 7282 4224
f 6920 5340 4212
f 3442 4225 7283
f 6921 4213 5341
f 3935 11205 3443
f 8502 3443 11205
f 3936 3444 11206
f 8503 11206 3444
f 9665 3445 6434
f 10820 7382 8760
f 9666 6435 3446
f 10821 8761 7383
f 835 3447 1525
f 835 3439 3447
f 1526 3448 836
f 3448 3440 836
f 2871 11330 3449
f 6751 9811 2198
f 2872 3450 11331
f 6752 2199 9812
f 1880 8260 8390
f 221 6139 8267
f 8391 8260 1880
f 8268 6140 221
f 11818 3453 6095
f 1224 10496 7033
f 11819 6096 3454
f 1225 7034 10497
f 9064 3464 3455
f 9815 8474 4911
f 9065 3456 3465
f 9816 4912 8475
f 3457 8725 2605
f 12522 1783 8725
f 3458 2606 8726
f 12523 8726 1784
f 869 7547 7507
f 869 7506 7546
f 2734 4856 4949
f 7462 9501 4996
f 2735 4950 4857
f 7463 4997 9502
f 5429 3462 12215
f 9253 560 4421
f 5430 12216 3463
f 9254 4422 561
f 776 3474 3464
f 6133 10344 776
f 777 3465 3475
f 6134 777 10345
f 926 8396 3466
f 1688 1676 5695
f 927 3467 8397
f 1689 5696 1677
f 6505 2716 11953
f 1723 5107 133
f 6506 11954 2717
f 1724 134 5108
f 3470 9801 6004
f 9801 3470 4620
f 6005 9802 3471
f 9802 4621 3471
f 8064 10943 7516
f 9509 10140 1550
f 8065 7517 10944
f 9510 1551 10141
f 3464 12046 3455
f 3622 12384 9815
f 3465 3456 12047
f 3623 9816 12385
f 11547 1533 2809
f 5858 11547 54
f 11548 2810 1534
f 5859 54 11548
f 3468 6999 3478
f 1738 4731 8478
f 3469 3479 7000
f 1739 8479 4730
f 10346 383 8828
f 3494 738 7199
f 10347 8829 384
f 3495 7200 739
f 9947 3482 653
f 3482 5542 7906
f 9948 654 3483
f 3483 7907 5543
f 9933 8577 3484
f 6034 1556 9265
f 9934 3485 8578
f 6035 9266 1557
f 3486 7219 3362
f 4953 4507 627
f 3487 3362 7219
f 4954 627 4507
f 5485 8138 7694
f 1020 3160 8138
f 5486 7695 8139
f 1021 8139 3161
f 1858 3490 445
f 9917 8367 1846
f 1859 446 3491
f 9918 1847 8368
f 3017 11963 3492
f 6813 3260 7560
f 3018 3493 11964
f 6814 7561 3261
f 6412 3494 7199
f 6412 5553 3494
f 6413 7200 3495
f 6413 3495 5554
f 3496 11725 6556
f 5355 12364 10366
f 3497 6557 11726
f 5356 10367 12365
f 7444 11073 3498
f 8209 4746 5443
f 7445 3499 11074
f 8210 5444 4747
f 8418 3500 6348
f 6348 3500 11648
f 8419 6349 3501
f 6349 11649 3501
f 5485 5507 11393
f 5771 11393 5507
f 5486 11394 5508
f 5771 5508 11394
f 1967 3504 3514
f 9529 8298 266
f 1968 3515 3505
f 9530 267 8299
f 8314 12299 3506
f 3506 8652 1837
f 8315 3507 12300
f 3507 1838 8653
f 1883 5894 3508
f 4872 11338 303
f 1884 3509 5895
f 4873 304 11339
f 3510 9787 11715
f 9024 6450 4000
f 3511 11716 9788
f 9025 4001 6451
f 427 3512 5538
f 10524 7476 1522
f 428 5539 3513
f 10525 1523 7477
f 3514 10308 1162
f 3504 10304 3514
f 3515 1163 10309
f 3505 3515 10305
f 6614 1316 10200
f 9515 3111 6271
f 6615 10201 1317
f 9516 6272 3112
f 7904 8434 3518
f 208 10432 8434
f 7905 3519 8435
f 209 8435 10433
f 2030 3520 6314
f 10056 10870 7780
f 2031 6315 3521
f 10057 7781 10871
f 9243 3522 560
f 9078 4714 8373
f 9244 561 3523
f 9079 8374 4715
f 11035 11745 3524
f 11745 2111 3524
f 11036 3525 11746
f 11746 3525 2112
f 7892 11211 2475
f 11053 3328 5723
f 7893 2476 11212
f 11054 5724 3329
f 857 10705 3222
f 4756 10717 8100
f 858 3223 10706
f 4757 8101 10718
f 6269 10472 3530
f 855 2536 9094
f 6270 3531 10473
f 856 9095 2537
f 3532 2710 12350
f 4690 6466 9960
f 3533 12351 2711
f 4691 9961 6467
f 6004 3534 12422
f 8003 4325 3755
f 12423 3535 6005
f 8004 3756 4326
f 8614 305 2839
f 8614 12478 305
f 8615 2840 306
f 8615 306 12479
f 302 4255 10861
f 302 10860 4254
f 7513 3539 75
f 7512 75 3539
f 3540 10258 5753
f 998 5117 3540
f 3541 5754 10259
f 999 3541 5118
f 8261 10972 3542
f 5739 5894 9803
f 8262 3543 10973
f 5740 9804 5895
f 3544 6338 2696
f 3544 10534 10074
f 3545 2697 6339
f 3545 10075 10535
f 12155 7318 9120
f 5810 6552 12165
f 12156 9121 7319
f 5811 12166 6553
f 8810 10575 3548
f 4758 8810 3548
f 8811 3549 10576
f 4759 3549 8811
f 3566 3550 1383
f 10685 2930 8954
f 3567 1384 3551
f 10686 8955 2931
f 749 9841 1887
f 1887 5421 7948
f 750 1888 9842
f 1888 7949 5422
f 7396 3554 619
f 10798 5119 1998
f 7397 620 3555
f 10799 1999 5120
f 9605 8634 3556
f 3556 8634 10154
f 9606 3557 8635
f 3557 10155 8635
f 3558 8102 1827
f 9897 1228 12193
f 3559 1828 8103
f 9898 12194 1229
f 534 3560 1539
f 3572 10026 534
f 1539 3561 534
f 534 10027 3573
f 5753 10258 3562
f 508 9895 11703
f 5754 3563 10259
f 509 11704 9896
f 3564 433 1099
f 10613 658 6914
f 3565 1100 434
f 10614 6915 659
f 3566 1383 792
f 4137 7786 792
f 3567 793 1384
f 4138 793 7787
f 3568 252 2603
f 2603 9472 3568
f 3569 2604 253
f 2604 3569 9473
f 1338 8919 3570
f 8782 6374 678
f 1339 3571 8920
f 8783 679 6375
f 6779 3572 534
f 1880 8390 8274
f 534 3573 6779
f 8275 8391 1880
f 6267 2991 3574
f 3574 2991 3003
f 6268 3575 2992
f 3575 3004 2992
f 3576 6305 332
f 1308 9446 9304
f 3577 333 6306
f 1309 9305 9447
f 11975 3578 9859
f 3578 4281 1930
f 11976 9860 3579
f 3579 1931 4282
f 6672 784 3580
f 2287 2138 4967
f 6673 3581 785
f 2288 4968 2139
f 2227 10248 8552
f 6448 10707 7625
f 2228 8553 10249
f 6449 7626 10708
f 3584 1322 6135
f 3698 5204 7326
f 3585 6136 1323
f 3699 7327 5205
f 1032 10242 11373
f 5804 6174 10242
f 1033 11374 10243
f 5805 10243 6175
f 3588 5363 2307
f 7224 8692 12074
f 3589 2308 5364
f 7225 12075 8693
f 3360 110 6470
f 590 3360 8733
f 6471 111 3361
f 8734 3361 591
f 3592 2204 8126
f 1194 3113 11189
f 3593 8127 2205
f 1195 11190 3114
f 10080 3029 3594
f 1783 3594 1425
f 10081 3595 3030
f 1784 1426 3595
f 3596 6981 8516
f 4850 1736 7524
f 3597 8517 6982
f 4851 7525 1737
f 10224 3598 402
f 3598 10224 7144
f 10225 403 3599
f 3599 7145 10225
f 11603 3600 7165
f 2823 8036 7175
f 11604 7166 3601
f 2824 7176 8037
f 504 2593 3602
f 3552 7498 6164
f 505 3603 2594
f 3553 6165 7499
f 11029 3604 1375
f 457 11801 10844
f 11030 1376 3605
f 458 10845 11802
f 12438 3606 761
f 9835 8082 7898
f 12439 762 3607
f 9836 7899 8083
f 3608 10882 1405
f 1196 9362 5166
f 3609 1406 10883
f 1197 5167 9363
f 3610 7045 45
f 3610 45 7044
f 3611 5238 6761
f 9491 491 4626
f 3612 6762 5239
f 9492 4627 492
f 437 12494 7848
f 4795 10002 521
f 438 7849 12495
f 4796 522 10003
f 3295 361 3615
f 3294 3615 361
f 6993 5667 3616
f 3616 3626 9112
f 3617 5668 6994
f 9113 3627 3617
f 4754 7082 2656
f 2656 7082 7140
f 4755 2657 7083
f 2657 7141 7083
f 8484 12211 152
f 6478 7155 1140
f 8485 153 12212
f 6479 1141 7156
f 3622 9815 10741
f 11967 9198 1829
f 3623 10742 9816
f 11968 1830 9199
f 6939 11587 3624
f 12128 11597 12203
f 6940 3625 11588
f 12129 12204 11598
f 5667 3626 3616
f 2995 3626 6658
f 3617 3627 5668
f 2996 6659 3627
f 10939 1586 3628
f 521 4834 4795
f 10940 3629 1587
f 522 4796 4835
f 11949 3630 808
f 2419 808 3630
f 11950 809 3631
f 2420 3631 809
f 8377 3632 10953
f 11427 3632 8377
f 8378 10954 3633
f 11428 8378 3633
f 3296 6685 3634
f 1182 5196 10597
f 3297 3635 6686
f 1183 10598 5197
f 6211 3636 1654
f 9958 1654 4157
f 6212 1655 3637
f 9959 4158 1655
f 2654 788 3638
f 788 6398 9761
f 2655 3639 789
f 789 9762 6399
f 10643 3640 10655
f 10631 1752 3640
f 10644 10656 3641
f 10632 3641 1753
f 3099 3642 547
f 3642 11227 3127
f 3100 548 3643
f 3643 3128 11228
f 7920 3644 5459
f 10482 8889 8096
f 7921 5460 3645
f 10483 8097 8890
f 6689 3320 3646
f 974 12227 3853
f 6690 3647 3321
f 975 3854 12228
f 2951 3648 7819
f 2951 9601 3648
f 2952 7820 3649
f 2952 3649 9602
f 10134 6014 1138
f 10144 12231 4953
f 10135 1139 6015
f 10145 4954 12232
f 1212 3652 1407
f 11049 6114 8915
f 1213 1408 3653
f 11050 8916 6115
f 3654 5879 637
f 9396 3654 637
f 636 5878 3655
f 636 3655 9397
f 5667 10508 3656
f 6658 3626 5667
f 5668 3657 10509
f 6659 5668 3627
f 7396 3658 3554
f 8828 383 5973
f 7397 3555 3659
f 8829 5974 384
f 3660 2473 2888
f 6172 1725 10978
f 3661 2889 2474
f 6173 10979 1726
f 3338 4862 3662
f 3662 6016 8022
f 3339 3663 4863
f 3663 8023 6017
f 3664 6082 9164
f 6082 3664 9096
f 3665 9165 6083
f 6083 9097 3665
f 3843 11071 6947
f 98 9267 8234
f 3844 6948 11072
f 99 8235 9268
f 1949 2256 11108
f 1949 7961 1042
f 1950 11109 2257
f 1950 1043 7962
f 7538 455 10498
f 10991 8458 4443
f 7539 10499 456
f 10992 4444 8459
f 886 3672 8330
f 12370 1992 3672
f 887 8331 3673
f 12371 3673 1993
f 1251 160 10454
f 1097 9214 12482
f 1251 10455 160
f 1098 12483 9214
f 11957 3676 2957
f 6997 1520 2724
f 11958 2958 3677
f 6998 2725 1521
f 3678 4624 10878
f 12112 9064 3455
f 3679 10879 4625
f 12113 3456 9065
f 3680 1030 7738
f 12005 7522 9613
f 3681 7739 1031
f 12006 9614 7523
f 11868 1190 10836
f 1190 4461 10836
f 11869 10837 1191
f 1191 10837 4462
f 11769 3684 370
f 1186 7320 10792
f 11770 371 3685
f 1187 10793 7321
f 8618 10244 3686
f 7191 3678 940
f 8619 3687 10245
f 7192 941 3679
f 7726 6640 3688
f 3733 11838 6196
f 7727 3689 6641
f 3734 6197 11839
f 3690 5916 7746
f 11852 922 7386
f 3691 7747 5917
f 11853 7387 923
f 2419 1801 3692
f 1801 7215 3692
f 2420 3693 1802
f 1802 3693 7216
f 598 7314 3694
f 6289 1409 3706
f 599 3695 7315
f 6290 3707 1410
f 1087 3696 10182
f 11085 11069 7278
f 1088 10183 3697
f 11086 7279 11070
f 6578 4425 8891
f 5487 6578 1926
f 6579 8892 4426
f 5488 1927 6579
f 7390 743 3700
f 7824 7390 11273
f 7391 3701 744
f 7825 11274 7391
f 3244 10004 8768
f 1766 10016 11310
f 3245 8769 10005
f 1767 11311 10017
f 3704 4395 5234
f 1764 12195 5371
f 3705 5235 4396
f 1765 5372 12196
f 6289 3706 4339
f 5759 8986 2054
f 6290 4340 3707
f 5760 2055 8987
f 3708 12360 9703
f 3708 7926 7936
f 3709 9704 12361
f 3709 7937 7927
f 11231 296 1590
f 5383 2807 296
f 11232 1591 297
f 5384 297 2808
f 11454 3712 9753
f 8713 510 8754
f 11455 9754 3713
f 8714 8755 511
f 3714 824 2821
f 6749 9180 11490
f 3715 2822 825
f 6750 11491 9181
f 6201 2615 6187
f 6200 6186 2614
f 3717 4706 917
f 8696 3717 8130
f 3718 918 4707
f 8697 8131 3718
f 3964 3719 5465
f 5103 1945 1955
f 3965 5466 3720
f 5104 1956 1946
f 9434 9368 4628
f 7584 5210 2847
f 9435 4629 9369
f 7585 2848 5211
f 5751 3723 5759
f 10090 10076 3723
f 5752 5760 3724
f 10091 3724 10077
f 229 3725 9745
f 10894 5749 3725
f 230 9746 3726
f 10895 3726 5750
f 11369 8565 6440
f 9180 2495 11363
f 11370 6441 8566
f 9181 11364 2496
f 10727 9400 3729
f 938 3729 183
f 10728 3730 9401
f 939 184 3730
f 8306 3731 3784
f 8320 9374 1236
f 8307 3785 3732
f 8321 1237 9375
f 6209 883 3733
f 7807 11838 3733
f 6210 3734 884
f 7808 3734 11839
f 11692 11787 7146
f 7146 2224 2463
f 11693 7147 11788
f 7147 2464 2225
f 6899 3608 3737
f 6535 10064 3737
f 6900 3738 3609
f 6536 3738 10065
f 7657 1044 4804
f 7657 5990 1044
f 4805 1045 7658
f 1045 5991 7658
f 706 9773 2271
f 9759 6945 2271
f 707 2272 9774
f 9760 2272 6946
f 3743 7244 4852
f 7112 1698 2773
f 3744 4853 7245
f 7113 2774 1699
f 9010 3354 4279
f 278 11201 12221
f 9011 4280 3355
f 279 12222 11202
f 10673 6384 1040
f 12040 1040 9717
f 10674 1041 6385
f 12041 9718 1041
f 3749 11438 7817
f 11435 3749 10098
f 3750 7818 11439
f 11436 10099 3750
f 3751 8616 5065
f 10096 1170 11354
f 3752 5066 8617
f 10097 11355 1171
f 11886 2777 338
f 11951 8271 9683
f 11887 339 2778
f 11952 9684 8272
f 5236 892 3755
f 3755 7118 8003
f 5237 3756 893
f 3756 8004 7119
f 3771 9990 6038
f 11613 6342 10000
f 3772 6039 9991
f 11614 10001 6343
f 9547 3421 3759
f 2785 3759 3421
f 9548 3760 3422
f 2786 3422 3760
f 3761 9943 5587
f 8242 210 9943
f 3762 5588 9944
f 8243 9944 210
f 3256 325 3763
f 1791 11423 8008
f 3257 3764 326
f 1792 8009 11424
f 1949 11108 3765
f 3765 3668 4521
f 1950 3766 11109
f 3766 4522 3669
f 2650 319 3767
f 12181 7310 9110
f 2651 3768 320
f 12182 9111 7311
f 1078 11425 10532
f 6097 6382 5701
f 1078 10533 11426
f 6097 5702 6383
f 3771 5557 114
f 114 10000 3771
f 3772 115 5558
f 115 3772 10001
f 2415 1594 3773
f 7985 10270 2242
f 2416 3774 1595
f 7986 2243 10271
f 8514 2493 2517
f 11713 5318 12265
f 8515 2518 2494
f 11714 12266 5319
f 2136 3777 6116
f 6034 9265 2136
f 2137 6117 3778
f 6035 2137 9266
f 710 10409 3779
f 710 3779 10408
f 3780 8776 5548
f 9090 1200 239
f 3781 5548 8777
f 9091 239 1200
f 12333 8183 3782
f 10908 3125 11993
f 12334 3783 8184
f 10909 11994 3126
f 1236 10920 8320
f 9410 10920 1236
f 1237 8321 10921
f 9411 1237 10921
f 6416 10587 3786
f 3786 12408 6416
f 6417 3787 10588
f 3787 6417 12409
f 12161 3788 7183
f 1795 9352 8048
f 12162 7184 3789
f 1796 8049 9353
f 3790 3284 1502
f 9593 1502 6273
f 3791 1503 3285
f 9594 6274 1503
f 3792 6947 2333
f 9765 6757 634
f 3793 2334 6948
f 9766 635 6758
f 21 2439 3794
f 21 3794 9006
f 22 3795 2440
f 22 9007 3795
f 6969 8591 3796
f 1943 2554 9263
f 6970 3797 8592
f 1944 9264 2555
f 11431 3798 8238
f 6975 3809 3798
f 11432 8239 3799
f 6976 3799 3810
f 3800 1819 970
f 139 7958 5553
f 3801 971 1820
f 140 5554 7959
f 276 2022 3802
f 6229 276 3802
f 277 3803 2023
f 6230 3803 277
f 1600 3927 3804
f 112 1600 4708
f 1601 3805 3928
f 113 4709 1601
f 11645 6216 655
f 11645 655 6215
f 717 9380 3807
f 10764 7003 6839
f 718 3808 9381
f 10765 6840 7004
f 4030 3809 6975
f 4892 135 2266
f 4031 6976 3810
f 4893 2267 136
f 11197 3811 2192
f 7322 582 4718
f 11198 2193 3812
f 7323 4719 583
f 262 8292 1690
f 8292 262 1918
f 1691 8293 263
f 8293 1919 263
f 2799 7836 11296
f 738 2799 11296
f 2800 11297 7837
f 739 11297 2800
f 3817 1953 9783
f 11900 3817 7086
f 3818 9784 1954
f 11901 7087 3818
f 3819 5084 1757
f 3819 1756 5083
f 1089 5868 11444
f 8670 4395 5868
f 1090 11445 5869
f 8671 5869 4396
f 7819 3648 3822
f 8154 4260 200
f 7820 3823 3649
f 8155 201 4261
f 8802 1107 3824
f 9000 3824 9196
f 8803 3825 1108
f 9001 9197 3825
f 8860 5707 5689
f 3144 2409 8860
f 8861 5690 5708
f 3145 8861 2410
f 4275 8982 9050
f 11482 7649 11007
f 4276 9051 8983
f 11483 11008 7650
f 7494 3830 1481
f 3796 6221 17
f 7495 1482 3831
f 3797 18 6222
f 10384 4485 3832
f 12185 5216 11280
f 10385 3833 4486
f 12186 11281 5217
f 2435 12001 3834
f 3834 11688 2435
f 2436 3835 12002
f 3835 2436 11689
f 6914 5248 9599
f 6914 433 10613
f 6915 9600 5249
f 6915 10614 434
f 1401 11795 3838
f 11822 1401 3838
f 1402 3839 11796
f 11823 3839 1402
f 3840 2738 6166
f 2020 2738 7534
f 3841 6167 2739
f 2021 7535 2739
f 6011 6510 8176
f 6010 8175 6509
f 3843 9267 98
f 98 7324 5745
f 3844 99 9268
f 99 5746 7325
f 3845 1136 5947
f 5782 7663 3845
f 3846 5948 1137
f 5783 3846 7664
f 3847 2283 9440
f 3242 9066 3847
f 3848 9441 2284
f 3243 3848 9067
f 5226 640 3849
f 8563 6486 664
f 5227 3850 641
f 8564 665 6487
f 11666 8302 2437
f 2875 1111 10711
f 11667 2438 8303
f 2876 10712 1112
f 7268 3853 5095
f 10168 974 3853
f 7269 5096 3854
f 10169 3854 975
f 8717 9306 2505
f 7258 389 1562
f 8718 2506 9307
f 7259 1563 390
f 3857 1458 879
f 5451 1458 7840
f 3858 880 1459
f 5452 7841 1459
f 2579 5499 3859
f 423 2579 7762
f 2580 3860 5500
f 424 7763 2580
f 1491 1296 10164
f 8974 9466 5559
f 1492 10165 1297
f 8975 5560 9467
f 12364 8476 3863
f 1222 2797 9289
f 12365 3864 8477
f 1223 9290 2798
f 3865 7189 2483
f 7189 3865 11013
f 3866 2484 7190
f 7190 11014 3866
f 2546 1069 8850
f 8850 6454 10560
f 2547 8851 1070
f 8851 10561 6455
f 11918 9386 3879
f 3198 9386 11918
f 11919 3880 9387
f 3199 11919 9387
f 4554 9489 7290
f 668 8324 6490
f 4555 7291 9490
f 669 6491 8325
f 3873 4079 6991
f 2730 11404 6725
f 3874 6992 4080
f 2731 6726 11405
f 7264 5551 3875
f 2692 7264 5010
f 7265 3876 5552
f 2693 5011 7265
f 11271 5616 3877
f 2728 5812 9519
f 11272 3878 5617
f 2729 9520 5813
f 6911 11918 3879
f 3802 2022 4973
f 6912 3880 11919
f 3803 4974 2023
f 11548 54 3881
f 11547 3881 54
f 5544 3882 6
f 9909 7371 11399
f 5545 6 3883
f 9910 11399 7371
f 3884 9543 2879
f 8610 2718 6739
f 3885 2880 9544
f 8611 6740 2719
f 3886 12368 1696
f 3886 1696 2244
f 3887 1697 12369
f 3887 2245 1697
f 3888 1606 8322
f 7490 1344 1606
f 3889 8323 1607
f 7491 1607 1345
f 10651 3890 5628
f 5600 8032 9925
f 10652 5629 3891
f 5601 9926 8033
f 9715 8034 9637
f 8034 10292 2313
f 9716 9638 8035
f 8035 2314 10293
f 3894 9891 6737
f 1004 9919 4028
f 3895 6738 9892
f 1005 4029 9920
f 3047 11255 9859
f 11057 11255 3047
f 3048 9860 11256
f 11058 3048 11256
f 3898 6582 9921
f 4512 2347 8990
f 3899 9922 6583
f 4513 8991 2348
f 8343 2346 5787
f 8342 5786 2345
f 11120 3901 9136
f 1650 4439 9739
f 11121 9137 3902
f 1651 9740 4440
f 8310 527 11421
f 6745 10651 6963
f 8311 11422 528
f 6746 6964 10652
f 4508 3905 10338
f 11607 2583 551
f 4509 10339 3906
f 11608 552 2584
f 11320 3907 1342
f 6687 9931 4407
f 11321 1343 3908
f 6688 4408 9932
f 713 2074 3909
f 2074 21 9006
f 714 3910 2075
f 2075 9007 22
f 9851 3911 1692
f 7220 4838 12120
f 9852 1693 3912
f 7221 12121 4839
f 5784 888 11627
f 8632 1318 10054
f 5785 11628 889
f 8633 10055 1319
f 2004 1762 3915
f 6676 5595 8381
f 2005 3916 1763
f 6677 8382 5596
f 1016 3917 9575
f 7474 3077 7744
f 1017 9576 3918
f 7475 7745 3078
f 8946 55 9871
f 8946 219 10649
f 8947 9872 56
f 8947 10650 220
f 10496 141 3921
f 8978 8895 2421
f 10497 3922 142
f 8979 2422 8896
f 4347 3923 5772
f 6406 8386 294
f 4348 5773 3924
f 6407 295 8387
f 1839 3939 3925
f 3377 5932 5565
f 1840 3926 3940
f 3378 5566 5933
f 9573 3212 3927
f 3927 3212 1006
f 9574 3928 3213
f 3928 1007 3213
f 38 3151 6422
f 3151 898 6422
f 38 6423 3151
f 3151 6423 898
f 9052 3931 8232
f 3931 3672 8232
f 9053 8233 3932
f 3932 8233 3673
f 11361 7942 594
f 11361 594 5515
f 11362 595 7943
f 11362 5516 595
f 3443 8348 3935
f 8866 9184 12451
f 3444 3936 8349
f 8867 12452 9185
f 6627 3506 3937
f 4329 1628 6967
f 6628 3938 3507
f 4330 6968 1629
f 547 3939 3099
f 3939 8711 3925
f 548 3100 3940
f 3940 3926 8712
f 5771 11394 514
f 5771 514 11393
f 9879 1085 3023
f 4694 798 9893
f 9880 3024 1086
f 4695 9894 799
f 246 3944 1996
f 8468 11914 6332
f 247 1997 3945
f 8469 6333 11915
f 7402 3946 9763
f 11089 2264 3946
f 7403 9764 3947
f 11090 3947 2265
f 3948 2479 625
f 8704 12108 625
f 3949 626 2480
f 8705 626 12109
f 1448 2857 11585
f 6843 2857 10246
f 1449 11586 2858
f 6844 10247 2858
f 11487 6411 5704
f 11486 5703 6410
f 352 2719 6854
f 352 6853 2718
f 6458 3954 10500
f 7504 3954 3712
f 6459 10501 3955
f 7505 3713 3955
f 2716 9194 3956
f 7254 3518 8388
f 2717 3957 9195
f 7255 8389 3519
f 820 3958 10214
f 5862 9126 6606
f 821 10215 3959
f 5863 6607 9127
f 9505 2538 3960
f 2538 1670 3960
f 9506 3961 2539
f 2539 3961 1671
f 6490 8324 3962
f 7850 1498 6703
f 6491 3963 8325
f 7851 6704 1499
f 10814 8524 3964
f 4519 8524 2672
f 10815 3965 8525
f 4520 2673 8525
f 3966 8694 10354
f 9316 8694 7084
f 3967 10355 8695
f 9317 7085 8695
f 9729 10210 3968
f 6507 6378 4499
f 9730 3969 10211
f 6508 4500 6379
f 3522 3970 560
f 1835 3970 3522
f 3523 561 3971
f 1836 3523 3971
f 9865 11496 3252
f 11091 6170 1780
f 9866 3253 11497
f 11092 1781 6171
f 54 6130 3974
f 3974 2082 5008
f 54 3975 6130
f 3975 5009 2082
f 7483 3976 11549
f 9781 6229 5334
f 7484 11550 3977
f 9782 5335 6230
f 2640 11217 3978
f 11930 10104 9627
f 2641 3979 11218
f 11931 9628 10105
f 5186 1531 2427
f 11842 4558 1531
f 5187 2428 1532
f 11843 1532 4559
f 9899 108 10520
f 10520 12333 3115
f 9900 10521 109
f 10521 3116 12334
f 9781 2576 6229
f 5955 2576 11721
f 9782 6230 2577
f 5956 11722 2577
f 758 7560 3986
f 5284 4652 2904
f 759 3987 7561
f 5285 2905 4653
f 7454 11440 3988
f 10438 7999 5808
f 7455 3989 11441
f 10439 5809 8000
f 1744 397 3990
f 9597 6801 3739
f 3991 398 1745
f 3740 6802 9598
f 5000 9476 1026
f 10050 4002 5540
f 5001 1027 9477
f 10051 5541 4003
f 1437 7999 3988
f 7999 1437 3081
f 1438 3989 8000
f 8000 3082 1438
f 2626 3996 1074
f 6188 4193 9070
f 2627 1075 3997
f 6189 9071 4194
f 12128 391 3998
f 7500 391 774
f 12129 3999 392
f 7501 775 392
f 9992 4000 6450
f 11061 10390 5906
f 9993 6451 4001
f 11062 5907 10391
f 12398 4002 10050
f 3992 10318 4002
f 12399 10051 4003
f 3993 4003 10319
f 4004 3135 307
f 6918 307 1833
f 4005 308 3136
f 6919 1834 308
f 4006 2002 8956
f 4006 4216 2002
f 4007 8957 2003
f 4007 2003 4217
f 11110 719 2331
f 5439 2331 2999
f 11111 2332 720
f 5440 3000 2332
f 905 2367 4010
f 7675 11472 11458
f 906 4011 2368
f 7676 11459 11473
f 4012 7256 1429
f 3620 9577 5351
f 4013 1430 7257
f 3621 5352 9578
f 4014 246 1996
f 728 6205 7027
f 4015 1997 247
f 729 7028 6206
f 10756 2949 4016
f 8466 7007 4016
f 10757 4017 2950
f 8467 4017 7008
f 9521 4018 1922
f 751 8624 4018
f 9522 1923 4019
f 752 4019 8625
f 4969 7665 4020
f 9795 10120 5192
f 4970 4021 7666
f 9796 5193 10121
f 4022 6713 1752
f 4022 1752 10631
f 4023 1753 6714
f 4023 10632 1753
f 10058 4024 2385
f 2385 4024 8256
f 10059 2386 4025
f 2386 8257 4025
f 9793 8490 1245
f 6275 5393 5032
f 9794 1246 8491
f 6276 5033 5394
f 10 1004 4028
f 9937 9883 7952
f 11 4029 1005
f 9938 7953 9884
f 6727 676 135
f 10228 135 4892
f 6728 136 677
f 10229 4893 136
f 8265 224 11221
f 12484 11209 7667
f 8266 11222 225
f 12485 7668 11210
f 12223 4034 1988
f 1988 4034 10677
f 12224 1989 4035
f 1989 10678 4035
f 4036 2238 8207
f 2238 6983 9178
f 4037 8208 2239
f 2239 9179 6984
f 5144 11336 10206
f 2763 834 11336
f 5145 10207 11337
f 2764 11337 834
f 160 4711 4040
f 160 4040 4710
f 10842 4041 4638
f 10842 2609 4523
f 10843 4639 4042
f 10843 4524 2610
f 1729 8169 4043
f 9382 8169 6299
f 1730 4044 8170
f 9383 6300 8170
f 4045 10312 3162
f 9575 4220 415
f 4046 3163 10313
f 9576 416 4221
f 9797 6642 4047
f 6895 6273 4047
f 9798 4048 6643
f 6896 4048 6274
f 8312 1028 2896
f 8312 8709 1375
f 8313 2897 1029
f 8313 1376 8710
f 12432 4051 12420
f 10695 1220 1423
f 12433 12421 4052
f 10696 1424 1221
f 5176 4053 1320
f 5158 8062 1320
f 5177 1321 4054
f 5159 1321 8063
f 6392 10238 1273
f 1273 5491 2829
f 6393 1274 10239
f 1274 2830 5492
f 2467 8546 4057
f 7801 2467 4057
f 2468 4058 8547
f 7802 4058 2468
f 1572 4059 8903
f 8903 10691 413
f 1573 8904 4060
f 8904 414 10692
f 495 8684 6356
f 7154 2231 4826
f 495 6357 8685
f 7154 4827 2231
f 10707 1115 7625
f 7886 10721 10707
f 10708 7626 1116
f 7887 10708 10722
f 11468 6048 4065
f 215 8587 4065
f 11469 4066 6049
f 216 4066 8588
f 11326 4067 4299
f 9665 11326 3445
f 11327 4300 4068
f 9666 3446 11327
f 10739 4069 1358
f 7718 6468 2279
f 10740 1359 4070
f 7719 2280 6469
f 1121 5081 4071
f 4071 3336 1121
f 1122 4072 5082
f 4072 1122 3337
f 749 7488 9841
f 7234 6104 749
f 750 9842 7489
f 7235 750 6105
f 4075 1287 11322
f 2097 1287 4075
f 4076 11323 1288
f 2098 4076 1288
f 9046 8741 4077
f 6255 204 3482
f 9047 4078 8742
f 6256 3483 205
f 7653 1936 4079
f 7653 4079 10118
f 7654 4080 1937
f 7654 10119 4080
f 2751 10516 4081
f 9090 3780 1200
f 2752 4082 10517
f 9091 1200 3781
f 11538 4083 6545
f 11537 6545 4083
f 4084 3244 46
f 4848 9649 9283
f 4085 47 3245
f 4849 9284 9650
f 1620 4086 5483
f 1620 8094 8579
f 1621 5484 4087
f 1621 8580 8095
f 1407 4088 6825
f 1407 6618 11906
f 1408 6826 4089
f 1408 11907 6619
f 4991 7876 4090
f 5228 4090 7876
f 4992 4091 7877
f 5229 7877 4091
f 3951 331 6834
f 3950 6833 331
f 7296 12325 4093
f 8935 5994 5379
f 7297 4094 12326
f 8936 5380 5995
f 5266 4095 24
f 11713 7029 5318
f 5267 25 4096
f 11714 5319 7030
f 4084 46 4097
f 4097 46 3184
f 4085 4098 47
f 4098 3185 47
f 4099 4111 1164
f 10460 6523 6143
f 4100 1165 4112
f 10461 6144 6524
f 4101 2928 952
f 4101 2755 2928
f 4102 953 2929
f 4102 2929 2756
f 4008 4103 461
f 3773 7607 10082
f 4009 462 4104
f 3774 10083 7608
f 2202 4105 3254
f 1066 4105 2202
f 2203 3255 4106
f 1066 2203 4106
f 4107 696 1604
f 3451 10568 4107
f 1605 697 4108
f 4108 10569 3452
f 50 7663 10934
f 6404 366 50
f 51 10935 7664
f 6405 51 367
f 4099 8250 4111
f 2281 3806 11639
f 4100 4112 8251
f 2282 11640 3806
f 4113 8806 12344
f 2115 7811 2130
f 4114 12345 8807
f 2116 2131 7812
f 6484 9613 12463
f 4592 1634 6496
f 6485 12464 9614
f 4593 6497 1635
f 8222 11872 2542
f 1636 8222 2542
f 8223 2543 11873
f 1637 2543 8223
f 4119 10673 1040
f 2632 3747 4119
f 4120 1041 10674
f 2633 4120 3748
f 443 4121 2024
f 10428 4337 7605
f 444 2025 4122
f 10429 7606 4338
f 9122 11844 2246
f 10376 9122 2246
f 9123 2247 11845
f 10377 2247 9123
f 4125 6106 1791
f 9825 4876 3417
f 4126 1792 6107
f 9826 3418 4877
f 19 4732 4127
f 11526 19 4127
f 20 4128 4733
f 11527 4128 20
f 2865 956 4129
f 7922 12311 6400
f 2866 4130 957
f 7923 6401 12312
f 11852 10770 4131
f 449 1268 8658
f 11853 4132 10771
f 450 8659 1269
f 9639 4133 5618
f 5278 4133 9639
f 9640 5619 4134
f 5279 9640 4134
f 9941 5796 4135
f 9953 9968 7528
f 9942 4136 5797
f 9954 7529 9969
f 2823 6044 8036
f 10350 2807 12032
f 2824 8037 6045
f 10351 12033 2808
f 4139 515 6841
f 515 5836 2168
f 4140 6842 516
f 516 2169 5837
f 3676 4141 264
f 10300 8148 12235
f 3677 265 4142
f 10301 12236 8149
f 2034 4143 1296
f 6699 3888 8322
f 2035 1297 4144
f 6700 8323 3889
f 1772 1718 4145
f 1718 4734 5848
f 1773 4146 1719
f 1719 5849 4735
f 5063 4147 1961
f 9235 3441 6920
f 5064 1962 4148
f 9236 6921 3442
f 4149 553 2513
f 4149 2513 11371
f 4150 2514 554
f 4150 11372 2514
f 3140 11126 4151
f 11126 10374 11791
f 3141 4152 11127
f 11127 11792 10375
f 4153 2515 11472
f 11747 6570 6543
f 4154 11473 2516
f 11748 6544 6571
f 8177 9231 822
f 3988 6721 5846
f 8178 823 9232
f 3989 5847 6722
f 1654 3636 4157
f 4157 3636 6623
f 4158 3637 1655
f 6624 3637 4158
f 63 11676 10966
f 9172 3660 2888
f 64 10967 11677
f 9173 2889 3661
f 2634 2242 4161
f 2634 6969 800
f 2635 4162 2243
f 2635 801 6970
f 2266 4163 4892
f 9160 2214 4163
f 2267 4893 4164
f 9161 4164 2215
f 3278 9138 10478
f 12412 1117 3174
f 3279 10479 9139
f 12413 3175 1118
f 156 11273 4167
f 2945 10945 7766
f 157 4168 11274
f 2946 7767 10946
f 4169 8604 4183
f 7367 9412 3270
f 4170 4184 8605
f 7368 3271 9413
f 4171 3775 372
f 12187 372 1668
f 4172 373 3776
f 12188 1669 373
f 4173 1592 9962
f 2811 1592 4173
f 4174 9963 1593
f 2812 4174 1593
f 1570 2401 4175
f 4185 1570 11179
f 1571 4176 2402
f 4186 11180 1571
f 3013 4177 7578
f 5451 4177 3013
f 3014 7579 4178
f 5452 3014 4178
f 2919 1994 4179
f 4179 447 2919
f 2920 4180 1995
f 4180 2920 448
f 4181 2789 6020
f 2742 9819 4181
f 4182 6021 2790
f 2743 4182 9820
f 5731 9398 4183
f 4169 4183 9412
f 5732 4184 9399
f 4170 9413 4184
f 11179 901 4185
f 8361 11488 2915
f 11180 4186 902
f 8362 2916 11489
f 2124 12151 4187
f 9034 2124 4187
f 2125 4188 12152
f 9035 4188 2125
f 6897 736 3288
f 6897 10412 736
f 6898 3289 737
f 6898 737 10413
f 4204 4191 5401
f 7758 4191 179
f 5402 4192 4205
f 7759 180 4192
f 9070 4193 2321
f 6893 4193 2587
f 9071 2322 4194
f 6894 2588 4194
f 3919 10649 2050
f 2050 6180 668
f 3920 2051 10650
f 2051 669 6181
f 1091 4197 6903
f 10196 2018 4197
f 1092 6904 4198
f 10197 4198 2019
f 4199 899 5286
f 12223 6251 2706
f 4200 5287 900
f 12224 2707 6252
f 5987 4201 4722
f 67 4117 11083
f 5988 4723 4202
f 68 11084 4118
f 12131 4203 5094
f 12130 5093 4203
f 6418 4204 9553
f 10456 179 4191
f 9554 4205 6419
f 4192 180 10457
f 1632 4206 6863
f 6235 9458 3142
f 1633 6864 4207
f 6236 3143 9459
f 4208 11553 638
f 7339 10960 2407
f 4209 639 11554
f 7340 2408 10961
f 6372 9310 11314
f 1446 7167 250
f 6373 11315 9311
f 1447 251 7168
f 4212 5340 1048
f 9615 1881 9799
f 4213 1049 5341
f 9616 9800 1882
f 9364 4214 9378
f 12496 9364 7860
f 9365 9379 4215
f 12497 7861 9365
f 1417 10352 10892
f 10352 1417 9561
f 1418 10893 10353
f 10353 9562 1418
f 2955 4218 419
f 6574 419 4218
f 2956 420 4219
f 6575 4219 420
f 3917 1658 4220
f 9028 9036 9020
f 3918 4221 1659
f 9029 9021 9037
f 7696 12239 4222
f 10960 7339 4208
f 7697 4223 12240
f 10961 4209 7340
f 6126 2299 4224
f 4224 7408 5111
f 6127 4225 2300
f 4225 5112 7409
f 837 4752 4226
f 9470 10554 4828
f 838 4227 4753
f 9471 4829 10555
f 4228 4955 9277
f 1819 3117 7240
f 4229 9278 4956
f 1820 7241 3118
f 1152 8250 4230
f 6110 7159 9326
f 1153 4231 8251
f 6111 9327 7160
f 6192 3240 11545
f 2732 8966 7540
f 6193 11546 3241
f 2733 7541 8967
f 2407 10094 7359
f 8379 7351 6263
f 2408 7360 10095
f 8380 6264 7352
f 1976 11779 4453
f 6120 6733 7643
f 1977 4454 11780
f 6121 7644 6734
f 1656 5864 4238
f 9215 1656 9118
f 1657 4239 5865
f 9216 9119 1657
f 3892 286 4240
f 6066 7144 2678
f 3893 4241 287
f 6067 2679 7145
f 5822 6204 4242
f 2165 1097 12030
f 5823 4243 6204
f 2165 12031 1098
f 9659 5538 4244
f 11332 6151 1680
f 9660 4245 5539
f 11333 1681 6152
f 4246 6211 8727
f 1464 8715 3051
f 4247 8728 6212
f 1465 3052 8716
f 4248 10862 8365
f 4248 2963 4584
f 4249 8366 10863
f 4249 4585 2964
f 1902 4250 9406
f 355 4609 4250
f 1903 9407 4251
f 356 4251 4610
f 2142 4252 7328
f 6122 10808 2142
f 2143 7329 4253
f 6123 2143 10809
f 1230 4254 11686
f 7252 2345 8167
f 1231 11687 4255
f 7253 8168 2346
f 4256 7870 7856
f 4256 6112 607
f 4257 7857 7871
f 4257 608 6113
f 4258 9478 1568
f 5300 2008 368
f 4259 1569 9479
f 5301 369 2009
f 4840 4260 6857
f 7524 1682 4850
f 4841 6858 4261
f 7525 4851 1683
f 1476 4262 832
f 6364 9074 2229
f 1477 833 4263
f 6365 2230 9075
f 2198 9811 4264
f 2198 4264 5146
f 2199 4265 9812
f 2199 5147 4265
f 3590 7236 4266
f 11847 8944 5034
f 4267 7237 3591
f 2703 8945 11846
f 4268 5611 1001
f 1000 5610 4268
f 5139 4269 2078
f 10502 4493 4269
f 5140 2079 4270
f 10503 4270 4494
f 1970 19 4271
f 5604 2829 7552
f 1971 4272 20
f 5605 7553 2830
f 1652 2536 4273
f 4273 8492 1652
f 1653 4274 2537
f 4274 1653 8493
f 9050 740 4275
f 740 6225 4275
f 9051 4276 741
f 741 4276 6226
f 2658 4277 9565
f 8790 814 830
f 9566 4278 2659
f 8791 831 815
f 278 8432 9733
f 8432 278 12221
f 279 9734 8433
f 8433 12222 279
f 4281 11098 1930
f 909 9719 7038
f 4282 1931 11099
f 910 7039 9720
f 4283 1348 8185
f 1348 7132 9249
f 4284 8186 1349
f 1349 9250 7133
f 7058 2200 7333
f 8595 7333 2200
f 7059 7334 2201
f 8596 2201 7334
f 968 9354 4609
f 12303 11573 6973
f 969 4610 9355
f 12304 6974 11574
f 7165 4123 4289
f 7890 1529 5365
f 7166 4290 4124
f 7891 5366 1530
f 7422 632 5794
f 9551 5240 5794
f 7423 5795 633
f 9552 5795 5241
f 8028 4293 702
f 702 11652 5067
f 8029 703 4294
f 703 5068 11653
f 3986 6042 4295
f 9747 3986 9444
f 3987 4296 6043
f 9748 9445 3987
f 2898 1289 4297
f 2898 4297 7284
f 2899 4298 1290
f 2899 7285 4298
f 6537 8506 8398
f 1046 2775 8398
f 6538 8399 8507
f 1047 8399 2776
f 7928 7914 5597
f 7914 11306 5597
f 7929 5598 7915
f 7915 5598 11307
f 6462 4678 4303
f 905 4303 2367
f 6463 4304 4679
f 906 2368 4304
f 684 8506 4305
f 684 4305 11169
f 685 4306 8507
f 685 11170 4306
f 6354 4307 40
f 5949 40 4307
f 6355 41 4308
f 5950 4308 41
f 6245 1491 4309
f 1491 10164 8201
f 6246 4310 1492
f 1492 8202 10165
f 4739 8273 4311
f 885 9657 4311
f 4739 4312 8273
f 885 4312 9658
f 4313 7217 1831
f 10689 4313 1831
f 4314 1832 7218
f 10690 1832 4314
f 6249 4315 10852
f 8078 1994 2919
f 6250 10853 4316
f 8079 2920 1995
f 10939 4317 1586
f 11660 3956 9194
f 10940 1587 4318
f 11661 9195 3957
f 4319 10514 298
f 4413 6247 11284
f 4320 299 10515
f 4414 11285 6248
f 8269 4321 8532
f 4674 859 7954
f 8270 8533 4322
f 4675 7955 860
f 4323 2240 660
f 4766 8032 1249
f 4324 661 2241
f 4767 1250 8033
f 8215 10667 4325
f 9813 2377 7076
f 8216 4326 10668
f 9814 7077 2378
f 5705 11114 4327
f 5296 8211 467
f 5706 4328 11115
f 5297 468 8212
f 11193 4329 88
f 2277 4329 4668
f 11194 89 4330
f 2278 4669 4330
f 4331 755 187
f 3057 5814 10204
f 4332 188 756
f 3058 10205 5815
f 10733 4333 2662
f 4333 4319 2662
f 10734 2663 4334
f 4334 2663 4320
f 4335 8881 7220
f 4602 8881 11765
f 4336 7221 8882
f 4603 11766 8882
f 8968 4337 217
f 11031 6168 5202
f 8969 218 4338
f 11032 5203 6169
f 7858 4339 5030
f 4339 3706 10790
f 7859 5031 4340
f 4340 10791 3707
f 5693 5679 4341
f 3598 10826 402
f 5694 4342 5680
f 3599 403 10827
f 4043 8106 12392
f 549 8106 8098
f 4044 12393 8107
f 550 8099 8107
f 10731 10186 4345
f 874 10731 8263
f 10732 4346 10187
f 874 8264 10732
f 3923 4347 8976
f 1537 7005 12498
f 3924 8977 4348
f 1538 12499 7006
f 4517 4349 1496
f 6253 8010 3942
f 4518 1497 4350
f 6254 3943 8011
f 5569 8698 4351
f 1256 4157 12169
f 4352 8699 5570
f 12170 4158 1257
f 4353 237 2373
f 4353 2373 6416
f 4354 2374 238
f 4354 6417 2374
f 4355 10880 6100
f 8806 5435 1514
f 4356 6101 10881
f 8807 1515 5436
f 8824 6737 4357
f 2022 1387 4357
f 8825 4358 6738
f 2023 4358 1388
f 11375 4856 4359
f 3460 4359 8648
f 11376 4360 4857
f 3461 8649 4360
f 2581 7846 4361
f 2581 4361 7438
f 2582 4362 7847
f 2582 7439 4362
f 4363 1012 292
f 6881 4712 10754
f 4364 293 1013
f 6882 10755 4713
f 3304 4365 1354
f 7702 1354 4365
f 3305 1355 4366
f 7703 4366 1355
f 4367 1768 9257
f 8966 11079 7540
f 4368 9258 1769
f 8967 7541 11080
f 4379 4369 9982
f 10599 4369 9046
f 4380 9983 4370
f 10600 9047 4370
f 4371 11267 3284
f 3790 4371 3284
f 4372 3285 11268
f 3791 3285 4372
f 5685 5709 4373
f 9751 9607 8369
f 5686 4374 5710
f 9752 8370 9608
f 2523 9208 7288
f 7288 9208 5769
f 2524 7289 9209
f 7289 5770 9209
f 451 4377 845
f 6334 9448 4012
f 452 846 4378
f 6335 4013 9449
f 8430 4379 1302
f 8430 4369 4379
f 8431 1303 4380
f 8431 4380 4370
f 4381 4147 5063
f 10132 621 8038
f 4382 5064 4148
f 10133 8039 622
f 5876 8676 4383
f 6965 2182 1273
f 5877 4384 8677
f 6966 1274 2183
f 2329 924 4385
f 1346 8472 924
f 2330 4386 925
f 1347 925 8473
f 4387 10182 11429
f 4844 2694 1207
f 4388 11430 10183
f 4845 1208 2695
f 4389 1554 2070
f 6223 8909 1554
f 4390 2071 1555
f 6224 1555 8910
f 2714 1748 4391
f 6981 2714 8516
f 2715 4392 1749
f 6982 8517 2715
f 73 7001 12461
f 7183 3788 7001
f 74 12462 7002
f 7184 7002 3789
f 1764 4395 12195
f 3820 4395 1764
f 1765 12196 4396
f 3821 1765 4396
f 10872 875 11888
f 875 2987 11888
f 10873 11889 876
f 876 11889 2988
f 5749 8179 4399
f 4998 1813 8698
f 5750 4400 8180
f 4999 8699 1814
f 574 11033 4401
f 3350 574 8375
f 575 4402 11034
f 3351 8376 575
f 10982 4403 3383
f 7201 4501 10982
f 10983 3384 4404
f 7202 10983 4502
f 11444 5868 4405
f 4405 5868 5359
f 11445 4406 5869
f 4406 5360 5869
f 11063 4407 5085
f 4407 1342 6687
f 11064 5086 4408
f 4408 6688 1343
f 4866 4409 11650
f 11637 5274 8440
f 4867 11651 4410
f 11638 8441 5275
f 1742 11051 4411
f 4588 11039 662
f 1743 4412 11052
f 4589 663 11040
f 4413 5965 642
f 9472 642 9482
f 4414 643 5966
f 9473 9483 643
f 1644 12305 4415
f 5170 6709 11979
f 1645 4416 12306
f 5171 11980 6710
f 4417 10657 5053
f 8638 4325 10667
f 4418 5054 10658
f 8639 10668 4326
f 4419 9356 8120
f 4419 11397 9356
f 4420 8121 9357
f 4420 9357 11398
f 9088 4421 11391
f 12215 9253 4421
f 9089 11392 4422
f 12216 4422 9254
f 8402 5035 10583
f 10583 233 2161
f 8403 10584 5036
f 10584 2162 234
f 6578 5194 4425
f 11470 5717 11460
f 6579 4426 5195
f 11471 11461 5718
f 4427 5445 2977
f 9178 6827 2238
f 4428 2978 5446
f 9179 2239 6828
f 4429 1103 11480
f 7312 4429 12350
f 4430 11481 1104
f 7313 12351 4430
f 4431 10846 3322
f 1062 743 8656
f 4432 3323 10847
f 1063 8657 744
f 4433 78 1234
f 10550 1234 12058
f 4434 1235 79
f 10551 12059 1235
f 9152 2873 4435
f 4435 2873 826
f 9153 4436 2874
f 4436 827 2874
f 8464 8739 5344
f 1756 406 8739
f 8465 5345 8740
f 1757 8740 406
f 4439 9136 9739
f 6799 4363 292
f 4440 9740 9137
f 6800 293 4364
f 4441 6644 5967
f 8630 4441 11735
f 4442 5968 6645
f 8631 11736 4442
f 3670 4443 4770
f 7538 10991 4443
f 3671 4771 4444
f 7539 4444 10992
f 8410 4445 9715
f 732 10605 4445
f 8411 9716 4446
f 733 4446 10606
f 9909 4447 7371
f 11985 1073 2553
f 9910 7371 4448
f 11986 2553 1073
f 2210 4449 8244
f 7177 12038 4449
f 2211 8245 4450
f 7178 4450 12039
f 4451 1664 1493
f 4451 5168 1664
f 4452 1494 1665
f 4452 1665 5169
f 11779 9867 4453
f 4453 9867 9857
f 11780 4454 9868
f 4454 9858 9868
f 2570 4291 4455
f 4445 10605 6572
f 2571 4456 4292
f 4446 6573 10606
f 143 4457 1809
f 10216 9221 7134
f 144 1810 4458
f 10217 7135 9222
f 9699 11533 9144
f 715 9144 11518
f 9700 9145 11534
f 716 11519 9145
f 4461 9018 2886
f 5184 8072 841
f 4462 2887 9019
f 5185 842 8073
f 1835 9062 3970
f 9701 334 9062
f 1836 3971 9063
f 9702 9063 335
f 4453 9857 1479
f 315 1479 9857
f 4454 1480 9858
f 316 9858 1480
f 1894 4467 67
f 8177 6977 4467
f 1895 68 4468
f 8178 4468 6978
f 2309 4469 4937
f 2309 3310 4469
f 2310 4938 4470
f 2310 4470 3311
f 936 12271 4471
f 147 3480 11290
f 937 4472 12272
f 148 11291 3481
f 12337 4473 3948
f 728 7027 4473
f 12338 3949 4474
f 729 4474 7028
f 11474 4475 334
f 334 4475 4463
f 11475 335 4476
f 335 4464 4476
f 1841 4477 9480
f 7798 6060 9350
f 1841 9481 4478
f 7798 9351 6061
f 8496 4479 10128
f 11528 10128 4479
f 8497 10129 4480
f 11529 4480 10129
f 3073 4481 1174
f 7365 4481 3073
f 3074 1175 4482
f 7366 3074 4482
f 4483 5405 596
f 10768 596 3373
f 4484 597 5406
f 10769 3374 597
f 7510 3832 4485
f 8215 7510 4485
f 7511 4486 3833
f 8216 4486 7511
f 4487 1468 6251
f 9988 5693 2411
f 4488 6252 1469
f 9989 2412 5694
f 2271 4489 706
f 706 10723 9436
f 2272 707 4490
f 707 9437 10724
f 6322 4491 6110
f 8263 10731 4345
f 6323 6111 4492
f 8264 4346 10732
f 3073 1174 4493
f 7213 3328 10434
f 3074 4494 1175
f 7214 10435 3329
f 4483 2042 4495
f 10110 11342 5324
f 4484 4496 2043
f 10111 5325 11343
f 233 7746 4497
f 8573 2134 3406
f 234 4498 7747
f 8574 3407 2135
f 10579 5071 3968
f 10210 10579 3968
f 10580 3969 5072
f 10211 3969 10580
f 7894 4403 4501
f 10982 4501 4403
f 7895 4502 4404
f 10983 4404 4502
f 580 3147 11237
f 580 11237 5375
f 581 11238 3148
f 581 5376 11238
f 802 4505 6584
f 3268 10804 4951
f 803 6585 4506
f 3269 4952 10805
f 11642 4507 11410
f 11641 11409 4507
f 1446 9310 4508
f 9310 3905 4508
f 1447 4509 9311
f 9311 4509 3906
f 5342 4510 2989
f 4510 5254 2989
f 5343 2990 4511
f 4511 2990 5255
f 5280 12126 4512
f 3174 10262 8500
f 5281 4513 12127
f 3175 8501 10263
f 10970 4514 4860
f 7341 10956 3383
f 10971 4861 4515
f 7342 3384 10957
f 1989 11410 10678
f 1988 10677 11409
f 4517 1716 4349
f 8365 6046 8996
f 4518 4350 1717
f 8366 8997 6047
f 3964 8524 4519
f 10142 3964 6916
f 3965 4520 8525
f 10143 6917 3965
f 4521 859 4501
f 859 4521 3668
f 4522 4502 860
f 860 3669 4522
f 4523 10544 10842
f 10556 10436 10544
f 4524 10843 10545
f 10557 10545 10437
f 3548 4525 10506
f 1079 11850 7090
f 3549 10507 4526
f 1080 7091 11851
f 161 952 4527
f 9086 4527 5842
f 162 4528 953
f 9087 5843 4528
f 2083 4529 11116
f 9599 9617 7792
f 2084 11117 4530
f 9600 7793 9618
f 4531 7161 7173
f 8937 4977 10637
f 4532 7174 7162
f 8938 10638 4978
f 9426 572 1648
f 3015 572 6711
f 9427 1649 573
f 3016 6712 573
f 7550 1686 4535
f 110 4535 6470
f 4536 1687 7551
f 6471 4536 111
f 1733 4564 4537
f 8494 8504 9243
f 1734 4538 4565
f 8495 9244 8505
f 9917 4 11753
f 9917 3490 8367
f 9918 11754 5
f 9918 8368 3491
f 4541 387 1441
f 2511 7805 11118
f 4542 1442 388
f 2512 11119 7806
f 3974 5008 4543
f 1310 2329 4543
f 3975 4544 5009
f 1311 4544 2330
f 7031 10987 4545
f 7031 4545 1574
f 7032 4546 10988
f 7032 1575 4546
f 12150 1276 6309
f 12149 6308 1275
f 6608 7836 4548
f 10300 4548 1018
f 6609 4549 7837
f 10301 1019 4549
f 9497 4550 1963
f 11259 10020 12044
f 9498 1964 4551
f 11260 12045 10021
f 8494 9243 3462
f 9253 9243 560
f 8495 3463 9244
f 9254 561 9244
f 2437 4554 7290
f 2437 8302 4554
f 2438 7291 4555
f 2438 4555 8303
f 7106 4556 4381
f 2299 6126 1443
f 7107 4382 4557
f 2300 1444 6127
f 80 4558 11842
f 4558 80 8860
f 81 11843 4559
f 4559 8861 81
f 9945 3312 4560
f 2038 9300 12241
f 9946 4561 3313
f 2039 12242 9301
f 4562 7836 6608
f 5973 4562 8246
f 4563 6609 7837
f 5974 8247 4563
f 4564 11474 334
f 6024 2971 12084
f 4565 335 11475
f 6025 12085 2972
f 3158 3400 4566
f 4566 8528 990
f 3159 4567 3401
f 4567 991 8529
f 4568 483 2343
f 736 10412 2343
f 4569 2344 483
f 737 2344 10413
f 7681 2024 4560
f 2024 7681 443
f 7682 4561 2025
f 2025 444 7682
f 9169 7473 4572
f 9168 4572 7472
f 7653 4573 8203
f 8690 5310 8203
f 7654 8204 4574
f 8691 8204 5311
f 11567 4575 2499
f 2499 4575 751
f 11568 2500 4576
f 2500 752 4576
f 2431 9468 10896
f 7688 10884 11446
f 2432 10897 9469
f 7689 11447 10885
f 9420 4579 9219
f 6837 896 4579
f 9421 9220 4580
f 6838 4580 897
f 4581 5892 2523
f 2523 7288 4581
f 4582 2524 5893
f 2524 4582 7289
f 9969 75 4583
f 9968 4583 75
f 4584 2793 988
f 4584 10862 4248
f 4585 989 2794
f 4585 4249 10863
f 9468 4586 1624
f 3851 1624 7355
f 9469 1625 4587
f 3852 7356 1625
f 4588 11567 10256
f 4588 662 7611
f 4589 10257 11568
f 4589 7612 663
f 2902 9241 4590
f 9241 303 11338
f 2903 4591 9242
f 9242 11339 304
f 3266 4592 578
f 7171 12106 3266
f 3267 579 4593
f 7172 3267 12107
f 1602 913 4594
f 6190 8236 547
f 1603 4595 914
f 6191 548 8237
f 8228 4596 7645
f 7706 12492 812
f 8229 7646 4597
f 7707 813 12493
f 303 4598 684
f 9241 5894 303
f 304 685 4599
f 9242 304 5895
f 4600 8764 10288
f 4611 1548 7536
f 4601 10289 8765
f 4612 7537 1549
f 10882 4602 5681
f 2969 8881 4602
f 10883 5682 4603
f 2970 4603 8882
f 7916 5367 4604
f 4604 894 584
f 7917 4605 5368
f 4605 585 895
f 8260 4606 8390
f 4606 10568 3451
f 8391 4607 8260
f 3452 10569 4607
f 1284 4608 919
f 1283 919 4608
f 4609 3371 10518
f 10518 4250 4609
f 4610 10519 3372
f 10519 4610 4251
f 10272 7536 12263
f 10272 2593 504
f 10273 12264 7537
f 10273 505 2594
f 4613 672 7750
f 9348 10856 9338
f 4614 7751 673
f 9349 9339 10857
f 2833 4615 1158
f 1158 6815 4161
f 2834 1159 4616
f 1159 4162 6816
f 3634 154 4774
f 7116 5737 3504
f 3635 4775 155
f 7117 3505 5738
f 11477 4918 5050
f 11476 5049 4917
f 4620 1300 11183
f 5030 1300 4620
f 4621 11184 1301
f 5031 4621 1301
f 11605 1328 6093
f 1328 8340 5296
f 11606 6094 1329
f 1329 5297 8341
f 6660 962 4624
f 5258 11344 962
f 6661 4625 963
f 5259 963 11345
f 4626 1302 7872
f 4636 8430 1302
f 4627 7873 1303
f 4637 1303 8431
f 4628 9368 7518
f 2293 4628 1934
f 4629 7519 9369
f 2294 1935 4629
f 4630 2961 9655
f 10914 71 1852
f 4631 9656 2962
f 10915 1853 72
f 27 4660 4632
f 3842 11437 6509
f 27 4633 4661
f 3842 6510 11437
f 4634 1556 7280
f 453 11257 7292
f 4635 7281 1557
f 454 7293 11258
f 1302 4626 4636
f 4636 4626 491
f 1303 4637 4627
f 4637 492 4627
f 510 8713 4638
f 7704 11177 510
f 511 4639 8714
f 7705 511 11178
f 4640 8614 2839
f 6765 2839 9787
f 4641 2840 8615
f 6766 9788 2840
f 6656 10356 10340
f 5248 9970 3214
f 6657 10341 10357
f 5249 3215 9971
f 11257 4644 7292
f 3737 10010 11257
f 11258 7293 4645
f 3738 11258 10011
f 2611 7635 4646
f 531 2611 6480
f 2611 4647 7636
f 531 6481 2611
f 3021 9847 4648
f 8363 4925 1622
f 3022 4649 9848
f 8364 1623 4926
f 2599 4650 10192
f 10760 7993 8707
f 2600 10193 4651
f 10761 8708 7994
f 10806 4295 3415
f 3986 4295 9444
f 10807 3416 4296
f 3987 9445 4296
f 6747 2379 10932
f 2379 2391 10932
f 6748 10933 2380
f 2380 10933 2392
f 12343 10677 4656
f 12140 6000 8943
f 12343 4657 10678
f 12140 8943 6001
f 4658 5075 7651
f 9571 4658 9561
f 4659 7652 5076
f 9572 9562 4659
f 8350 4660 27
f 4660 531 6480
f 8350 27 4661
f 4661 6481 531
f 11169 4305 4662
f 11159 11251 6513
f 11170 4663 4306
f 11160 6514 11252
f 4664 6971 8377
f 96 4664 9771
f 4665 8378 6972
f 97 9772 4665
f 4666 12307 3206
f 1746 10310 10362
f 4667 3207 12308
f 1747 10363 10311
f 4329 11193 4668
f 1454 11415 11193
f 4330 4669 11194
f 1455 11194 11416
f 2971 4670 847
f 2971 4682 4670
f 2972 848 4671
f 2972 4671 4683
f 4672 2644 1588
f 9713 5264 2644
f 4673 1589 2645
f 9714 2645 5265
f 1504 4674 10609
f 439 4674 1504
f 1505 10610 4675
f 440 1505 4675
f 4676 11185 2803
f 197 11185 4676
f 4677 2804 11186
f 197 4677 11186
f 4678 6462 3264
f 1959 6022 11591
f 4679 3265 6463
f 1960 11592 6023
f 12509 4680 6350
f 4696 5624 1188
f 12510 6351 4681
f 4697 1189 5625
f 4682 8258 10953
f 3632 8956 10953
f 4683 10954 8259
f 3633 10954 8957
f 4684 32 479
f 479 6466 7673
f 4685 480 33
f 480 7674 6467
f 7376 4686 555
f 12219 6243 9316
f 7377 556 4687
f 12220 9317 6244
f 4688 11211 7892
f 4269 9291 1209
f 4689 7893 11212
f 4270 1210 9292
f 7690 1130 12346
f 9789 12358 1974
f 7691 12347 1131
f 9790 1975 12359
f 237 8452 4692
f 8452 10036 4692
f 238 4693 8453
f 8453 4693 10037
f 4694 9893 9879
f 11381 3942 8010
f 4695 9880 9894
f 11382 8011 3943
f 4696 8870 5624
f 4696 11557 8870
f 4697 5625 8871
f 4697 8871 11558
f 7526 4698 11569
f 10168 3853 7268
f 7527 11570 4699
f 10169 7269 3854
f 9130 9430 9927
f 1385 5610 6871
f 9131 9928 9431
f 1386 6872 5611
f 2363 4702 6981
f 7609 10778 12500
f 2364 6982 4703
f 7610 12501 10779
f 4704 5922 3169
f 3169 4077 12052
f 4705 3170 5923
f 3170 12053 4078
f 6598 8679 2062
f 1914 7228 10792
f 6599 2063 8680
f 1915 10793 7229
f 1600 3804 8406
f 11557 4696 12335
f 1601 8407 3805
f 11558 12336 4697
f 8371 4710 11389
f 11402 4672 11389
f 8372 11390 4711
f 11403 11390 4673
f 4712 7290 8913
f 4712 1012 10754
f 4713 8914 7291
f 4713 10755 1013
f 8373 4714 3379
f 4714 1262 3379
f 8374 3380 4715
f 4715 3380 1263
f 10524 3512 427
f 2186 3512 9625
f 10525 428 3513
f 2187 9626 3513
f 11904 4718 6213
f 3182 10480 11904
f 11905 6214 4719
f 3183 11905 10481
f 8960 946 9229
f 12335 946 8960
f 8961 9230 947
f 12336 8961 947
f 11286 7066 4214
f 9364 12496 4214
f 11287 4215 7067
f 9365 4215 12497
f 4724 8292 1918
f 7878 9322 5160
f 4725 1919 8293
f 7879 5161 9323
f 4726 3280 2008
f 4726 2008 5300
f 4727 2009 3281
f 4727 5301 2009
f 2204 10194 10202
f 2204 10202 1087
f 2205 10203 10195
f 2205 1088 10203
f 4730 8479 1155
f 9396 4730 1155
f 1154 8478 4731
f 1154 4731 9397
f 4732 11705 9517
f 6618 4744 11906
f 4733 9518 11706
f 6619 11907 4745
f 7546 1363 4734
f 4734 1230 11686
f 7547 4735 1364
f 4735 11687 1231
f 8900 2653 9652
f 8899 9651 2652
f 4737 1377 4726
f 9314 11674 4737
f 4738 4727 1378
f 9315 4738 11675
f 13 3042 4739
f 13 4739 3041
f 4137 4740 7786
f 4740 7343 7786
f 4138 7787 4741
f 4741 7787 7344
f 9000 4742 3065
f 11965 11041 7950
f 9001 3066 4743
f 11966 7951 11042
f 9517 4744 6618
f 9517 9791 4744
f 9518 6619 4745
f 9518 4745 9792
f 5443 4746 9817
f 4746 7193 9817
f 5444 9818 4747
f 4747 9818 7194
f 1525 12100 4748
f 10812 9629 191
f 4749 12101 1526
f 192 9630 10813
f 12090 4750 6681
f 5888 4945 381
f 12091 6682 4751
f 5889 382 4946
f 1128 2863 4752
f 2863 8070 9388
f 1129 4753 2864
f 2864 9389 8071
f 3618 9084 5655
f 8080 5655 9084
f 3619 5656 9085
f 8081 9085 5656
f 857 4756 3528
f 994 4756 7768
f 858 3529 4757
f 995 7769 4757
f 4758 1403 1580
f 11504 8148 2680
f 4759 1581 1404
f 11505 2681 8149
f 6883 6893 4760
f 4760 3708 960
f 6884 4761 6894
f 4761 961 3709
f 1566 2720 10288
f 1566 10288 8764
f 1567 10289 2721
f 1567 8765 10289
f 11037 4764 10822
f 10834 3421 7702
f 11038 10823 4765
f 10835 7703 3422
f 8084 2240 4766
f 2240 4323 4766
f 8085 4767 2241
f 2241 4767 4324
f 4768 8715 1464
f 1464 8672 9733
f 4769 1465 8716
f 1465 9734 8673
f 730 4770 6223
f 5077 3670 4770
f 731 6224 4771
f 5078 4771 3671
f 954 9945 4560
f 3946 9569 6318
f 955 4561 9946
f 3947 6319 9570
f 4617 3296 4774
f 4617 7116 7710
f 4618 4775 3297
f 4618 7711 7117
f 2036 4776 1285
f 8062 11991 1320
f 2037 1286 4777
f 8063 1321 11992
f 10294 4778 2044
f 2044 4778 5957
f 10295 2045 4779
f 2045 5958 4779
f 9074 4780 2229
f 9221 8756 5270
f 9075 2230 4781
f 9222 5271 8757
f 1500 12344 4782
f 1514 5435 6100
f 1501 4783 12345
f 1515 6101 5436
f 7781 9057 10533
f 7780 10532 9056
f 6410 8288 4785
f 1466 10669 7274
f 6411 4786 8289
f 1467 7275 10670
f 12436 5123 11876
f 806 6112 4256
f 12437 11877 5124
f 807 4257 6113
f 7754 2959 9462
f 2959 8088 9462
f 7755 9463 2960
f 2960 9463 8089
f 12070 4791 12430
f 12070 1514 6100
f 12071 12431 4792
f 12071 6101 1515
f 4793 1522 5280
f 11472 2515 1522
f 4794 5281 1523
f 11473 1523 2516
f 4795 3628 9285
f 4795 3613 3628
f 4796 9286 3629
f 4796 3629 3614
f 4797 1872 1881
f 3224 12390 4797
f 4798 1882 1873
f 3225 4798 12391
f 8307 3732 8523
f 8306 8522 3731
f 11011 4800 2144
f 4789 10140 7774
f 11012 2145 4801
f 4790 7775 10141
f 4802 3166 2552
f 2552 11977 4802
f 4803 2552 3166
f 2552 4803 11978
f 10607 2519 4804
f 10617 7657 4804
f 4805 2520 10608
f 4805 7658 10618
f 4806 3083 1178
f 1178 2791 4806
f 4807 1179 3084
f 1179 4807 2792
f 5093 816 4808
f 11027 4808 816
f 5094 4809 817
f 11028 817 4809
f 2769 4810 1684
f 4810 7586 1684
f 2770 1685 4811
f 4811 1685 7587
f 3230 4812 12145
f 4812 5563 6731
f 3231 12146 4813
f 4813 6732 5564
f 6539 12028 9717
f 1365 9723 6108
f 6540 9718 12029
f 1366 6109 9724
f 11041 4816 7950
f 10420 30 1768
f 11042 7951 4817
f 10421 1769 31
f 10864 10098 11106
f 5292 11973 3105
f 10865 11107 10099
f 5293 3106 11974
f 2331 719 4820
f 10591 1640 7908
f 2332 4821 720
f 10592 7909 1641
f 5842 4822 9086
f 6068 4822 2773
f 5843 9087 4823
f 6069 2774 4823
f 4824 32 4684
f 4824 7898 10635
f 4825 4685 33
f 4825 10636 7899
f 7154 4826 8684
f 4061 4826 9903
f 7154 8685 4827
f 4062 9904 4827
f 2174 4828 6048
f 2174 3898 9921
f 2175 6049 4829
f 2175 9922 3899
f 5503 4830 10999
f 9094 10999 4830
f 5504 11000 4831
f 9095 4831 11000
f 4832 7852 9450
f 1584 4832 323
f 4833 9451 7853
f 1585 324 4833
f 4795 4834 3613
f 3613 12494 7641
f 4796 3614 4835
f 3614 7642 12495
f 2305 94 4836
f 4836 8939 11834
f 2306 4837 95
f 4837 11835 8940
f 4838 1616 1692
f 4838 1692 3911
f 4839 1693 1617
f 4839 3912 1693
f 12511 1172 2293
f 2170 7597 12511
f 12512 2294 1173
f 2171 12512 7598
f 4842 5525 1160
f 5041 562 4842
f 4843 1161 5526
f 5042 4843 563
f 4844 10182 10810
f 10810 1652 9190
f 4845 10811 10183
f 10811 9191 1653
f 1636 4846 3508
f 3190 4846 1636
f 1637 3509 4847
f 3191 1637 4847
f 1487 10148 4848
f 3039 5942 9653
f 1488 4849 10149
f 3040 9654 5943
f 9843 4850 1682
f 4850 9843 8154
f 9844 1683 4851
f 4851 8155 9844
f 1698 7112 4852
f 4311 1698 10701
f 1699 4853 7113
f 4312 10702 1699
f 1474 4854 1957
f 7790 5755 1957
f 1475 1958 4855
f 7791 1958 5756
f 4856 9501 4359
f 7418 9501 4856
f 4857 4360 9502
f 7419 4857 9502
f 4435 4858 1356
f 1356 9487 9499
f 4436 1357 4859
f 1357 9500 9488
f 8802 4860 4514
f 3377 4860 8802
f 8803 4515 4861
f 3378 8803 4861
f 284 11840 4862
f 9142 4862 3338
f 285 4863 11841
f 9143 3339 4863
f 4864 7031 1574
f 1574 11775 4864
f 4865 1575 7032
f 1575 4865 11776
f 2222 1308 4866
f 2222 6058 5150
f 2223 4867 1309
f 2223 5151 6059
f 2977 4868 920
f 8488 920 7092
f 2978 921 4869
f 8489 7093 921
f 5705 2353 12157
f 12157 2353 4069
f 5706 12158 2354
f 12158 4070 2354
f 4590 4872 7864
f 2194 8416 5661
f 4591 7865 4873
f 2195 5662 8417
f 4874 7226 10641
f 10542 4874 5866
f 4875 10642 7227
f 10543 5867 4875
f 1791 4876 9825
f 1791 7036 4876
f 1792 9826 4877
f 1792 4877 7037
f 7468 3352 10972
f 2066 10972 8261
f 7469 10973 3353
f 2067 8262 10973
f 1069 2546 4880
f 2546 4686 7376
f 1070 4881 2547
f 2547 7377 4687
f 4882 10621 475
f 10621 4882 2361
f 4883 476 10622
f 10622 2362 4883
f 7328 4884 5061
f 11824 8774 5898
f 7329 5062 4885
f 11825 5899 8775
f 2769 4886 7940
f 6519 12179 4886
f 2770 7941 4887
f 6520 4887 12180
f 8620 1243 4888
f 9541 1546 7896
f 8621 4889 1244
f 9542 7897 1547
f 9462 4890 7754
f 4890 4694 1510
f 9463 7755 4891
f 4891 1511 4695
f 11771 2289 3809
f 3809 10228 11771
f 11772 3810 2290
f 3810 11772 10229
f 1423 7730 4894
f 4369 1423 4894
f 1424 4895 7731
f 4370 4895 1424
f 4896 11717 5176
f 5898 11717 11739
f 4897 5177 11718
f 5899 11740 11718
f 4898 1632 364
f 7736 2744 7728
f 4899 365 1633
f 7737 7729 2745
f 4900 11767 4499
f 4900 4909 1908
f 4901 4500 11768
f 4901 1909 4910
f 2703 11846 4902
f 8683 8678 2703
f 7619 4903 2568
f 1393 2260 5557
f 7620 2569 4904
f 1394 5558 2261
f 5626 4905 4014
f 117 5719 12404
f 5627 4015 4906
f 118 12405 5720
f 7880 3626 4907
f 8334 1864 4907
f 7881 4908 3627
f 8335 4908 1865
f 2401 4909 4900
f 3939 4909 11132
f 2402 4901 4910
f 3940 11133 4910
f 4911 10184 1829
f 9198 10741 1829
f 4912 1830 10185
f 9199 1830 10742
f 6488 191 4913
f 191 2702 4913
f 4914 192 6489
f 4914 4902 192
f 4915 9054 4218
f 1924 2413 12199
f 4916 4219 9055
f 1925 12200 2414
f 4619 11476 4917
f 3332 4619 4917
f 4619 4918 11477
f 3333 4918 4619
f 319 5996 4919
f 11419 3433 11981
f 320 4920 5997
f 11420 11982 3434
f 769 4921 5792
f 10834 7702 769
f 770 5793 4922
f 10835 770 7703
f 5602 1369 10222
f 9691 8351 5573
f 5603 10223 1370
f 9692 5574 8352
f 4925 8363 9939
f 8269 4925 9939
f 4926 9940 8364
f 8270 9940 4926
f 4125 6390 4927
f 2534 7456 4927
f 4126 4928 6391
f 2535 4928 7457
f 4929 2020 7534
f 12124 8408 8612
f 4930 7535 2021
f 12125 8613 8409
f 4931 1694 11207
f 2425 6588 4931
f 4932 11208 1695
f 2426 4932 6589
f 2128 4933 379
f 2128 6281 8988
f 2129 380 4934
f 2129 8989 6282
f 5069 4935 7444
f 2779 463 4935
f 5070 7445 4936
f 2780 4936 464
f 7060 2309 4937
f 726 9996 1662
f 7061 4938 2310
f 727 1663 9997
f 11641 4939 8118
f 4939 11641 4507
f 11642 8119 4940
f 4940 4507 11642
f 5555 4941 3071
f 8636 4941 763
f 5556 3072 4942
f 8637 764 4942
f 6765 10776 4943
f 11207 2425 4931
f 6766 4944 10777
f 11208 4932 2426
f 11427 4945 3632
f 11427 381 4945
f 11428 3633 4946
f 11428 4946 382
f 698 4947 6176
f 698 1399 4947
f 699 6177 4948
f 699 4948 1400
f 11375 4359 3460
f 9259 11375 3460
f 11376 3461 4360
f 9260 3461 11376
f 10816 4505 802
f 802 10130 10816
f 10817 803 4506
f 803 10817 10131
f 3486 4953 627
f 10144 4953 3486
f 3487 627 4954
f 10145 3487 4954
f 6715 4955 3117
f 3117 4955 7240
f 6716 3118 4956
f 3118 7241 4956
f 4957 8834 244
f 6543 244 4716
f 4958 245 8835
f 6544 4717 245
f 9249 4959 169
f 1340 10070 4959
f 9250 170 4960
f 1341 4960 10071
f 147 4961 3480
f 6412 7199 10346
f 148 3481 4962
f 6413 10347 7200
f 4963 389 3929
f 5593 389 11684
f 4964 3930 390
f 5594 11685 390
f 4965 994 7768
f 6614 10200 994
f 4966 7769 995
f 6615 995 10201
f 3580 7794 6672
f 7794 3580 5523
f 3581 6673 7795
f 7795 5524 3581
f 4527 10715 4969
f 4969 10715 9016
f 4528 4970 10716
f 4970 9017 10716
f 4971 2357 11308
f 6394 8001 11122
f 4972 11309 2358
f 6395 11123 8002
f 6911 3879 4973
f 11265 3879 1560
f 6912 4974 3880
f 11266 1561 3880
f 4874 10542 4975
f 10542 5707 4975
f 4875 4976 10543
f 10543 4976 5708
f 4977 9358 4090
f 12321 5427 644
f 4978 4091 9359
f 12322 645 5428
f 4979 6993 3616
f 4107 1604 8163
f 3617 6994 4980
f 8164 1605 4108
f 4981 5242 1506
f 1506 3929 4981
f 4982 1507 5243
f 1507 4982 3930
f 1568 7588 4983
f 1568 4983 8735
f 1569 4984 7589
f 1569 8736 4984
f 4985 2004 3375
f 6576 1762 2004
f 4986 3376 2005
f 6577 2005 1763
f 4987 2457 2471
f 10374 11801 11791
f 4988 2472 2458
f 10375 11792 11802
f 4989 1205 10412
f 3121 7512 9092
f 4990 10413 1206
f 3122 9093 7513
f 7876 6797 1109
f 1109 6797 11563
f 7877 1110 6798
f 1110 11564 6798
f 2421 12247 4993
f 8978 2421 8412
f 2422 4994 12248
f 8979 8413 2422
f 4995 8243 210
f 4995 210 8242
f 4996 1452 12447
f 12457 12239 7696
f 4997 12448 1453
f 12458 7697 12240
f 8179 4998 4399
f 4399 8334 10124
f 8180 4400 4999
f 4400 10125 8335
f 3137 6028 5000
f 5000 1056 4479
f 3138 5001 6029
f 5001 4480 1057
f 1495 1127 10874
f 7987 8830 6930
f 1495 10875 1127
f 7988 6930 8831
f 4987 2471 5004
f 10852 5004 2471
f 4988 5005 2472
f 10853 2472 5005
f 9929 10754 4363
f 10754 1012 4363
f 9930 4364 10755
f 10755 4364 1013
f 5008 6356 1310
f 5008 1310 4543
f 5009 1311 6357
f 5009 4544 1311
f 5010 12492 7706
f 5010 7264 3875
f 5011 7707 12493
f 5011 3876 7265
f 4246 5012 628
f 5059 8907 12209
f 4247 629 5013
f 5060 12210 8908
f 5014 2126 11195
f 5002 2126 5014
f 5015 11196 2127
f 5003 5015 2127
f 5016 3708 9703
f 5693 9988 9703
f 5017 9704 3709
f 5694 9704 9989
f 8577 5018 11379
f 11379 5018 3232
f 8578 11380 5019
f 11380 3233 5019
f 3216 9308 5020
f 7454 4155 3216
f 3217 5021 9309
f 7455 3217 4156
f 7760 5591 5022
f 10484 1192 3029
f 7761 5023 5592
f 10485 3030 1193
f 5024 2867 11512
f 2144 2867 5024
f 5025 11513 2868
f 2145 5025 2868
f 10220 224 5026
f 5026 3838 2000
f 10221 5027 225
f 5027 2001 3839
f 778 5028 11249
f 7260 6515 7009
f 779 11250 5029
f 7261 7010 6516
f 5030 4339 10790
f 2054 1850 5030
f 5031 10791 4340
f 2055 5031 1851
f 5032 5393 12134
f 5032 12134 9255
f 5033 12135 5394
f 5033 9256 12135
f 2702 5034 1875
f 2702 11847 5034
f 10446 11579 5035
f 5035 11579 10583
f 10447 5036 11580
f 5036 10584 11580
f 11719 5037 7627
f 2107 6741 8608
f 11720 7628 5038
f 2108 8609 6742
f 7886 5039 670
f 5039 12020 670
f 7887 671 5040
f 5040 671 12021
f 755 2915 5041
f 5041 4842 11328
f 756 5042 2916
f 5042 11329 4843
f 3506 5043 8652
f 6592 915 7828
f 3507 8653 5044
f 6593 7829 916
f 7762 5045 423
f 1939 7770 10528
f 7763 424 5046
f 1940 10529 7771
f 8490 3375 12279
f 12279 6360 3367
f 8491 12280 3376
f 12280 3368 6361
f 1959 5049 6022
f 4917 5049 1959
f 1960 6023 5050
f 4918 1960 5050
f 3354 8280 11995
f 11191 6402 2771
f 3355 11996 8281
f 11192 2772 6403
f 1289 5053 4297
f 4417 5053 1289
f 1290 4298 5054
f 4418 1290 5054
f 4762 8152 2574
f 6032 867 9223
f 4763 2575 8153
f 6033 9224 868
f 5057 4439 1650
f 6498 1650 355
f 5058 1651 4440
f 6499 356 1651
f 5012 7601 5059
f 5059 12209 5012
f 5013 5060 7602
f 5060 5013 12210
f 5061 4884 2509
f 11015 2509 407
f 5062 2510 4885
f 11016 408 2510
f 576 5063 156
f 576 4381 5063
f 577 157 5064
f 577 5064 4382
f 8616 2447 5065
f 10713 3226 5065
f 8617 5066 2448
f 10714 5066 3227
f 5067 3423 119
f 119 896 6837
f 5068 120 3424
f 120 6838 897
f 11892 4309 5069
f 5069 7444 2016
f 11893 5070 4310
f 5070 2017 7445
f 9775 2732 5071
f 2732 9984 9711
f 9776 5072 2733
f 2733 9712 9985
f 5073 3935 12451
f 10226 5073 7124
f 5074 12452 3936
f 10227 7125 5074
f 1395 7651 5075
f 5075 6861 1395
f 1396 5076 7652
f 5076 1396 6862
f 5077 10458 2337
f 5077 4770 730
f 5078 2338 10459
f 5078 731 4771
f 998 5079 5117
f 262 10024 7532
f 999 5118 5080
f 7533 10025 263
f 5081 5713 2250
f 5089 2250 6995
f 5082 2251 5714
f 5090 6996 2251
f 1735 3819 5083
f 6502 1735 10930
f 1735 5084 3819
f 6502 10931 1735
f 4407 5101 5085
f 11528 944 3389
f 4408 5086 5102
f 11529 3390 945
f 5095 5087 1817
f 6482 5087 1450
f 1818 5088 5096
f 6483 1451 5088
f 11395 5081 2250
f 7007 4071 5081
f 11396 2251 5082
f 7008 5082 4072
f 10416 2224 7146
f 2252 2224 10416
f 10417 7147 2225
f 2253 10417 2225
f 23 4203 5093
f 7798 23 6060
f 23 5094 4203
f 7798 6061 23
f 1450 5087 5095
f 5095 3853 1450
f 5096 5088 1451
f 5096 1451 3854
f 7952 5097 28
f 28 5097 7369
f 7953 29 5098
f 29 7370 5098
f 1823 171 5099
f 4545 10987 11854
f 1824 5100 172
f 4546 11855 10988
f 5085 5101 944
f 5101 2527 10112
f 5086 945 5102
f 5102 10113 2528
f 10172 5103 3719
f 3719 5103 1955
f 10173 3720 5104
f 3720 1956 5104
f 11629 5105 9176
f 5105 5304 2291
f 11630 9177 5106
f 5106 2292 5305
f 11953 5107 6505
f 11943 2781 5107
f 11954 6506 5108
f 11944 5108 2782
f 9036 824 5109
f 824 3714 9677
f 9037 5110 825
f 825 9678 3715
f 5111 8379 198
f 1150 2319 5111
f 5112 199 8380
f 1151 5112 2320
f 9002 5113 10212
f 1125 7882 7692
f 9003 10213 5114
f 1126 7693 7883
f 2605 7152 5115
f 8193 3457 2605
f 2606 5116 7153
f 8194 2606 3458
f 3540 5117 12443
f 1860 6602 5117
f 3541 12444 5118
f 1861 5118 6603
f 3554 5119 10798
f 3554 3978 5119
f 3555 10799 5120
f 3555 5120 3979
f 5121 10912 4244
f 5121 11417 1900
f 5122 4245 10913
f 5122 1901 11418
f 8189 3383 5123
f 5123 3383 10956
f 8190 5124 3384
f 5124 10957 3384
f 372 2517 5125
f 3514 7365 7347
f 373 5126 2518
f 3515 7348 7366
f 7631 3966 5127
f 3937 1837 10693
f 7632 5128 3967
f 3938 10694 1838
f 4455 5129 9821
f 877 9807 4341
f 4456 9822 5130
f 878 4342 9808
f 5131 5571 213
f 8654 5131 10585
f 5132 214 5572
f 8655 10586 5132
f 5288 5133 2060
f 8674 5928 4095
f 5289 2061 5134
f 8675 4096 5929
f 12132 800 5135
f 800 11387 5135
f 12133 5136 801
f 801 5136 11388
f 1081 10176 12003
f 12177 12003 6691
f 1082 12004 10177
f 12178 6692 12004
f 5139 10502 4269
f 12187 1668 7989
f 5140 4270 10503
f 12188 7990 1669
f 5141 3219 8423
f 5141 8422 3218
f 3996 5142 2926
f 2926 5142 202
f 3997 2927 5143
f 2927 203 5143
f 5144 6926 2763
f 2763 11336 5144
f 5145 2764 6927
f 2764 5145 11337
f 5146 9966 2097
f 6592 8700 9302
f 5147 2098 9967
f 6593 9303 8701
f 865 4079 5148
f 9366 1910 865
f 866 5149 4080
f 9367 866 1911
f 10936 5150 7330
f 8788 5220 10936
f 10937 7331 5151
f 8789 10937 5221
f 592 11741 2078
f 5139 2078 11741
f 593 2079 11742
f 5140 11742 2079
f 5144 5154 1916
f 6777 8185 10476
f 5145 1917 5155
f 6778 10477 8186
f 10709 2429 10719
f 2429 3958 10719
f 10710 10720 2430
f 2430 10720 3959
f 4053 5158 1320
f 10898 6793 9933
f 4054 1321 5159
f 10899 9934 6794
f 9322 1918 5160
f 7040 5160 12024
f 9323 5161 1919
f 7041 12025 5161
f 5162 11094 1696
f 1696 12368 5162
f 5163 1697 11095
f 1697 5163 12369
f 5164 4238 7304
f 1656 4238 9118
f 5165 7305 4239
f 1657 9119 4239
f 5166 11275 4193
f 9362 1405 5166
f 5167 4194 11276
f 9363 5167 1406
f 11187 5168 4451
f 7380 7637 7392
f 11188 4452 5169
f 7381 7393 7638
f 10928 6709 5170
f 10928 5170 1638
f 10929 5171 6710
f 10929 1639 5171
f 5172 3594 1783
f 1783 11729 5172
f 5173 1784 3595
f 1784 5173 11730
f 6082 7250 9164
f 7250 7025 195
f 6083 9165 7251
f 7251 196 7026
f 5176 1320 2688
f 8357 5176 2688
f 5177 2689 1321
f 8358 2689 5177
f 2109 7788 8187
f 7009 7788 10951
f 2110 8188 7789
f 7010 10952 7789
f 4836 5180 2305
f 2305 8205 5312
f 4837 2306 5181
f 2306 5313 8206
f 5182 9525 417
f 723 1326 5182
f 5183 418 9526
f 724 5183 1327
f 5184 9018 8072
f 713 5184 680
f 5185 8073 9019
f 714 681 5185
f 3980 5186 7609
f 9611 863 7912
f 3981 7610 5187
f 9612 7913 864
f 3063 1963 5188
f 1963 12056 5188
f 3064 5189 1964
f 1964 5189 12057
f 11599 9227 5190
f 5075 145 9998
f 11600 5191 9228
f 5076 9999 146
f 5192 10120 8161
f 5192 9485 2485
f 5193 8162 10121
f 5193 2486 9486
f 11460 5194 3584
f 7326 1322 3584
f 11461 3585 5195
f 7327 3585 1323
f 10597 5196 1500
f 5196 4113 1500
f 10598 1501 5197
f 5197 1501 4114
f 5198 1064 808
f 1064 7756 1684
f 5199 809 1065
f 1065 1685 7757
f 5200 11635 3035
f 5200 3035 7558
f 5201 3036 11636
f 5201 7559 3036
f 11043 11031 5202
f 10240 2335 11535
f 11044 5203 11032
f 10241 11536 2336
f 5204 4929 10092
f 5204 1322 7326
f 5205 10093 4930
f 5205 7327 1323
f 10354 5206 6016
f 5206 7712 10316
f 10355 6017 5207
f 5207 10317 7713
f 11247 5208 12056
f 1986 2926 9583
f 11248 12057 5209
f 1987 9584 2927
f 8530 5210 7584
f 112 4708 5210
f 8531 7585 5211
f 113 5211 4709
f 7179 5212 5202
f 11043 5202 10240
f 7180 5203 5213
f 11044 10241 5203
f 5214 658 3272
f 5214 525 658
f 5215 3273 659
f 5215 659 526
f 5216 8862 3832
f 3832 11280 5216
f 5217 3833 8863
f 3833 5217 11281
f 5218 1542 3532
f 4820 9519 5218
f 5219 3533 1543
f 4821 5219 9520
f 10936 5220 5150
f 10040 5150 5220
f 10937 5151 5221
f 10041 5221 5151
f 455 6426 5222
f 5222 5449 455
f 456 5223 6427
f 5223 456 5450
f 5224 5527 8702
f 780 5224 2501
f 5225 8703 5528
f 781 2502 5225
f 5226 3849 12195
f 3704 9581 5226
f 5227 12196 3850
f 3705 5227 9582
f 5228 3103 9346
f 6931 9346 10048
f 5229 9347 3104
f 6932 10049 9347
f 11203 5230 3101
f 8788 11203 5220
f 11204 3102 5231
f 8789 5221 11204
f 5232 11541 6674
f 4541 1441 12114
f 5233 6675 11542
f 4542 12115 1442
f 1089 1856 5234
f 9581 8238 5226
f 1090 5235 1857
f 9582 5227 8239
f 2908 10400 5236
f 2908 5236 1289
f 2909 5237 10401
f 2909 1290 5237
f 3600 5238 3611
f 792 10941 8036
f 3601 3612 5239
f 793 8037 10942
f 5129 7685 2411
f 9988 2411 7685
f 5130 2412 7686
f 9989 7686 2412
f 1506 5242 11021
f 5608 7570 12201
f 1507 11022 5243
f 5609 12202 7571
f 9671 3019 5244
f 6072 958 9679
f 9672 5245 3020
f 6073 9680 959
f 5246 8344 1584
f 5246 1584 8571
f 5247 1585 8345
f 5247 8572 1585
f 2083 9617 4529
f 9617 3214 4529
f 2084 4530 9618
f 9618 4530 3215
f 12203 5250 2091
f 5250 8814 7369
f 12204 2092 5251
f 5251 7370 8815
f 5252 8820 6316
f 8012 278 2269
f 5253 6317 8821
f 8013 2270 279
f 5254 9809 487
f 2989 5254 8310
f 5255 488 9810
f 2990 8311 5255
f 5256 272 2579
f 3524 12036 9845
f 5257 2580 273
f 3525 9846 12037
f 5258 10344 6133
f 2803 5258 8278
f 5259 6134 10345
f 2804 8279 5259
f 2936 5260 5266
f 2936 1489 5260
f 2937 5267 5261
f 2937 5261 1490
f 784 4746 5262
f 5262 1512 11805
f 785 5263 4747
f 5263 11806 1513
f 9713 1275 5264
f 6926 1916 11450
f 9714 5265 1276
f 6927 11451 1917
f 2936 5266 11803
f 36 5266 24
f 2937 11804 5267
f 37 25 5267
f 9200 5268 8597
f 2301 5268 702
f 9201 8598 5269
f 2302 703 5269
f 772 7284 5270
f 5270 8756 772
f 773 5271 7285
f 5271 773 8757
f 5272 558 2892
f 12484 5272 2892
f 5273 2893 559
f 12485 2893 5273
f 9251 5274 6693
f 4409 5274 11637
f 9252 6694 5275
f 4410 11638 5275
f 5276 6699 2628
f 717 5276 2628
f 5277 2629 6700
f 718 2629 5277
f 6951 11763 2341
f 10212 5290 11955
f 6952 2342 11764
f 10213 11956 5291
f 2196 4793 5280
f 8500 2196 5280
f 2197 5281 4794
f 8501 5281 2197
f 5282 2696 4923
f 3544 2696 10534
f 5283 4924 2697
f 3545 10535 2697
f 9747 9444 5284
f 7246 9747 10060
f 9748 5285 9445
f 7247 10061 9748
f 11100 5286 1138
f 12231 8118 4939
f 11101 1139 5287
f 12232 4940 8119
f 5288 1474 5133
f 8520 404 8508
f 5289 5134 1475
f 8521 8509 405
f 1433 9174 6420
f 12050 11763 6951
f 1434 6421 9175
f 12051 6952 11764
f 5292 12309 11973
f 9420 9219 12309
f 5293 11974 12310
f 9421 12310 9220
f 3238 5294 6775
f 187 5411 3238
f 3239 6776 5295
f 188 3239 5412
f 5296 467 3381
f 1328 5296 8980
f 5297 3382 468
f 1329 8981 5297
f 5298 7138 3198
f 10733 2662 34
f 5299 3199 7139
f 10734 35 2663
f 9478 4258 5300
f 8324 8650 11866
f 9479 5301 4259
f 8325 11867 8651
f 7531 652 5302
f 9396 2703 8678
f 5303 636 9397
f 5303 651 7530
f 5105 1028 5304
f 6070 6719 6821
f 5106 5305 1029
f 6071 6822 6720
f 11249 5306 11733
f 11249 5028 5306
f 11250 11734 5307
f 11250 5307 5029
f 6729 5308 1622
f 1002 1622 5308
f 6730 1623 5309
f 1003 5309 1623
f 1014 5310 12388
f 8203 5310 6604
f 1015 12389 5311
f 8204 6605 5311
f 9154 6845 1456
f 4772 6217 1456
f 9155 1457 6846
f 4773 1457 6218
f 5314 570 8822
f 4876 5314 3417
f 5315 8823 571
f 4877 3418 5315
f 6928 5316 5216
f 1201 9976 11870
f 6929 5217 5317
f 1202 11871 9977
f 8514 10462 2493
f 10462 1967 2493
f 8515 2494 10463
f 10463 2494 1968
f 5505 5320 2759
f 2759 6937 535
f 5506 2760 5321
f 2760 536 6938
f 664 5322 5336
f 5322 3105 280
f 665 5337 5323
f 5323 281 3106
f 5324 346 10110
f 346 11581 3025
f 5325 10111 347
f 347 3026 11582
f 5326 6020 2789
f 2789 9609 5326
f 5327 2790 6021
f 2790 5327 9610
f 5328 10370 11385
f 12301 10232 137
f 5329 11386 10371
f 12302 138 10233
f 5330 3775 7815
f 12265 5318 8514
f 5331 7816 3776
f 12266 8515 5319
f 2168 5332 515
f 5332 7963 7205
f 2169 516 5333
f 5333 7206 7964
f 5334 3976 7483
f 6937 10866 535
f 5335 7484 3977
f 6938 536 10867
f 5336 5322 280
f 1302 11971 7872
f 5337 281 5323
f 1303 7873 11972
f 3314 1365 5338
f 2178 3314 7056
f 3315 5339 1366
f 2179 7057 3315
f 6920 3441 5340
f 3441 350 11003
f 6921 5341 3442
f 3442 11004 351
f 6885 5342 181
f 1640 5135 10166
f 6886 182 5343
f 1641 10167 5136
f 537 3194 11969
f 537 11969 76
f 538 11970 3195
f 538 77 11970
f 6525 5346 2761
f 11492 1346 10526
f 6526 2762 5347
f 11493 10527 1347
f 5354 2530 8059
f 5353 8058 2529
f 11397 8662 9531
f 1598 9531 3369
f 11398 9532 8663
f 1599 3370 9532
f 5351 4012 1429
f 11033 1429 4401
f 5352 1430 4013
f 11034 4402 1430
f 5348 100 5353
f 5348 5353 7492
f 5348 5354 100
f 5348 7493 5354
f 250 7167 5355
f 250 5355 10366
f 251 5356 7168
f 251 10367 5356
f 7985 2242 5357
f 9206 2242 2634
f 7986 5358 2243
f 9207 2635 2243
f 11609 4405 5359
f 5359 336 11609
f 11610 5360 4406
f 5360 11610 337
f 8558 1990 10703
f 10703 1990 790
f 8559 10704 1991
f 10704 791 1991
f 7224 12074 5363
f 290 2947 5363
f 7225 5364 12075
f 291 5364 2948
f 10575 6239 3548
f 10575 1529 4289
f 10576 3549 6240
f 10576 4290 1530
f 2309 5367 3310
f 5367 7916 12014
f 2310 3311 5368
f 5368 12015 7917
f 379 4933 5369
f 6751 11330 9811
f 380 5370 4934
f 6752 9812 11331
f 3849 10772 5371
f 10482 5371 10772
f 3850 5372 10773
f 10483 10773 5372
f 3258 5373 678
f 6162 11989 3258
f 3259 679 5374
f 6163 3259 11990
f 5375 2399 10508
f 7633 5375 2676
f 5376 10509 2400
f 7634 2677 5376
f 5377 9661 7017
f 3208 1216 8346
f 5378 7018 9662
f 3209 8347 1217
f 9014 4093 5379
f 4093 6301 11711
f 9015 5380 4094
f 4094 11712 6301
f 2093 5918 5381
f 7335 8786 5699
f 2094 5382 5919
f 7336 5700 8787
f 5383 296 11231
f 5383 3710 867
f 5384 11232 297
f 5384 868 3711
f 529 5385 10788
f 3202 9162 9402
f 530 10789 5386
f 3203 9403 9163
f 9511 5387 8026
f 12098 5387 2072
f 9512 8027 5388
f 12099 2073 5388
f 5389 1170 11373
f 1170 5389 10254
f 5390 11374 1171
f 1171 10255 5390
f 992 4630 5391
f 4630 71 10914
f 993 5392 4631
f 4631 10915 72
f 5393 9793 12134
f 5393 3901 4026
f 5394 12135 9794
f 5394 4027 3902
f 11124 5395 1817
f 10697 1817 5395
f 1818 5396 11125
f 10698 5396 1818
f 2845 5397 2074
f 5389 10278 10254
f 2846 2075 5398
f 5390 10255 10279
f 9162 5385 529
f 9162 5697 5385
f 9163 530 5386
f 9163 5386 5698
f 10320 2099 5401
f 3300 5401 42
f 5402 2100 10321
f 42 5402 3301
f 9390 5403 8686
f 4838 3911 12120
f 9391 8687 5404
f 4839 12121 3912
f 1252 6588 9404
f 4931 6588 8681
f 1253 9405 6589
f 4932 8682 6589
f 2387 10750 5407
f 7104 7157 3167
f 2388 5408 10751
f 7105 3168 7158
f 2595 1758 5409
f 5697 5399 2595
f 2596 5410 1759
f 5698 2596 5400
f 3238 5411 9685
f 5411 4842 9685
f 3239 9686 5412
f 5412 9686 4843
f 5413 8016 3135
f 11130 3135 4004
f 5414 3136 8017
f 11131 4005 3136
f 1085 5415 11654
f 2815 10679 1702
f 1086 11655 5416
f 2816 1703 10680
f 2387 5417 10750
f 10760 8707 185
f 2388 10751 5418
f 10761 186 8708
f 11017 12362 5419
f 9901 2670 8494
f 11018 5420 12363
f 9902 8495 2671
f 10647 936 5421
f 9841 5421 1887
f 10648 5422 937
f 9842 1888 5422
f 5423 2212 6340
f 2200 2212 8595
f 5424 6341 2213
f 2201 8596 2213
f 1854 12076 7442
f 1854 5753 12076
f 1855 7443 12077
f 1855 12077 5754
f 5427 1789 644
f 4832 12386 7852
f 5428 645 1790
f 4833 7853 12387
f 5419 12362 8090
f 5419 8090 11346
f 5420 8091 12363
f 5420 11347 8091
f 10490 5431 10214
f 7126 7100 2890
f 10491 10215 5432
f 7127 2891 7101
f 5433 3642 3099
f 5433 3099 11143
f 5434 3100 3643
f 5434 11144 3100
f 6100 5435 4355
f 10858 9152 10653
f 6101 4356 5436
f 10859 10654 9153
f 149 10452 1427
f 10394 7050 7058
f 150 1428 10453
f 10395 7059 7051
f 5439 11110 2331
f 5439 6759 4008
f 5440 2332 11111
f 5440 4009 6760
f 7428 10332 2252
f 3226 163 7428
f 7429 2253 10333
f 3227 7429 164
f 11484 3498 5443
f 3498 8209 5443
f 11485 5444 3499
f 3499 5444 8210
f 5445 4427 1951
f 9178 672 5445
f 5446 1952 4428
f 9179 5446 673
f 5447 9769 6503
f 10697 5447 1817
f 5448 6504 9770
f 10698 1818 5448
f 5449 5222 10014
f 5449 12488 1959
f 5450 10015 5223
f 5450 1960 12489
f 3472 4177 5451
f 1550 10943 9509
f 3473 5452 4178
f 1551 9510 10944
f 2226 8007 5453
f 8804 9735 4441
f 2226 5454 8007
f 8805 4442 9736
f 694 5455 6494
f 1922 12474 8646
f 695 6495 5456
f 1923 8647 12475
f 5457 8556 2736
f 8542 8556 5457
f 5458 2737 8557
f 8543 5458 8557
f 2435 11688 1876
f 2922 1876 10482
f 2436 1877 11689
f 2923 10483 1877
f 5461 9168 7472
f 1614 5461 2325
f 5462 7473 9169
f 1615 2326 5462
f 6733 5463 7643
f 656 12207 10587
f 6734 7644 5464
f 657 10588 12208
f 3719 1955 5465
f 1955 6474 10814
f 3720 5466 1956
f 1956 10815 6475
f 3248 11583 5467
f 10028 11583 6088
f 3249 5468 11584
f 10029 6089 11584
f 5453 8007 5469
f 1 1295 10671
f 5454 5470 8007
f 1 10672 1295
f 5471 1694 5457
f 5471 11207 1694
f 5472 5458 1695
f 5472 1695 11208
f 8994 7432 5473
f 8731 572 2489
f 8995 5474 7433
f 8732 2490 573
f 12034 5475 7944
f 1462 5475 4660
f 12035 7945 5476
f 1463 4661 5476
f 7550 5477 1686
f 6211 8907 5477
f 1687 5478 7551
f 6212 5478 8908
f 5479 1602 8796
f 5312 11799 588
f 5480 8797 1603
f 5313 589 11800
f 3406 12348 5481
f 3406 5481 932
f 3407 5482 12349
f 3407 933 5482
f 1620 5483 1198
f 11435 11438 3749
f 1621 1199 5484
f 11436 3750 11439
f 1020 8138 5485
f 1020 5485 1710
f 1021 5486 8139
f 1021 1711 5486
f 11215 3698 5487
f 2455 11215 8874
f 11216 5488 3699
f 2456 8875 11216
f 5174 1052 5489
f 9953 9941 9968
f 5175 5490 1053
f 9954 9969 9942
f 10238 5491 1273
f 4055 7298 5491
f 10239 1274 5492
f 4056 5492 7299
f 9128 1379 4459
f 9128 5501 1379
f 9129 4460 1380
f 9129 1380 5502
f 5495 7972 6446
f 2636 5495 984
f 5496 6447 7973
f 2637 985 5496
f 5497 3230 2938
f 9487 8217 2938
f 5498 2939 3231
f 9488 2939 8218
f 2579 1277 5499
f 7337 7471 5910
f 2580 5500 1278
f 7338 5911 7471
f 5493 2744 5501
f 3847 9440 2744
f 5494 5502 2745
f 3848 2745 9441
f 5503 1308 2222
f 5503 10810 1308
f 5504 2223 1309
f 5504 1309 10811
f 1827 5505 3558
f 1827 5320 5505
f 1828 3559 5506
f 1828 5506 5321
f 5507 1953 3817
f 5485 7694 5507
f 5508 3818 1954
f 5486 5508 7695
f 1022 5509 7274
f 10601 5499 7209
f 1023 7275 5510
f 10602 7210 5500
f 3045 5511 2329
f 4543 2329 5511
f 3046 2330 5512
f 4544 5512 2330
f 248 11965 5513
f 5513 7306 248
f 249 5514 11966
f 5514 249 7307
f 2542 5515 3190
f 1906 3190 5515
f 2543 3191 5516
f 1907 5516 3191
f 6424 1128 837
f 5530 2730 9156
f 6425 838 1129
f 5531 9157 2731
f 3419 5519 10615
f 8887 6303 853
f 3420 10616 5520
f 8888 854 6304
f 5521 8741 11288
f 10022 11288 10685
f 5522 11289 8742
f 10023 10686 11289
f 3580 2585 5523
f 2585 4539 5523
f 3581 5524 2586
f 2586 5524 4540
f 5525 9452 6378
f 9452 5525 4842
f 5526 6379 9453
f 9453 4843 5526
f 3290 543 5527
f 8199 543 11928
f 3291 5528 544
f 8200 11929 544
f 8805 9736 2226
f 8804 2226 9735
f 5530 9156 6424
f 10414 5530 5517
f 5531 6425 9157
f 10415 5518 5531
f 786 952 5532
f 5532 9198 11967
f 787 5533 953
f 5533 11968 9199
f 5534 400 3176
f 11407 6825 2184
f 5535 3177 401
f 11408 2185 6826
f 986 5536 10474
f 5536 10372 3200
f 987 10475 5537
f 5537 3201 10373
f 11551 9659 2730
f 11551 2730 5530
f 11552 2731 9660
f 11552 5531 2731
f 1026 5540 2556
f 7238 6006 2556
f 1027 2557 5541
f 7239 2557 6007
f 5542 11757 7906
f 11757 9974 10022
f 5543 7907 11758
f 11758 10023 9975
f 5544 6 1938
f 919 6086 1938
f 5545 1938 6
f 919 1938 6087
f 9655 2961 5546
f 8336 5546 2961
f 9656 5547 2962
f 8337 2962 5547
f 5548 3781 1200
f 5548 1200 3780
f 340 10661 5549
f 5751 10090 3723
f 341 5550 10662
f 5752 3724 10091
f 7264 3091 5551
f 10314 3091 4189
f 7265 5552 3092
f 10315 4190 3092
f 5553 3800 970
f 9170 970 6521
f 5554 971 3801
f 9171 6522 971
f 5555 753 4941
f 5555 7019 753
f 5556 4942 754
f 5556 754 7020
f 7619 5557 4903
f 3771 4903 5557
f 7620 4904 5558
f 3772 5558 4904
f 3861 5559 7868
f 8974 5559 3861
f 3862 7869 5560
f 8975 3862 5560
f 5561 5532 3686
f 3686 3678 7191
f 5562 3687 5533
f 3687 7192 3679
f 6731 5563 9497
f 10744 2136 6116
f 6732 9498 5564
f 10745 6117 2137
f 5565 3925 5850
f 5932 3925 5565
f 5566 5851 3926
f 5933 5566 3926
f 2469 3318 5567
f 2469 5567 149
f 2470 5568 3319
f 2470 150 5568
f 9112 1864 5569
f 851 6531 10178
f 5570 1865 9113
f 10179 6532 852
f 1296 4143 5571
f 1296 8974 10164
f 1297 5572 4144
f 1297 10165 8975
f 5573 8351 1254
f 1254 5026 5589
f 5574 1255 8352
f 1255 5590 5027
f 9689 9675 4181
f 11876 9312 1232
f 9690 4182 9676
f 11877 1233 9313
f 11019 5577 393
f 5587 5577 3761
f 11020 394 5578
f 5588 3762 5578
f 2315 4514 5579
f 11670 10298 9394
f 2316 5580 4515
f 11671 9395 10299
f 5581 5565 459
f 5575 5581 10264
f 5582 460 5566
f 5576 10265 5582
f 849 5583 8664
f 10138 2117 3031
f 850 8665 5584
f 10139 3032 2118
f 4361 11621 5585
f 5391 8854 992
f 4362 5586 11622
f 5392 993 8855
f 5577 5587 393
f 393 7485 3352
f 5578 394 5588
f 394 3353 7486
f 5573 1254 5589
f 10336 5573 5589
f 5574 5590 1255
f 10337 5590 5574
f 2026 5591 270
f 8917 6366 5591
f 2027 271 5592
f 8918 5592 6367
f 2879 5593 11684
f 8286 8296 2879
f 2880 11685 5594
f 8287 2880 8297
f 1762 5595 3915
f 1762 7850 5595
f 1763 3916 5596
f 1763 5596 7851
f 5597 4301 7928
f 2949 4301 5597
f 5598 7929 4302
f 2950 5598 4302
f 406 8740 8295
f 406 8294 8739
f 10651 5600 9925
f 1852 71 5600
f 10652 9926 5601
f 1853 5601 72
f 5602 12394 1369
f 9859 3578 1930
f 5603 1370 12395
f 9860 1931 3579
f 1980 5604 4271
f 5604 7552 4271
f 1981 4272 5605
f 5605 4272 7553
f 5606 8901 12141
f 5606 12141 10326
f 5607 12142 8902
f 5607 10327 12142
f 5242 5608 12201
f 5242 2395 5608
f 5243 12202 5609
f 5243 5609 2396
f 82 5610 1385
f 5610 82 4268
f 82 1386 5611
f 4268 82 5611
f 1874 241 5612
f 10209 5612 5623
f 5613 240 1875
f 5622 5613 10208
f 3234 5614 1266
f 5606 5614 8901
f 3235 1267 5615
f 5607 8902 5615
f 5616 1862 3877
f 6963 5628 9915
f 5617 3878 1863
f 6964 9916 5629
f 5618 4133 10788
f 1748 2714 7300
f 5619 10789 4134
f 1749 7301 2715
f 1821 5620 8066
f 5620 8899 2383
f 1822 8067 5621
f 5621 2384 8900
f 5622 240 5613
f 240 5622 6602
f 5623 5612 241
f 241 6603 5623
f 12509 5624 4680
f 4680 5624 10910
f 12510 4681 5625
f 4681 10911 5625
f 10486 4905 5626
f 10486 9456 6468
f 10487 5627 4906
f 10487 6469 9457
f 9915 5628 1862
f 5628 3890 11878
f 9916 1863 5629
f 5629 11879 3891
f 12012 3900 5630
f 1272 12366 3900
f 12013 5631 3900
f 1272 3900 12367
f 1042 7961 5632
f 6873 5200 7496
f 1043 5633 7962
f 6874 7497 5201
f 5634 5641 435
f 5559 5634 435
f 5635 436 5642
f 5560 436 5635
f 9869 8173 5636
f 143 11253 8020
f 9870 5637 8174
f 144 8021 11254
f 5797 1720 8549
f 5796 8548 1720
f 5639 12018 10746
f 244 5639 2186
f 5640 10747 12019
f 245 2187 5640
f 5641 5634 8743
f 8743 5606 10326
f 5642 8744 5635
f 8744 10327 5607
f 129 2198 5643
f 11413 4744 129
f 130 5644 2199
f 11414 130 4745
f 5645 1805 2570
f 202 1805 8224
f 5646 2571 1806
f 203 8225 1806
f 1782 8562 10084
f 5663 7471 1782
f 1782 10085 8562
f 5664 1782 7471
f 2890 7100 5649
f 5649 7756 2890
f 2891 5650 7101
f 5650 2891 7757
f 5651 9182 1535
f 2367 1279 9460
f 5652 1536 9183
f 2368 9461 1280
f 9004 12028 5653
f 9935 660 11163
f 9005 5654 12029
f 9936 11164 661
f 366 5655 6741
f 8840 5655 366
f 367 6742 5656
f 8841 367 5656
f 9424 7639 5657
f 5904 3402 5657
f 9425 5658 7640
f 5905 5658 3403
f 1674 2849 5659
f 2849 11235 7886
f 1675 5660 2850
f 2850 7887 11236
f 5661 1902 2451
f 2451 4780 5661
f 5662 2452 1903
f 2452 5662 4781
f 12213 5663 1782
f 5910 5663 12213
f 12214 1782 5664
f 5911 12214 5664
f 11167 9378 5665
f 1419 5665 1846
f 11168 5666 9379
f 1420 1847 5666
f 329 5667 6993
f 5667 329 2676
f 6994 5668 330
f 5668 2677 330
f 1399 5669 964
f 806 5669 1399
f 1400 965 5670
f 807 1400 5670
f 5671 9877 734
f 734 11124 11112
f 5672 735 9878
f 735 11113 11125
f 12319 5673 1858
f 7938 12319 9308
f 12320 1859 5674
f 7939 9309 12320
f 10780 5675 3129
f 2497 1006 8254
f 10781 3130 5676
f 2498 8255 1007
f 11981 5677 2405
f 2405 9647 10464
f 11982 2406 5678
f 2406 10465 9648
f 10826 5679 402
f 402 5679 2835
f 10827 403 5680
f 403 2836 5680
f 10882 5681 9022
f 747 9166 6267
f 10883 9023 5682
f 748 6268 9167
f 121 5683 1848
f 121 2795 7448
f 122 1849 5684
f 122 7449 2796
f 5685 4373 9607
f 9679 9591 972
f 5686 9608 4374
f 9680 973 9592
f 2554 5687 6221
f 6987 10729 2554
f 2555 6222 5688
f 6988 2555 10730
f 3826 5689 441
f 3009 441 10530
f 3827 442 5690
f 3010 10531 442
f 9585 5691 1038
f 10358 1038 5691
f 9586 1039 5692
f 10359 5692 1039
f 5693 4487 5679
f 5693 9703 4487
f 5694 5680 4488
f 5694 4488 9704
f 8396 5695 12104
f 12104 5695 7830
f 8397 12105 5696
f 12105 7831 5696
f 5697 10424 484
f 5697 2595 5409
f 5698 485 10425
f 5698 5410 2596
f 387 5699 11130
f 7805 387 4541
f 388 11131 5700
f 7806 4542 388
f 6097 5701 3769
f 3769 5701 11615
f 6097 3770 5702
f 3770 11616 5702
f 178 9495 5703
f 3952 178 5703
f 178 5704 9496
f 3952 5704 178
f 5705 5719 2353
f 4327 2103 5705
f 5706 2354 5720
f 4328 5706 2104
f 5707 8860 2409
f 5707 7568 9837
f 5708 2410 8861
f 5708 9838 7569
f 5685 484 5709
f 10424 5709 484
f 5686 5710 485
f 10425 485 5710
f 5711 4666 980
f 1746 4666 5711
f 5712 981 4667
f 1747 5712 4667
f 11733 6312 2250
f 11733 5306 55
f 11734 2251 6313
f 11734 56 5307
f 3192 5715 7054
f 7609 2427 10778
f 3193 7055 5716
f 7610 10779 2428
f 5717 12486 11181
f 5717 2913 12486
f 5718 11182 12487
f 5718 12487 2914
f 5719 5705 2103
f 2103 1487 5719
f 5720 2104 5706
f 2104 5720 1488
f 5721 3371 4287
f 3371 5721 206
f 5722 4288 3372
f 3372 207 5722
f 11053 5723 3526
f 3526 5723 732
f 11054 3527 5724
f 3527 733 5724
f 5115 5725 7272
f 11987 2809 8438
f 5116 7273 5726
f 11988 8439 2810
f 1184 5727 4165
f 4443 8458 1184
f 1185 4166 5728
f 4444 1185 8459
f 2938 3230 5729
f 3230 12145 11902
f 2939 5730 3231
f 3231 11903 12146
f 9697 344 313
f 1456 6845 8640
f 9698 314 345
f 1457 8641 6846
f 3606 6550 5733
f 761 3606 8082
f 3607 5734 6551
f 762 8083 3607
f 5747 10572 5735
f 11077 1984 5735
f 5736 10573 5748
f 5736 1985 11078
f 154 4782 5737
f 154 5737 7116
f 155 5738 4783
f 155 7117 5738
f 5739 9803 3542
f 3542 11456 5739
f 5740 3543 9804
f 3543 5740 11457
f 3318 5741 3363
f 3318 6352 5741
f 3319 3364 5742
f 3319 5742 6353
f 10512 5743 5399
f 1472 10802 10512
f 10513 5400 5744
f 1473 10513 10803
f 5745 2911 3843
f 5745 3843 98
f 5746 3844 2912
f 5746 99 3844
f 1984 5747 5735
f 6785 8470 1984
f 5736 5748 1985
f 1985 8471 6786
f 3725 5749 9745
f 6877 609 7832
f 3726 9746 5750
f 6878 7833 610
f 11075 340 5751
f 340 5549 5751
f 11076 5752 341
f 341 5752 5550
f 12076 5753 7601
f 3562 508 5753
f 12077 7602 5754
f 3563 5754 509
f 7790 10916 5755
f 1972 2146 6695
f 7791 5756 10917
f 1973 6696 2147
f 11826 2323 7108
f 8165 9259 10230
f 11827 7109 2324
f 8166 10231 9260
f 3706 5751 5759
f 3706 5759 10790
f 3707 5760 5752
f 3707 10791 5760
f 10418 6062 5761
f 3439 617 10146
f 5762 6063 10419
f 10147 618 3440
f 4125 5763 6390
f 4125 1791 9825
f 4126 6391 5764
f 4126 9826 1792
f 2724 1520 5765
f 5774 8696 11128
f 2725 5766 1521
f 5775 11129 8697
f 12102 3964 10142
f 12356 506 10142
f 12103 10143 3965
f 12357 10143 507
f 10240 217 11043
f 4337 11043 217
f 10241 11044 218
f 4338 218 11044
f 5508 5771 3941
f 5507 3941 5771
f 12315 5772 11155
f 12315 4165 10466
f 12316 11156 5773
f 12316 10467 4166
f 11930 2724 10104
f 2724 5765 10104
f 11931 10105 2725
f 2725 10105 5766
f 10705 5776 284
f 3528 4756 8100
f 10706 285 5777
f 3529 8101 4757
f 4731 1166 5778
f 5778 9589 2099
f 5779 1167 4730
f 2100 9590 5779
f 5780 506 12356
f 1377 5780 3280
f 5781 12357 507
f 1378 3281 5781
f 11161 4109 5782
f 6277 978 2855
f 11162 5783 4110
f 6278 2856 979
f 3913 5784 7716
f 3913 12414 8632
f 3914 7717 5785
f 3914 8633 12415
f 1272 5786 12366
f 1272 8383 5786
f 1272 12367 5787
f 1272 5787 8383
f 6961 3025 5788
f 11797 3025 2262
f 6962 5789 3026
f 11798 2263 3026
f 2026 605 5790
f 5591 2026 8917
f 2027 5791 606
f 5592 8918 2027
f 8834 11233 5639
f 11830 3286 8834
f 8835 5640 11234
f 11831 8835 3287
f 11147 5794 10108
f 10108 5794 7685
f 11148 10109 5795
f 10109 7686 5795
f 5796 10174 8548
f 11797 2262 5796
f 5797 8549 10175
f 11798 5797 2263
f 3003 12414 3913
f 3003 2991 7981
f 3004 3914 12415
f 3004 7982 2992
f 5800 1377 9146
f 541 5103 10172
f 5801 9147 1378
f 542 10173 5104
f 5802 2660 222
f 12165 12155 5810
f 5803 223 2661
f 12166 5811 12156
f 9269 5804 1032
f 5804 10242 1032
f 9270 1033 5805
f 5805 1033 10243
f 5806 10006 12520
f 2111 9994 3524
f 5807 12521 10007
f 2112 3525 9995
f 5808 7999 700
f 7991 7830 700
f 5809 701 8000
f 7992 701 7831
f 5810 12155 9120
f 5810 9120 7177
f 5811 9121 12156
f 5811 7178 9121
f 3877 5812 11271
f 3877 7975 5812
f 3878 11272 5813
f 3878 5813 7976
f 2220 4331 5814
f 5814 4331 187
f 2221 5815 4332
f 5815 188 4332
f 8142 11537 5816
f 4083 5816 11537
f 8143 5817 11538
f 4083 11538 5817
f 11308 10004 3244
f 4084 8068 3244
f 11309 3245 10005
f 4085 3245 8069
f 5820 5838 5832
f 10850 8719 2455
f 5821 5833 5839
f 10851 2456 8720
f 399 6204 5822
f 8058 10955 12285
f 399 5823 6204
f 8059 12286 10955
f 2485 5824 11136
f 2485 9485 5824
f 2486 11137 5825
f 2486 5825 9486
f 10860 5826 3326
f 3326 7546 4734
f 10861 3327 5827
f 3327 4735 7547
f 11864 6513 1902
f 1902 5661 7514
f 11865 1903 6514
f 1903 7515 5662
f 7363 5830 2232
f 3188 2232 12042
f 7364 2233 5831
f 3189 12043 2233
f 5832 288 686
f 5832 686 5820
f 5833 687 289
f 5833 5821 687
f 2441 5834 2299
f 9261 6318 5834
f 2442 2300 5835
f 9262 5835 6319
f 4139 5836 515
f 4139 11951 9683
f 4140 516 5837
f 4140 9684 11952
f 2636 984 5838
f 5703 2636 8288
f 2637 5839 985
f 5704 8289 2637
f 5840 3838 2601
f 2601 758 7246
f 5841 2602 3839
f 2602 7247 759
f 2773 5842 9559
f 5842 2773 4822
f 2774 9560 5843
f 5843 4823 2774
f 10396 5844 1008
f 10364 7392 7637
f 10397 1009 5845
f 10365 7638 7393
f 5846 822 9231
f 4155 7454 5846
f 5847 9232 823
f 4156 5847 7455
f 5848 4145 1718
f 9889 690 10562
f 5849 1719 4146
f 9890 10563 691
f 5850 9609 2789
f 8236 966 9885
f 5851 2790 9610
f 8237 9886 967
f 1036 52 5852
f 11862 10854 8526
f 1037 5853 53
f 11863 8527 10855
f 4449 5854 1489
f 12038 11524 4449
f 4450 1490 5855
f 12039 4450 11525
f 4896 8357 5856
f 8919 708 3570
f 4897 5857 8358
f 8920 3571 709
f 11547 5858 1533
f 5858 10430 1533
f 11548 1534 5859
f 5859 1534 10431
f 5860 8715 4768
f 4279 5860 4768
f 5861 4769 8716
f 4280 4769 5861
f 9503 6821 5862
f 5862 928 10984
f 9504 5863 6822
f 5863 10985 929
f 1656 10838 5864
f 5864 123 6326
f 1657 5865 10839
f 5865 6327 124
f 545 10176 5866
f 545 5866 4874
f 546 5867 10177
f 546 4875 5867
f 5868 3820 5359
f 3820 5868 4395
f 5869 5360 3821
f 3821 4396 5869
f 948 5870 3149
f 9038 948 11595
f 949 3150 5871
f 9039 11596 949
f 2327 3131 5872
f 12096 9849 8379
f 2328 5873 3132
f 12097 8380 9850
f 11709 9464 5874
f 10838 123 5864
f 11710 5875 9465
f 10839 5865 124
f 1760 8676 5876
f 8001 5876 11122
f 1761 5877 8677
f 8002 11123 5877
f 2791 5878 4806
f 12382 10160 12372
f 2792 4807 5879
f 12383 12373 10161
f 5880 4083 11358
f 6833 4092 331
f 5881 11358 4083
f 6834 331 4092
f 5882 3041 6803
f 13 3041 5882
f 5883 6804 3042
f 13 5883 3042
f 890 477 5884
f 5037 10774 9907
f 891 5885 478
f 5038 9908 10775
f 5735 2258 5886
f 2258 851 10178
f 5887 2259 5736
f 10179 852 2259
f 5888 1922 8646
f 1922 5888 9521
f 5889 8647 1923
f 1923 9522 5889
f 2481 5890 7286
f 6322 11924 2481
f 2482 7287 5891
f 6323 2482 11925
f 443 2894 5892
f 5908 10402 8583
f 444 5893 2895
f 5909 8584 10403
f 4598 303 5894
f 5894 5739 4598
f 4599 5895 304
f 5895 4599 5740
f 5896 7230 10629
f 2917 7217 982
f 5897 10630 7231
f 2918 983 7218
f 5898 11739 11680
f 7328 5898 11680
f 5899 11681 11740
f 7329 11681 5899
f 10593 6670 10294
f 8878 3123 3023
f 10594 10295 6671
f 8879 3024 3124
f 5902 7220 12120
f 11023 5902 4024
f 5903 12121 7221
f 11024 4025 5903
f 3402 5904 14
f 11433 1900 11417
f 3403 15 5905
f 11434 11418 1901
f 2355 6052 5906
f 305 2355 10828
f 2356 5907 6053
f 306 10829 2356
f 2523 5892 5908
f 5892 10402 5908
f 2524 5909 5893
f 5893 5909 10403
f 5910 7209 5499
f 5499 1277 5910
f 5911 5500 7210
f 5500 5911 1278
f 5912 1590 5926
f 11231 1590 5912
f 5913 5927 1591
f 11232 5913 1591
f 5914 11492 7997
f 10595 270 5172
f 5915 7998 11493
f 10596 5173 271
f 7386 922 11442
f 12428 922 3982
f 7387 11443 923
f 12429 3983 923
f 5918 2975 5381
f 9507 6580 2975
f 5919 5382 2976
f 9508 2976 6581
f 3582 5920 9227
f 3067 5930 242
f 3583 9228 5921
f 3068 243 5931
f 4704 623 5922
f 11104 776 12432
f 4705 5923 624
f 11105 12433 777
f 1672 5924 1934
f 12418 1672 5934
f 1673 1935 5925
f 12419 5935 1673
f 5912 5926 3274
f 1731 3274 7230
f 5913 3275 5927
f 1732 7231 3275
f 2060 5133 5928
f 5133 9225 5928
f 2061 5929 5134
f 5134 5929 9226
f 5920 103 11682
f 9227 5920 11682
f 5921 11683 104
f 9228 11683 5921
f 248 1839 5932
f 3925 5932 1839
f 249 5933 1840
f 3926 1840 5933
f 200 12418 5934
f 8154 200 7819
f 201 5935 12419
f 8155 7820 201
f 5936 3154 1815
f 5936 6680 3154
f 5937 1816 3155
f 5937 3155 6680
f 5938 1670 2538
f 11145 9679 9539
f 5939 2539 1671
f 11146 9540 9680
f 1924 12199 5940
f 2831 7983 7956
f 1925 5941 12200
f 2832 7957 7984
f 5942 2904 11138
f 5942 11138 9653
f 5943 11139 2905
f 5943 9654 11139
f 4805 10608 5944
f 5944 10607 4804
f 1714 4367 5945
f 4367 11079 8966
f 1715 5946 4368
f 4368 8967 11080
f 1136 8751 5947
f 9593 3790 1502
f 1137 5948 8752
f 9594 1503 3791
f 222 5949 7318
f 4307 2753 5949
f 223 7319 5950
f 4308 5950 2754
f 11302 2064 5951
f 2064 6905 5951
f 11303 5952 2065
f 2065 5952 6906
f 5953 5725 10360
f 12480 5953 2924
f 5954 10361 5726
f 12481 2925 5954
f 5955 11721 5097
f 7952 5955 5097
f 5956 5098 11722
f 7953 5098 5956
f 6253 5957 2997
f 165 2997 8560
f 6254 2998 5958
f 166 8561 2998
f 429 2993 5959
f 8428 5959 2843
f 430 5960 2994
f 8429 2844 5960
f 5961 1483 3530
f 5961 3530 9104
f 5962 9105 3531
f 5962 3531 1484
f 1750 8754 5963
f 11263 5963 3330
f 1751 5964 8755
f 11264 3331 5964
f 8338 5965 4319
f 10514 4319 5965
f 8339 4320 5966
f 10515 5966 4320
f 2583 5967 2080
f 11735 4441 5967
f 2584 2081 5968
f 11736 5968 4442
f 3324 5969 6664
f 3324 2105 9148
f 3325 6665 5970
f 3325 9149 2106
f 9394 9384 2315
f 9394 2315 11670
f 9395 2316 9385
f 9395 11671 2316
f 5973 8246 3658
f 5973 3658 8828
f 5974 3659 8247
f 5974 8829 3659
f 3167 5975 674
f 674 12138 5204
f 3168 675 5976
f 675 5205 12139
f 9378 11167 3427
f 9364 9378 3427
f 9379 3428 11168
f 9365 3428 9379
f 9847 1870 5979
f 12453 10298 5979
f 9848 5980 1871
f 12454 5980 10299
f 2583 2080 5981
f 5981 11852 9755
f 2584 5982 2081
f 5982 9756 11853
f 5324 8304 346
f 1740 8304 5324
f 5325 347 8305
f 1741 5325 8305
f 5985 12445 9514
f 5985 101 1054
f 9513 12446 5986
f 1055 102 5986
f 9823 4201 5987
f 2052 9823 7860
f 9824 5988 4202
f 2053 7861 9824
f 898 2177 10251
f 898 10250 2176
f 5990 9949 6488
f 6801 3095 5990
f 6489 9950 5991
f 5991 3096 6802
f 4115 11910 5992
f 5992 2865 7378
f 4116 5993 11911
f 5993 7379 2866
f 7296 4093 9014
f 8304 1740 9014
f 7297 9015 4094
f 8305 9015 1741
f 5996 11419 4919
f 3867 227 5996
f 5997 4920 11420
f 3868 5997 228
f 9693 12331 10468
f 1291 12331 2066
f 9694 10469 12332
f 1292 2067 12332
f 6000 9114 9102
f 7042 6000 12140
f 6001 9103 9115
f 7043 12140 6001
f 5282 602 6002
f 602 2058 6002
f 5283 6003 603
f 603 6003 2059
f 6004 12422 101
f 101 5985 9514
f 102 12423 6005
f 9513 5986 102
f 7238 498 6006
f 498 2886 10170
f 7239 6007 499
f 499 10171 2887
f 9293 6008 818
f 6008 11834 9831
f 9294 819 6009
f 6009 9832 11835
f 2767 6010 2503
f 10100 7888 1928
f 2768 2504 6011
f 10101 1929 7889
f 6735 3484 9239
f 11225 6034 2136
f 6736 9240 3485
f 11226 2137 6035
f 6014 11100 1138
f 402 2835 9044
f 6015 1139 11101
f 403 9045 2836
f 6016 1772 8022
f 5206 10316 6016
f 6017 8023 1773
f 5207 6017 10317
f 445 6352 6018
f 6018 1858 445
f 446 6019 6353
f 6019 446 1859
f 4181 6020 2742
f 9293 11834 6008
f 4182 2743 6021
f 9294 6009 11835
f 11591 6022 4678
f 7809 1978 4678
f 11592 4679 6023
f 7810 4679 1979
f 6024 4564 1733
f 12084 4564 6024
f 6025 1734 4565
f 12085 6025 4565
f 1618 8412 6026
f 7238 1618 6026
f 1619 6027 8413
f 7239 6027 1619
f 1056 5000 6028
f 12410 1056 6028
f 1057 6029 5001
f 12411 6029 1057
f 751 6030 10256
f 751 4018 9521
f 752 10257 6031
f 752 9522 4019
f 3488 6032 5055
f 5055 6032 9223
f 3489 5056 6033
f 5056 9224 6033
f 9239 3484 6034
f 6034 3484 8577
f 9240 6035 3485
f 6035 8578 3485
f 6036 7262 7276
f 1150 5111 6036
f 6037 7277 7263
f 1151 6037 5112
f 6038 10086 692
f 6568 6038 692
f 6039 693 10087
f 6569 693 6039
f 4878 6040 11456
f 10820 6434 3445
f 4879 11457 6041
f 10821 3446 6435
f 12327 8086 6042
f 6042 723 5182
f 12328 6043 8087
f 6043 5183 724
f 6044 4137 792
f 7799 4137 12032
f 6045 793 4138
f 7800 12033 4138
f 11694 1716 8996
f 11694 7374 1716
f 11695 8997 1717
f 11695 1717 7375
f 6048 215 4065
f 6048 4828 215
f 6049 4066 216
f 6049 216 4829
f 7052 3063 6050
f 11922 3063 12476
f 7053 6051 3064
f 11923 12477 3064
f 3021 9939 8363
f 3021 8363 6548
f 3022 8364 9940
f 3022 6549 8364
f 6054 6076 1819
f 6054 1819 3800
f 6055 1820 6077
f 6055 3801 1820
f 10681 6056 6243
f 3767 319 12181
f 10682 6244 6057
f 3768 12182 320
f 4866 11650 6058
f 4866 6058 2222
f 4867 6059 11651
f 4867 2223 6059
f 23 5093 6060
f 10442 5093 4808
f 23 6061 5094
f 10443 4809 5094
f 5761 6062 11350
f 9328 1608 2861
f 11351 6063 5762
f 2862 1609 9329
f 3246 1807 6064
f 3246 12143 6054
f 3247 6065 1808
f 3247 6055 12144
f 4240 286 6066
f 4240 6066 173
f 4241 6067 287
f 4241 174 6067
f 2578 6068 9657
f 2578 3615 10042
f 2578 9658 6069
f 2578 10043 3615
f 1028 6070 5304
f 8312 6070 1028
f 1029 5305 6071
f 8313 1029 6071
f 8248 6072 1754
f 9729 3968 1754
f 8249 1755 6073
f 9730 1755 3969
f 7062 6074 353
f 1038 10358 12247
f 7063 354 6075
f 1039 12248 10359
f 425 6241 6076
f 6054 425 6076
f 426 6077 6242
f 6055 6077 426
f 6078 1024 3147
f 6078 3147 580
f 6079 3148 1025
f 6079 581 3148
f 6080 1518 8193
f 6080 5511 1518
f 6081 8194 1519
f 6081 1519 5512
f 1381 7250 6082
f 8254 1381 6082
f 1382 6083 7251
f 8255 6083 1382
f 8496 10128 6084
f 6084 7838 861
f 8497 6085 10129
f 6085 862 7839
f 7655 10830 6086
f 1938 6086 10830
f 7656 6087 10831
f 1938 10831 6087
f 5938 6088 6072
f 9729 1754 6072
f 5939 6073 6089
f 9730 6073 1755
f 3186 6090 646
f 6090 2174 9140
f 3187 647 6091
f 6091 9141 2175
f 42 6092 5402
f 5401 6092 42
f 11605 6093 853
f 853 10615 5519
f 11606 854 6094
f 854 5520 10616
f 6095 10496 1224
f 7838 1224 861
f 6096 1225 10497
f 7839 862 1225
f 1078 3770 6097
f 1078 6097 3769
f 6098 2099 9553
f 2099 6098 5401
f 6099 9554 2100
f 5402 6099 2100
f 4791 6100 10880
f 12070 6100 4791
f 4792 10881 6101
f 12071 4792 6101
f 2682 6102 1144
f 11334 11346 404
f 2683 1145 6103
f 11335 405 11347
f 6104 7488 749
f 2140 4073 6879
f 6105 750 7489
f 2141 6880 4074
f 3763 6106 907
f 3763 8008 11423
f 3764 908 6107
f 3764 11424 8009
f 1974 5338 6108
f 1974 7782 3400
f 1975 6109 5339
f 1975 3401 7783
f 6110 4345 7159
f 4345 6110 4491
f 6111 7160 4346
f 4346 4492 6111
f 4787 1232 6112
f 8076 4787 6112
f 4788 6113 1233
f 8077 6113 4788
f 12305 6114 11049
f 2564 8456 6114
f 12306 11050 6115
f 2565 6115 8457
f 6116 12507 2297
f 10744 6116 2297
f 6117 2298 12508
f 10745 2298 6117
f 1464 6118 8672
f 131 9923 6637
f 1465 8673 6119
f 132 6638 9924
f 6293 6120 1976
f 4236 1976 6120
f 6294 1977 6121
f 4237 6121 1977
f 3316 8114 6122
f 10396 6122 5844
f 3317 6123 8115
f 10397 5845 6123
f 776 10344 6124
f 776 6124 4051
f 777 6125 10345
f 777 4052 6125
f 6126 4556 1443
f 4556 6126 7282
f 6127 1444 4557
f 4557 7283 6127
f 10766 6128 21
f 21 6128 2439
f 10767 22 6129
f 22 2440 6129
f 6130 3975 2082
f 6130 2082 3974
f 3 6131 6078
f 10938 1240 6131
f 3 6079 6132
f 10938 6132 1240
f 3464 6133 776
f 9064 10890 3464
f 3465 777 6134
f 9065 3465 10891
f 6135 7649 11482
f 6135 11482 11470
f 6136 11483 7650
f 6136 11471 11483
f 3968 5071 6137
f 9711 5071 2732
f 3969 6138 5072
f 9712 2733 5072
f 6139 710 10408
f 221 710 6139
f 6140 10409 710
f 6140 710 221
f 1105 6141 2188
f 1105 7732 6162
f 1106 2189 6142
f 1106 6163 7733
f 12480 7562 6143
f 6523 1164 6143
f 12481 6144 7563
f 6524 6144 1165
f 11945 6145 2877
f 12502 6145 7738
f 11946 2878 6146
f 12503 7739 6146
f 1998 6147 8950
f 5774 11128 1998
f 1999 8951 6148
f 5775 1999 11129
f 6149 7367 3270
f 11814 1602 8883
f 6150 3271 7368
f 11815 8884 1603
f 1900 782 6151
f 6176 782 698
f 1901 6152 783
f 6177 699 783
f 861 3992 6153
f 3992 4002 12398
f 862 6154 3993
f 3993 12399 4003
f 6147 6155 8950
f 3304 6155 11830
f 6148 8951 6156
f 3305 11831 6156
f 9965 5223 6157
f 9964 6157 5222
f 6158 11065 2244
f 1696 6158 2244
f 6159 2245 11066
f 1697 2245 6159
f 4662 6160 1842
f 11446 5006 9929
f 4663 1843 6161
f 11447 9930 5007
f 6141 1105 6162
f 9827 6162 3258
f 6142 6163 1106
f 9828 3259 6163
f 7498 3602 6164
f 3602 10699 6164
f 7499 6165 3603
f 3603 6165 10700
f 8156 6166 3081
f 12465 3081 6166
f 8157 3082 6167
f 12466 6167 3082
f 5202 6168 7179
f 3564 1099 10627
f 5203 7180 6169
f 3565 10628 1100
f 9865 6170 11496
f 11496 6170 8962
f 9866 11497 6171
f 11497 8963 6171
f 4287 6172 10422
f 10422 6172 10978
f 4288 10423 6173
f 10423 10979 6173
f 11617 6174 8540
f 8998 6931 10048
f 11618 8541 6175
f 8999 10049 6932
f 6176 8690 6151
f 6176 6151 782
f 6177 6152 8691
f 6177 783 6152
f 6178 2904 5942
f 7966 5284 2904
f 6179 5943 2905
f 7967 2905 5285
f 2050 10649 6180
f 9314 4737 6180
f 2051 6181 10650
f 9315 6181 4738
f 5900 849 6182
f 6182 849 8664
f 5901 6183 850
f 6183 8665 850
f 6184 1774 4630
f 10302 415 11561
f 6185 4631 1775
f 10303 11562 416
f 9484 6186 6200
f 3716 6307 6186
f 9484 6201 6187
f 3716 6187 6307
f 2626 6188 9070
f 1196 6188 2626
f 2627 9071 6189
f 1197 2627 6189
f 4594 6190 6717
f 913 6190 4594
f 4595 6718 6191
f 914 4595 6191
f 30 934 6192
f 9257 1768 30
f 31 6193 935
f 9258 31 1769
f 1939 6194 9619
f 11181 10540 4425
f 1940 9620 6195
f 11182 4426 10541
f 6196 3688 9911
f 3688 6196 11838
f 6197 9912 3689
f 3689 11839 6197
f 11890 3510 6198
f 8634 125 10154
f 11891 6199 3511
f 8635 10155 126
f 760 9484 6200
f 59 760 11055
f 760 6201 9484
f 59 11056 760
f 7862 6202 1807
f 9667 6064 1807
f 7863 1808 6203
f 9668 1808 6065
f 6204 12031 2165
f 6204 2165 12030
f 6205 4014 1996
f 5626 4014 6205
f 6206 1997 4015
f 5627 6206 4015
f 125 6207 10154
f 125 8766 6207
f 126 10155 6208
f 126 6208 8767
f 883 6209 3721
f 3721 7584 9368
f 884 3722 6210
f 3722 9369 7585
f 4246 628 6211
f 12209 8907 6211
f 4247 6212 629
f 12210 6212 8908
f 2180 6213 4718
f 11316 6213 2180
f 2181 4719 6214
f 11317 2181 6214
f 4111 6215 5953
f 8250 11639 4111
f 4112 5954 6216
f 8251 4112 11640
f 6217 9154 1456
f 2305 5312 6217
f 6218 1457 9155
f 2306 6218 5313
f 2403 6219 2597
f 11775 6231 2403
f 2404 2598 6220
f 11776 2404 6232
f 6221 5687 3830
f 6221 3830 7494
f 6222 3831 5688
f 6222 7495 3831
f 1554 4389 6223
f 4389 1281 8276
f 1555 6224 4390
f 4390 8277 1282
f 9438 8554 12518
f 12518 2285 1113
f 9439 12519 8555
f 12519 1114 2286
f 5242 6227 2395
f 6227 990 12249
f 5243 2396 6228
f 6228 12250 991
f 6229 3802 3976
f 6229 3976 5334
f 6230 3977 3803
f 6230 5335 3977
f 4545 10286 6231
f 2403 6231 6219
f 4546 6232 10287
f 2404 6220 6232
f 6233 9947 1829
f 6233 4704 9947
f 6234 1830 9948
f 6234 9948 4705
f 6235 3142 4206
f 11047 11745 11035
f 6236 4207 3143
f 11048 11036 11746
f 7882 6237 7692
f 1113 2285 8567
f 7883 7693 6238
f 1114 8568 2286
f 6239 4289 11836
f 10575 4289 6239
f 6240 11837 4290
f 10576 6240 4290
f 2275 2218 6241
f 2218 7183 9210
f 2276 6242 2219
f 2219 9211 7184
f 6243 6056 1572
f 1572 3308 9330
f 6244 1573 6057
f 1573 9331 3309
f 2046 3387 6245
f 3387 1491 6245
f 2047 6246 3388
f 3388 6246 1492
f 7412 2163 6247
f 2163 11284 6247
f 7413 6248 2164
f 2164 6248 11285
f 6249 1994 4315
f 9279 3369 1994
f 6250 4316 1995
f 9280 1995 3370
f 4199 6251 12223
f 4487 6251 4199
f 4200 12224 6252
f 4488 4200 6252
f 1496 8010 6253
f 2997 1496 6253
f 1497 6254 8011
f 2998 6254 1497
f 204 10824 4077
f 12052 4077 10824
f 205 4078 10825
f 12053 10825 4078
f 8359 6257 2869
f 6257 6865 12293
f 8360 2870 6258
f 6258 12294 6866
f 6269 6259 10472
f 2038 4183 6259
f 6270 10473 6260
f 2039 6260 4184
f 4299 6261 1527
f 11371 4586 9468
f 4300 1528 6262
f 11372 9469 4587
f 10094 6263 7359
f 9297 2236 9324
f 10095 7360 6264
f 9298 9325 2237
f 6265 237 4353
f 11278 6775 6265
f 6266 4354 238
f 11279 6266 6776
f 2587 747 6267
f 2587 6267 4760
f 2588 6268 748
f 2588 4761 6268
f 6269 9300 2038
f 2038 6259 6269
f 6270 2039 9301
f 2039 6270 6260
f 1316 6271 10200
f 3516 6271 11646
f 1317 10201 6272
f 3517 11647 6272
f 6273 1502 1421
f 4047 6273 9797
f 6274 1422 1503
f 4048 9798 6274
f 355 1650 6275
f 355 8446 968
f 356 6276 1651
f 356 969 8447
f 6277 5782 3845
f 2855 5782 6277
f 6278 3846 5783
f 2856 6278 5783
f 6279 2616 11878
f 9935 11163 2616
f 6280 11879 2617
f 9936 2617 11164
f 3031 2117 6281
f 6281 7576 12022
f 3032 6282 2118
f 6282 12023 7577
f 8014 6283 4059
f 2704 12354 1101
f 8015 4060 6284
f 2705 1102 12355
f 11324 6285 10136
f 7536 10136 6285
f 11325 10137 6286
f 7537 6286 10137
f 6287 268 2491
f 268 6287 12072
f 6288 2492 269
f 269 12073 6288
f 3694 1409 6289
f 3011 3694 11759
f 3695 6290 1410
f 3012 11760 3695
f 9663 6291 2006
f 6291 4830 2006
f 9664 2007 6292
f 6292 2007 4831
f 6293 1976 7683
f 176 4427 10625
f 6294 7684 1977
f 177 10626 4428
f 12376 6295 1516
f 6295 8470 6785
f 1517 6296 12377
f 6786 8471 6296
f 6297 780 11102
f 5830 780 9080
f 6298 11103 781
f 5831 9081 781
f 7349 6299 8169
f 1674 5659 6299
f 7350 8170 6300
f 1675 6300 5660
f 12340 6301 239
f 12339 239 6301
f 604 2618 6302
f 6302 2619 604
f 2058 6303 10488
f 5589 6303 10336
f 2059 10489 6304
f 5590 10337 6304
f 6305 4173 7430
f 6305 2811 4173
f 6306 7431 4174
f 6306 4174 2812
f 6307 6880 1445
f 6307 1445 6879
f 83 8160 6308
f 83 6308 12149
f 83 6309 8160
f 83 12150 6309
f 10752 2805 2618
f 6310 2618 604
f 2619 2806 10753
f 604 2619 6311
f 11733 55 6312
f 6312 55 8946
f 11734 6313 56
f 6313 8947 56
f 3336 517 6314
f 3336 6328 9533
f 3337 6315 518
f 3337 9534 6329
f 10180 6316 609
f 2188 6141 6316
f 10181 610 6317
f 2189 6317 6142
f 6318 9569 954
f 5834 6318 954
f 6319 955 9570
f 5835 955 6319
f 8052 6320 2511
f 2511 6320 7805
f 8053 2512 6321
f 2512 7806 6321
f 6322 2481 336
f 10152 10611 336
f 6323 337 2482
f 10153 337 10612
f 1560 3879 6324
f 5473 1560 8721
f 1561 6325 3880
f 5474 8722 1561
f 123 3896 6326
f 11975 9859 11255
f 124 6327 3897
f 11976 11256 9860
f 6314 6328 3336
f 6314 3520 6328
f 6315 3337 6329
f 6315 6329 3521
f 10494 2359 6330
f 7106 6330 2359
f 10495 6331 2360
f 7107 2360 6331
f 246 6332 3944
f 4905 10918 246
f 247 3945 6333
f 4906 247 10919
f 6334 845 4377
f 307 845 11696
f 6335 4378 846
f 308 11697 846
f 6336 11690 4800
f 4800 11011 6336
f 6337 4801 11691
f 4801 6337 11012
f 359 6338 3544
f 7304 12490 6338
f 360 3545 6339
f 7305 6339 12491
f 1912 7534 10510
f 1912 10510 6135
f 1913 10511 7535
f 1913 6136 10511
f 11522 3350 6342
f 3350 8375 6342
f 11523 6343 3351
f 3351 6343 8376
f 258 6344 2266
f 2266 9160 4163
f 259 2267 6345
f 2267 4164 9161
f 246 6346 6332
f 6346 4097 6332
f 247 6333 6347
f 6347 6333 4098
f 9186 6348 2130
f 2130 6348 11648
f 9187 2131 6349
f 2131 11649 6349
f 863 3408 12251
f 12251 395 863
f 864 12252 3409
f 12252 864 396
f 2469 6018 6352
f 6352 3318 2469
f 2470 6353 6019
f 6353 2470 3319
f 6354 1758 6024
f 5409 1758 6354
f 6355 6025 1759
f 5410 6355 1759
f 151 6356 5008
f 12506 495 6356
f 151 5009 6357
f 12506 6357 495
f 6358 3865 2483
f 6358 2483 5691
f 6359 2484 3866
f 6359 5692 2484
f 6511 6360 2658
f 3367 6360 881
f 6512 2659 6361
f 3368 882 6361
f 9563 11171 6362
f 9779 167 2397
f 9564 6363 11172
f 9780 2398 168
f 832 6364 6953
f 9074 6364 832
f 833 6954 6365
f 9075 833 6365
f 2825 6366 11292
f 596 2010 10122
f 2826 11293 6367
f 597 10123 2011
f 10854 1980 6368
f 1980 11526 8927
f 10855 6369 1981
f 1981 8928 11527
f 7418 2252 6370
f 2252 10416 6370
f 7419 6371 2253
f 2253 6371 10417
f 2910 9955 6372
f 175 8794 7679
f 2910 6373 9955
f 175 7680 8795
f 1338 3570 6374
f 12301 3570 10232
f 1339 6375 3571
f 12302 10233 3571
f 6376 5963 11177
f 7718 6935 532
f 6377 11178 5964
f 7719 533 6936
f 4900 4499 6378
f 9452 4900 6378
f 4901 6379 4500
f 9453 6379 4901
f 4 6380 11753
f 4 886 8330
f 5 11754 6381
f 5 8331 887
f 6097 2910 6382
f 2910 6372 6382
f 6097 6383 2910
f 2910 6383 6373
f 6384 11383 1040
f 1821 9374 5620
f 6385 1041 11384
f 1822 5621 9375
f 8749 6386 3830
f 870 12078 11059
f 8750 3831 6387
f 871 11060 12079
f 1610 6388 8937
f 4728 6388 11069
f 1611 8938 6389
f 4729 11070 6389
f 4927 10282 2534
f 2534 10282 2099
f 4928 2535 10283
f 2535 2100 10283
f 6392 7724 7603
f 6392 300 9233
f 6393 7604 7725
f 6393 9234 301
f 6394 11122 4971
f 3415 10577 4971
f 6395 4972 11123
f 3416 4972 10578
f 6396 8976 3186
f 10404 8858 6396
f 6397 3187 8977
f 10405 6397 8859
f 788 1000 6398
f 11571 1000 4268
f 789 6399 1001
f 4268 1001 11572
f 956 6400 4129
f 6400 11945 2877
f 957 4130 6401
f 6401 2878 11946
f 6402 11995 2771
f 6402 496 5051
f 6403 2772 11996
f 6403 5052 497
f 50 10934 6404
f 4109 6402 11191
f 51 6405 10935
f 4110 11192 6403
f 6406 3923 6396
f 6406 294 11155
f 6407 6397 3924
f 6407 11156 295
f 3023 6408 8878
f 3023 1085 6408
f 3024 8879 6409
f 3024 6409 1086
f 6410 10669 1466
f 10084 6410 1466
f 6411 1467 10670
f 10085 1467 6411
f 9184 6412 4961
f 4961 6412 3480
f 9185 4962 6413
f 4962 3481 6413
f 6414 8359 11415
f 9287 183 6414
f 6415 11416 8360
f 9288 6415 184
f 2443 11808 2373
f 8120 11808 2443
f 2444 2374 11809
f 8121 2444 11809
f 8822 179 6418
f 179 10456 6418
f 8823 6419 180
f 180 6419 10457
f 5290 3302 6420
f 5290 12050 11955
f 5291 6421 3303
f 5291 11956 12051
f 1506 6422 3929
f 7404 3929 6422
f 1507 3930 6423
f 7405 6423 3930
f 2347 5517 6424
f 5517 5530 6424
f 2348 6425 5518
f 5518 6425 5531
f 7574 9964 6426
f 5077 2389 6426
f 7575 6427 9965
f 5078 6427 2390
f 6428 4636 2930
f 2040 4636 6428
f 6429 2931 4637
f 2041 6429 4637
f 2734 6430 8601
f 7446 10356 282
f 2735 8602 6431
f 7447 283 10357
f 6432 706 8668
f 1119 9511 8026
f 6433 8669 707
f 1120 8027 9512
f 10820 8760 6434
f 1034 7023 9705
f 10821 6435 8761
f 1035 9706 7024
f 5557 2260 6436
f 6436 2260 10556
f 5558 6437 2261
f 6437 10557 2261
f 4945 3087 6438
f 10892 10352 6438
f 4946 6439 3088
f 10893 6439 10353
f 169 6440 8565
f 6440 169 7946
f 170 8566 6441
f 6441 7947 170
f 2120 69 6442
f 6452 2841 2120
f 2121 6443 70
f 6453 2121 2842
f 6444 357 6548
f 6456 357 12400
f 6445 6549 358
f 6457 12401 358
f 5495 6446 984
f 984 6446 8024
f 5496 985 6447
f 985 8025 6447
f 6448 10248 2227
f 4343 6448 2227
f 6449 2228 10249
f 4344 2228 6449
f 6198 3510 6450
f 6450 3510 9992
f 6199 6451 3511
f 6451 9993 3511
f 6452 2120 6442
f 6452 6442 930
f 6453 6443 2121
f 6453 931 6443
f 6454 8850 1069
f 12064 6454 1069
f 6455 1070 8851
f 12065 1070 6455
f 9839 6456 12400
f 6456 2983 9000
f 9840 12401 6457
f 6457 9001 2984
f 6458 9400 1833
f 1833 8484 8970
f 6459 1834 9401
f 1834 8971 8485
f 8575 1889 6460
f 6460 7826 8076
f 8576 6461 1890
f 6461 8077 7827
f 6462 10964 7203
f 6462 4303 10964
f 6463 7204 10965
f 6463 10965 4304
f 3268 6464 10804
f 8706 6464 12116
f 3269 10805 6465
f 8706 12117 6465
f 2710 9960 6466
f 7312 2710 6466
f 2711 6467 9961
f 7313 6467 2711
f 6468 1358 4069
f 9741 10486 6468
f 6469 4070 1359
f 9742 6469 10487
f 3590 6470 7236
f 6867 8733 3590
f 7237 6471 3591
f 3591 8734 6868
f 7892 2475 6472
f 10198 2475 8546
f 7893 6473 2476
f 10199 8547 2476
f 6474 3266 578
f 9980 84 10392
f 6475 579 3267
f 9981 10393 85
f 6476 8536 5314
f 11699 10520 3115
f 6477 5315 8537
f 11700 3116 10521
f 152 7155 6478
f 3954 152 9753
f 153 6479 7156
f 3955 9754 153
f 2622 6480 4646
f 4646 6480 2611
f 2623 4647 6481
f 4647 2611 6481
f 3646 5671 6482
f 734 11112 5671
f 3647 6483 5672
f 735 5672 11113
f 6484 12463 1634
f 6484 1634 1241
f 6485 1635 12464
f 6485 1242 1635
f 8005 6486 640
f 640 6486 3849
f 8006 641 6487
f 641 3850 6487
f 1525 4748 10812
f 9949 1525 10812
f 10813 4749 1526
f 10813 1526 9950
f 7290 9489 6490
f 3871 6490 3962
f 7291 6491 9490
f 3872 3963 6491
f 594 6492 5515
f 6492 594 9693
f 595 5516 6493
f 6493 9694 595
f 9571 6494 3075
f 8098 9555 3075
f 9572 3076 6495
f 8099 3076 9556
f 1634 12463 6496
f 10968 4115 5992
f 1635 6497 12464
f 10969 5993 4116
f 2941 5057 9442
f 9442 5057 1650
f 2942 9443 5058
f 9443 1651 5058
f 3322 1872 6500
f 1872 4797 6500
f 3323 6501 1873
f 1873 6501 4798
f 16 9710 6502
f 16 6502 9709
f 3276 6903 6503
f 6503 8 7922
f 3277 6504 6904
f 6504 7923 9
f 6505 5107 1723
f 6629 6505 1723
f 6506 1724 5108
f 6630 1724 6506
f 711 6378 6507
f 10210 1076 8191
f 712 6508 6379
f 10211 8192 1077
f 27 4632 6509
f 6509 4632 12034
f 27 6510 4633
f 6510 12035 4633
f 6360 6511 881
f 881 6511 1725
f 6361 882 6512
f 882 1726 6512
f 6513 2941 9442
f 6513 11251 2941
f 6514 9443 2942
f 6514 2942 11252
f 6515 3496 7009
f 10366 11725 3496
f 6516 7010 3497
f 10367 3497 11726
f 235 6517 3260
f 3260 6517 8086
f 236 3261 6518
f 3261 8087 6518
f 6519 4886 2769
f 7100 6519 2769
f 6520 2770 4887
f 7101 2770 6520
f 3494 6521 738
f 738 6521 4228
f 3495 739 6522
f 739 4229 6522
f 6523 4099 1164
f 6523 11934 4099
f 6524 1165 4100
f 6524 4100 11935
f 605 6525 8856
f 2026 6525 605
f 606 8857 6526
f 2027 606 6526
f 477 6527 9891
f 477 8240 6527
f 478 9892 6528
f 478 6528 8241
f 5840 6529 9853
f 558 6529 6178
f 5841 9854 6530
f 559 6179 6530
f 6531 5569 6062
f 851 5569 6531
f 6063 5570 6532
f 6532 5570 852
f 10494 6533 2359
f 3946 6318 6533
f 10495 2360 6534
f 3947 6534 6319
f 2795 682 6535
f 6535 1990 8558
f 2796 6536 683
f 6536 8559 1991
f 8506 6537 4305
f 7688 4305 6537
f 8507 4306 6538
f 7689 6538 4306
f 1365 6539 9723
f 5653 6539 1365
f 1366 9724 6540
f 5654 1366 6540
f 12136 10589 2674
f 10589 12416 8240
f 12137 2675 10590
f 10590 8241 12417
f 6543 4957 244
f 10822 4957 6543
f 6544 245 4958
f 10823 6544 4958
f 2318 11530 116
f 2317 116 11530
f 3363 6546 875
f 11134 8846 8394
f 3364 876 6547
f 11135 8395 8847
f 2355 6548 6052
f 2355 9342 6548
f 2356 6053 6549
f 2356 6549 9343
f 6550 646 1965
f 10470 6550 1965
f 6551 1966 647
f 10471 1966 6551
f 1298 9951 6552
f 8662 1298 6560
f 1299 6553 9952
f 8663 6561 1299
f 2152 6247 6554
f 7918 6554 2172
f 2153 6555 6248
f 7919 2173 6555
f 6556 986 5178
f 10012 2684 986
f 6557 5179 987
f 10013 987 2685
f 6558 11157 2884
f 8964 2884 7866
f 6559 2885 11158
f 8965 7867 2885
f 1298 6552 6560
f 6560 6552 5810
f 1299 6561 6553
f 6561 5811 6553
f 2002 6562 4682
f 2002 7357 6562
f 2003 4683 6563
f 2003 6563 7358
f 1336 6564 5818
f 4652 6564 1336
f 1337 5819 6565
f 4653 1337 6565
f 2214 1425 6566
f 6566 125 2214
f 2215 6567 1426
f 6567 2215 126
f 6568 692 2581
f 9370 11059 6568
f 6569 2582 693
f 9371 6569 11060
f 11747 4153 6570
f 4153 9460 11037
f 11748 6571 4154
f 4154 11038 9461
f 2570 4455 6572
f 4455 9821 6572
f 2571 6573 4456
f 4456 6573 9822
f 6574 9068 5798
f 7981 5798 3003
f 6575 5799 9069
f 7982 3004 5799
f 4985 11120 2004
f 3901 11120 4985
f 4986 2005 11121
f 3902 4986 11121
f 3698 7326 6578
f 3698 6578 5487
f 3699 6579 7327
f 3699 5488 6579
f 2975 6580 1334
f 6580 2644 9541
f 2976 1335 6581
f 6581 9542 2645
f 2347 6582 8990
f 2347 6424 6582
f 2348 8991 6583
f 2348 6583 6425
f 802 6584 10192
f 9693 594 1776
f 803 10193 6585
f 9694 1777 595
f 2718 6586 352
f 2718 8610 6586
f 2719 352 6587
f 2719 6587 8611
f 6588 596 5405
f 6588 5405 9404
f 6589 5406 597
f 6589 9405 5406
f 4179 12062 6590
f 8244 2936 6590
f 4180 6591 12063
f 8245 6591 2937
f 2184 8454 6592
f 2184 6592 11407
f 2185 6593 8455
f 2185 11408 6593
f 6594 11312 2888
f 1054 6594 2658
f 6595 2889 11313
f 2659 6595 1055
f 6596 8330 10284
f 10284 256 6596
f 6597 10285 8331
f 10285 6597 257
f 4706 10062 917
f 3684 7228 4706
f 4707 918 10063
f 3685 4707 7229
f 1928 7888 6600
f 11631 1928 7382
f 1929 6601 7889
f 11632 7383 1929
f 6602 12443 5117
f 1642 6602 5622
f 6603 5118 12444
f 1643 5623 6603
f 5310 1014 6604
f 6604 1014 6654
f 5311 6605 1015
f 6605 6655 1015
f 6606 820 7110
f 6606 9126 820
f 6607 7111 821
f 6607 821 9127
f 4562 6608 8246
f 6608 11217 2640
f 4563 8247 6609
f 6609 2641 11218
f 6610 12426 7353
f 6610 10022 12426
f 6611 7354 12427
f 6611 12427 10023
f 6612 2626 1074
f 3777 6612 12507
f 6613 1075 2627
f 3778 12508 6613
f 6614 994 4965
f 2101 6614 4965
f 6615 4966 995
f 2102 4966 6615
f 1860 6616 6602
f 6616 1860 1875
f 1861 6603 6617
f 1874 1861 6617
f 4732 9517 6618
f 12233 4732 6618
f 4733 6619 9518
f 12234 6619 4733
f 12013 6620 8129
f 12012 8128 6620
f 6621 598 3011
f 6642 6621 10068
f 6622 3012 599
f 6643 10069 6622
f 1608 6623 7550
f 9328 6623 1608
f 7551 6624 1609
f 1609 6624 9329
f 5137 11997 6625
f 2558 1071 6625
f 5138 6626 11998
f 2559 6626 1072
f 6967 1628 6627
f 1628 6855 6627
f 6968 6628 1629
f 1629 6628 6856
f 6629 1723 90
f 3628 12291 9285
f 6630 91 1724
f 3629 9286 12292
f 2417 6631 765
f 11555 2417 5836
f 2418 766 6632
f 11556 5837 2418
f 6633 7314 598
f 6621 6642 598
f 6634 599 7315
f 6622 599 6643
f 6635 395 6811
f 395 6635 7912
f 6636 6812 396
f 396 7913 6636
f 3049 1813 6637
f 3049 6637 9923
f 3050 6638 1814
f 3050 9924 6638
f 6639 2282 3806
f 6639 3806 2281
f 1415 3688 6640
f 1415 6640 12400
f 1416 6641 3689
f 1416 12401 6641
f 6642 11941 598
f 6642 9797 11941
f 6643 599 11942
f 6643 11942 9798
f 6644 1614 5967
f 11245 5461 1614
f 6645 5968 1615
f 11246 1615 5462
f 1462 2622 7914
f 7270 2622 4646
f 1463 7915 2623
f 7271 4647 2623
f 2928 2755 6648
f 952 2928 8606
f 2929 6649 2756
f 953 8607 2929
f 6650 9937 28
f 2192 6666 6650
f 6651 29 9938
f 2193 6651 6667
f 2833 1158 6652
f 10270 12516 6652
f 2834 6653 1159
f 10271 6653 12517
f 1014 9215 6654
f 9204 1947 9366
f 1015 6655 9216
f 9205 9367 1948
f 5248 4642 9970
f 4642 7372 9970
f 5249 9971 4643
f 4643 9971 7373
f 5667 3656 6658
f 3656 8332 6658
f 5668 6659 3657
f 3657 6659 8333
f 6660 6648 2755
f 6660 2755 962
f 6661 2756 6649
f 6661 963 2756
f 6662 4187 3362
f 9034 4187 6662
f 6663 3362 4188
f 9035 6663 4188
f 834 2119 6664
f 3324 6664 10986
f 834 6665 2119
f 3325 10986 6665
f 9937 6650 6666
f 9072 11719 2095
f 9938 6667 6651
f 9073 2096 11720
f 6668 8124 10888
f 6668 1797 8642
f 6669 10889 8125
f 6669 8643 1798
f 10593 105 6670
f 105 493 6670
f 10594 6671 106
f 106 6671 494
f 6672 4967 2138
f 2138 8020 6672
f 6673 2139 4968
f 2139 6673 8021
f 5232 6674 7582
f 938 10727 3729
f 5233 7583 6675
f 939 3730 10728
f 3915 5595 6676
f 6676 7526 3915
f 3916 6677 5596
f 6677 3916 7527
f 3029 1192 6678
f 125 6678 8766
f 3030 6679 1193
f 126 8767 6679
f 3146 11644 6680
f 3146 6680 11643
f 6681 4750 2973
f 9344 2973 10046
f 6682 2974 4751
f 9345 10047 2974
f 1702 5024 6683
f 1702 8747 9372
f 1703 6684 5025
f 1703 9373 8748
f 6685 1182 3634
f 11589 6695 1182
f 6686 3635 1183
f 11590 1183 6696
f 3907 3079 6687
f 6687 1342 3907
f 3908 6688 3080
f 6688 3908 1343
f 974 6689 12227
f 6676 8381 974
f 975 12228 6690
f 6677 975 8382
f 6691 11533 9699
f 12003 8353 6691
f 6692 9700 11534
f 12004 6692 8354
f 5274 4409 6693
f 4409 332 6693
f 5275 6694 4410
f 4410 6694 333
f 5755 1972 6695
f 5755 6695 11589
f 5756 6696 1973
f 5756 11590 6696
f 12341 6697 6833
f 879 1458 6697
f 12342 6834 6698
f 880 6698 1459
f 2034 6699 4143
f 2628 6699 2034
f 2035 4144 6700
f 2629 2035 6700
f 3453 1626 6701
f 6095 3453 10496
f 3454 6702 1627
f 6096 10497 3454
f 8745 6703 1498
f 2540 8381 6703
f 8746 1499 6704
f 2541 6704 8382
f 5214 3272 6705
f 6705 12245 6693
f 5215 6706 3273
f 6706 6694 12246
f 8355 6707 1584
f 11223 2220 6707
f 8356 1585 6708
f 11224 6708 2221
f 7027 1644 6709
f 6709 1644 11979
f 7028 6710 1645
f 6710 11980 1645
f 6711 572 9426
f 6711 4533 2900
f 6712 9427 573
f 6712 2901 4534
f 3630 600 6713
f 6847 6713 600
f 3631 6714 601
f 6848 601 6714
f 1413 4955 6715
f 6715 73 12461
f 1414 6716 4956
f 6716 12462 74
f 3127 5246 6717
f 10558 3642 3127
f 3128 6718 5247
f 10559 3128 3643
f 10719 3958 6719
f 9126 3958 820
f 10720 6720 3959
f 9127 821 3959
f 822 5846 6721
f 822 6721 2487
f 823 6722 5847
f 823 2488 6722
f 7502 6723 12478
f 2371 9342 2355
f 7503 12479 6724
f 2372 2356 9343
f 2863 6725 3873
f 11404 10118 6725
f 2864 3874 6726
f 11405 6726 10119
f 2166 6727 4030
f 4030 10228 3809
f 2167 4031 6728
f 4031 3810 10229
f 1622 3423 6729
f 5067 6729 3423
f 1623 6730 3424
f 5068 3424 6730
f 666 6731 1963
f 6731 12145 4812
f 667 1964 6732
f 6732 4813 12146
f 5463 6733 656
f 6733 7424 656
f 5464 657 6734
f 6734 657 7425
f 2172 6554 6735
f 2172 6735 6012
f 2173 6736 6555
f 2173 6013 6736
f 9891 3180 12267
f 12267 3180 7708
f 9892 12268 3181
f 12268 7709 3181
f 6739 9543 8610
f 730 1093 6739
f 6740 8611 9544
f 731 6740 1094
f 2107 3182 6741
f 6753 3182 1371
f 2108 6742 3183
f 6754 1372 3183
f 5622 6743 3562
f 508 3562 9895
f 5623 3563 6744
f 509 9896 3563
f 527 6745 6963
f 8854 6745 527
f 528 6964 6746
f 8855 528 6746
f 6747 539 9352
f 6747 4654 539
f 6748 9353 540
f 6748 540 4655
f 1243 6749 2787
f 6749 10476 9180
f 1244 2788 6750
f 6750 9181 10477
f 566 3449 6751
f 3449 11330 6751
f 567 6752 3450
f 3450 6752 11331
f 6753 6741 3182
f 366 6741 6753
f 6754 3183 6742
f 367 6754 6742
f 4909 7306 6755
f 5945 6755 1714
f 4910 6756 7307
f 5946 1715 6756
f 9765 2333 6757
f 2333 4431 6757
f 9766 6758 2334
f 2334 6758 4432
f 6759 8056 10082
f 4008 6759 4103
f 6760 10083 8057
f 4009 4104 6760
f 491 6761 8954
f 9491 6761 491
f 492 8955 6762
f 9492 492 6762
f 1346 6763 10526
f 1346 4061 9903
f 1347 10527 6764
f 1347 9904 4062
f 4943 4640 6765
f 6765 4640 2839
f 4944 6766 4641
f 6766 2840 4641
f 11818 6767 3453
f 6757 9100 634
f 11819 3454 6768
f 6758 635 9101
f 1930 11098 6769
f 5602 1930 12394
f 1931 6770 11099
f 5603 12395 1931
f 4226 1389 6771
f 1389 6759 9527
f 4227 6772 1390
f 1390 9528 6760
f 10484 2825 6773
f 6765 6773 2825
f 10485 6774 2826
f 6766 2826 6774
f 6775 237 6265
f 8452 237 6775
f 6776 6266 238
f 8453 6776 238
f 1916 5154 6777
f 8620 1916 6777
f 1917 6778 5155
f 8621 6778 1917
f 6779 8275 1880
f 1880 8274 6779
f 11712 6780 6301
f 11711 6301 6780
f 3909 6781 290
f 3909 2074 9006
f 3910 291 6782
f 3910 9007 2075
f 4613 6783 672
f 6797 11623 4613
f 4614 673 6784
f 6798 4614 11624
f 6295 6785 1516
f 1516 6785 9597
f 1517 6786 6296
f 9598 6786 1517
f 353 6074 6787
f 3340 353 6787
f 354 6788 6075
f 3341 6788 354
f 5854 6789 1489
f 1489 8929 2060
f 5855 1490 6790
f 1490 2061 8930
f 8935 5379 6791
f 6791 11711 6780
f 8936 6792 5380
f 6792 6780 11712
f 4053 6793 10898
f 10546 6793 4053
f 4054 10899 6794
f 10547 4054 6794
f 6795 1660 1289
f 6807 6795 2898
f 6796 1290 1661
f 6808 2899 6796
f 11623 6797 4991
f 6797 7876 4991
f 11624 4992 6798
f 6798 4992 7877
f 6799 9136 4439
f 5057 11500 4439
f 6800 4440 9137
f 5058 4440 11501
f 9597 3990 6801
f 3990 3095 6801
f 6802 3991 9598
f 6802 3096 3991
f 6803 4852 12066
f 1698 4852 10701
f 6804 12067 4853
f 1699 10702 4853
f 4220 6805 415
f 4220 1658 9028
f 4221 416 6806
f 4221 9029 1659
f 6807 1660 6795
f 1660 6807 4159
f 6808 6796 1661
f 1661 4160 6808
f 5985 6809 12445
f 6809 9565 2068
f 12446 6810 5986
f 2069 9566 6810
f 6811 10260 6635
f 7764 3129 10260
f 6812 6636 10261
f 7765 10261 3130
f 1352 6813 7560
f 7038 9833 6813
f 1353 7561 6814
f 7039 6814 9834
f 10066 2722 6815
f 4615 6815 1158
f 10067 6816 2723
f 4616 1159 6816
f 2461 6817 10376
f 6817 2461 11850
f 2462 10377 6818
f 6818 11851 2462
f 2361 6819 3178
f 8818 11149 123
f 2362 3179 6820
f 8819 124 11150
f 5304 6821 9503
f 5304 6070 6821
f 5305 9504 6822
f 5305 6822 6071
f 5099 171 11854
f 11854 171 2525
f 5100 11855 172
f 11855 2526 172
f 1212 6825 5534
f 400 5534 6825
f 1213 5535 6826
f 401 6826 5535
f 1951 4427 6827
f 6827 4427 176
f 1952 6828 4428
f 6828 177 4428
f 7639 2817 6829
f 6829 8921 1889
f 7640 6830 2818
f 6830 1890 8922
f 3354 6831 4279
f 11707 3164 6831
f 3355 4280 6832
f 11708 6832 3165
f 6833 5880 4092
f 6833 6697 5880
f 6834 4092 5881
f 6834 5881 6698
f 6835 8818 2361
f 2361 4882 6835
f 6836 2362 8819
f 2362 6836 4883
f 2301 5067 6837
f 5067 119 6837
f 2302 6838 5068
f 5068 6838 120
f 6839 12026 9976
f 7003 3807 6839
f 6840 9977 12027
f 7004 6840 3808
f 2995 6841 8729
f 6658 12082 2995
f 2996 8730 6842
f 6659 2996 12083
f 6843 6833 3950
f 2857 6843 11585
f 6844 3951 6834
f 2858 11586 6844
f 6845 344 9697
f 6845 588 344
f 6846 9698 345
f 6846 345 589
f 6847 2521 5152
f 600 2521 6847
f 6848 5153 2522
f 601 6848 2522
f 3093 3083 6849
f 6849 3083 4806
f 3094 6850 3084
f 4807 3084 6850
f 6851 3399 6620
f 6851 6869 3399
f 6852 6620 3399
f 6852 3399 6870
f 352 3953 6853
f 8400 3953 1362
f 352 6854 3953
f 8401 1362 3953
f 6627 6855 8314
f 10928 1638 6855
f 6628 8315 6856
f 10929 6856 1639
f 6857 1682 11067
f 6857 9843 1682
f 6858 11068 1683
f 6858 1683 9844
f 4429 6859 2206
f 2206 6859 5218
f 4430 2207 6860
f 2207 5219 6860
f 6933 6861 2572
f 2572 10603 9078
f 6934 2573 6862
f 2573 9079 10604
f 4206 3142 6863
f 3142 364 6863
f 4207 6864 3143
f 3143 6864 365
f 6257 3330 6865
f 6865 8704 625
f 6258 6866 3331
f 6866 626 8705
f 10378 5761 590
f 10378 590 8733
f 591 5762 10379
f 8734 591 10379
f 6869 4608 3399
f 4608 6869 1283
f 6870 3399 4608
f 4608 1284 6870
f 9130 9927 6871
f 4700 10926 788
f 9131 6872 9928
f 4701 789 10927
f 5632 6873 7496
f 9623 6873 5632
f 5633 7497 6874
f 9624 5633 6874
f 3045 4385 6875
f 11898 11729 12522
f 3046 6876 4386
f 11899 12523 11730
f 1493 10180 6877
f 7205 6877 3204
f 1494 6878 10181
f 7206 3205 6878
f 6879 4073 6104
f 11001 6879 6104
f 6880 6105 4074
f 11002 6105 6880
f 4577 564 6881
f 564 2437 6881
f 4578 6882 565
f 565 6882 2438
f 6883 4760 960
f 6883 960 5240
f 6884 961 4761
f 6884 5241 961
f 1640 10166 6885
f 7908 1640 6885
f 1641 6886 10167
f 7909 6886 1641
f 6887 4579 2056
f 4579 10386 6837
f 6888 2057 4580
f 4580 6838 10387
f 1933 9951 6889
f 8864 1933 6889
f 1932 6890 9952
f 8865 6890 1932
f 7556 3228 6891
f 3228 11239 6891
f 7557 6892 3229
f 3229 6892 11240
f 2321 4193 6893
f 9082 6893 6883
f 2322 6894 4194
f 9083 6884 6894
f 8428 11785 6895
f 9593 6895 1678
f 8429 6896 11786
f 9594 1679 6896
f 3288 4189 6897
f 4189 4989 6897
f 3289 6898 4190
f 4190 6898 4990
f 1616 12455 6899
f 385 1616 10064
f 1617 6900 12456
f 386 10065 1617
f 2397 167 6901
f 1421 2397 7900
f 2398 6902 168
f 1422 7901 2398
f 6903 8 6503
f 6903 4197 8
f 6904 6504 9
f 6904 9 4198
f 1646 6905 2821
f 6905 6749 11490
f 1647 2822 6906
f 6906 11491 6750
f 7856 818 6907
f 6008 6922 818
f 7857 6908 819
f 6009 819 6923
f 9450 6909 10194
f 2375 6909 12321
f 9451 10195 6910
f 2376 12322 6910
f 2048 6911 2022
f 6911 4973 2022
f 2049 2023 6912
f 6912 2023 4974
f 9722 6913 1524
f 9721 1524 6913
f 6914 3836 5248
f 658 9269 6914
f 6915 5249 3837
f 659 6915 9270
f 6916 3964 4519
f 6916 11565 2018
f 6917 4520 3965
f 6917 2019 11566
f 6918 4004 307
f 10388 6918 3109
f 6919 308 4005
f 10389 3110 6919
f 1961 6920 4212
f 9235 6920 1961
f 1962 4213 6921
f 9236 1962 6921
f 6907 818 6922
f 6907 6922 2945
f 6908 6923 819
f 6908 2946 6923
f 6924 7197 2921
f 197 6924 11938
f 6925 2921 7198
f 197 11938 6925
f 1275 6308 6926
f 1275 6926 5264
f 1276 6927 6309
f 1276 5265 6927
f 6928 1201 11870
f 903 1201 6928
f 6929 11871 1202
f 904 6929 1202
f 8831 6930 1127
f 8830 1127 6930
f 7161 5228 6931
f 6931 5228 9346
f 7162 6932 5229
f 6932 9347 5229
f 948 3149 6933
f 6933 3149 6861
f 949 6934 3150
f 6934 6862 3150
f 532 6935 6376
f 6376 7464 12108
f 533 6377 6936
f 6377 12109 7465
f 8784 6937 5320
f 5320 6937 2759
f 8785 5321 6938
f 5321 2760 6938
f 582 6939 4371
f 11197 11587 6939
f 583 4372 6940
f 11198 6940 11588
f 10798 3304 6941
f 9547 7396 619
f 10799 6942 3305
f 9548 620 7397
f 10995 6943 4886
f 447 6590 6943
f 10996 4887 6944
f 448 6944 6591
f 105 10593 6945
f 6945 9759 105
f 106 6946 10594
f 6946 106 9760
f 6947 3792 3666
f 9267 10902 8234
f 6948 3667 3793
f 9268 8235 10903
f 6949 8984 158
f 6949 158 7250
f 6950 159 8985
f 6950 7251 159
f 2351 6951 8538
f 11955 12050 6951
f 2352 8539 6952
f 11956 6952 12051
f 4457 3097 6953
f 8290 3097 11298
f 4458 6954 3098
f 8291 11299 3098
f 2146 9725 6955
f 6695 2146 6955
f 2147 6956 9726
f 6696 6956 2147
f 6957 8024 288
f 5832 6957 288
f 6958 289 8025
f 5833 289 6958
f 6959 9555 2159
f 10980 8552 11599
f 6960 2160 9556
f 10981 11600 8553
f 2859 346 6961
f 8984 6961 158
f 2860 6962 347
f 8985 159 6962
f 11421 527 6963
f 3903 6963 9915
f 11422 6964 528
f 3904 9916 6964
f 4383 6965 11300
f 4383 8676 6965
f 4384 11301 6966
f 4384 6966 8677
f 6627 3937 6967
f 6967 9549 88
f 6628 6968 3938
f 6968 89 9550
f 4161 6969 2634
f 4161 8591 6969
f 4162 2635 6970
f 4162 6970 8592
f 96 6971 4664
f 6237 6971 96
f 97 4665 6972
f 6238 97 6972
f 6973 1725 6172
f 6973 5032 9255
f 6974 6173 1726
f 6974 9256 5033
f 3798 11431 6975
f 1508 1089 11444
f 3799 6976 11432
f 1509 11445 1090
f 3933 6977 822
f 3933 5515 6977
f 3934 823 6978
f 3934 6978 5516
f 6979 2829 5604
f 6979 6965 2829
f 6980 5605 2830
f 6980 2830 6966
f 1736 2363 6981
f 1736 6981 7524
f 1737 6982 2364
f 1737 7525 6982
f 2238 4036 6983
f 9012 6983 11916
f 2239 6984 4037
f 9013 11917 6984
f 6985 9573 3927
f 5405 409 9404
f 6986 3928 9574
f 5406 9405 410
f 2554 1312 6987
f 1312 6002 10488
f 2555 6988 1313
f 1313 10489 6003
f 6989 2144 5024
f 11011 2144 8534
f 6990 5025 2145
f 11012 8535 2145
f 3873 6991 10448
f 2415 6991 865
f 3874 10449 6992
f 2416 866 6992
f 1604 329 6993
f 8163 1604 6993
f 6994 330 1605
f 6994 1605 8164
f 2513 6995 4586
f 4586 7355 1624
f 2514 4587 6996
f 4587 1625 7356
f 4141 3676 6997
f 6997 3676 1520
f 4142 6998 3677
f 6998 1521 3677
f 6999 1738 3478
f 6999 208 1738
f 7000 3479 1739
f 7000 1739 209
f 7001 4393 10450
f 3788 4393 7001
f 7002 10451 4394
f 3789 7002 4394
f 7003 717 3807
f 3334 717 10076
f 7004 3808 718
f 3335 10077 718
f 4347 7005 1537
f 4347 11755 7005
f 4348 1538 7006
f 4348 7006 11756
f 7007 5081 11395
f 4016 7007 5089
f 7008 11396 5082
f 4017 5090 7008
f 778 7009 5028
f 5028 7009 10951
f 779 5029 7010
f 5029 10952 7010
f 7011 3194 537
f 2105 3194 10070
f 7012 538 3195
f 2106 10071 3195
f 9212 4740 7013
f 5824 481 7013
f 9213 7014 4741
f 5825 7014 482
f 7015 3242 3847
f 10735 7015 3847
f 7016 3848 3243
f 10736 3848 7016
f 103 5377 7017
f 11682 103 9186
f 104 7018 5378
f 11683 9187 104
f 11356 9229 7019
f 753 7019 3437
f 11357 7020 9230
f 754 3438 7020
f 2728 6885 7021
f 5812 2728 11271
f 2729 7022 6886
f 5813 11272 2729
f 7023 553 4149
f 11880 4301 10756
f 7024 4150 554
f 11881 10757 4302
f 3091 7025 2148
f 2148 7025 3121
f 3092 2149 7026
f 2149 3122 7026
f 7027 1996 1644
f 6205 1996 7027
f 7028 1645 1997
f 6206 7028 1997
f 4095 5928 7029
f 4095 7029 11713
f 4096 7030 5929
f 4096 11714 7030
f 3252 7031 9865
f 3252 10987 7031
f 3253 9866 7032
f 3253 7032 10988
f 7033 8978 1941
f 10318 1941 4002
f 7034 1942 8979
f 10319 4003 1942
f 7043 7035 26
f 7042 26 7035
f 7036 8008 932
f 5481 11096 932
f 7037 933 8009
f 5482 933 11097
f 1352 7038 6813
f 909 7038 11963
f 1353 6814 7039
f 910 11964 7039
f 9295 7040 1010
f 7040 998 8220
f 9296 1011 7041
f 7041 8221 999
f 7035 4656 7042
f 888 9114 7740
f 7035 7043 4657
f 889 7741 9115
f 3610 7044 3834
f 3834 7044 11688
f 3610 3835 7045
f 3835 11689 7045
f 5127 7046 767
f 767 10354 6016
f 5128 768 7047
f 768 6017 10355
f 1789 1596 7048
f 11510 7048 1596
f 1790 7049 1597
f 11511 1597 7049
f 7050 1437 5437
f 7058 7050 10452
f 7051 5438 1438
f 7059 10453 7051
f 1330 7052 6050
f 1330 512 7052
f 1331 6051 7053
f 1331 7053 513
f 1531 7054 2427
f 5715 2427 7054
f 1532 2428 7055
f 5716 7055 2428
f 7056 5338 1130
f 7056 3314 5338
f 7057 1131 5339
f 7057 5339 3315
f 5567 7058 149
f 10452 149 7058
f 5568 150 7059
f 10453 7059 150
f 726 7060 9996
f 9440 7060 726
f 727 9997 7061
f 9441 727 7061
f 3196 4993 7062
f 3682 11858 11874
f 3197 7063 4994
f 3683 11875 11859
f 8102 774 7064
f 774 8784 7064
f 8103 7065 775
f 775 7065 8785
f 4214 7066 2287
f 9869 5636 2287
f 4215 2288 7067
f 9870 2288 5637
f 7068 3192 7054
f 3192 7068 8316
f 7069 7055 3193
f 3193 8317 7069
f 5198 7070 1811
f 300 1811 7070
f 5199 1812 7071
f 301 7071 1812
f 7072 4240 173
f 11593 4789 8088
f 7073 174 4241
f 11594 8089 4790
f 353 7074 7062
f 7074 3196 7062
f 354 7063 7075
f 7075 7063 3197
f 8215 4325 7076
f 7076 4325 8003
f 8216 7077 4326
f 7077 8004 4326
f 3069 7078 2016
f 5069 2016 11892
f 3070 2017 7079
f 5070 11893 2017
f 7080 1074 2926
f 12507 6612 1074
f 7081 2927 1075
f 12508 1075 6613
f 7082 9084 3618
f 3618 3745 7082
f 7083 3619 9085
f 3619 7083 3746
f 7084 8694 3966
f 11322 3966 7631
f 7085 3967 8695
f 11323 7632 3967
f 1566 7086 2720
f 7086 3817 9783
f 1567 2721 7087
f 7087 9784 3818
f 1190 7088 7074
f 7074 7088 3196
f 1191 7075 7089
f 7075 3197 7089
f 649 1558 7090
f 7090 11091 11520
f 650 7091 1559
f 7091 11521 11092
f 4868 11304 920
f 672 11304 4868
f 4869 921 11305
f 673 4869 11305
f 1638 3176 7094
f 7094 3176 400
f 1639 7095 3177
f 7095 401 3177
f 7096 5437 1437
f 1437 3988 11440
f 7097 1438 5438
f 1438 11441 3989
f 334 9701 7098
f 7098 1835 4552
f 335 7099 9702
f 7099 4553 1836
f 5431 10490 7100
f 7100 211 6519
f 5432 7101 10491
f 7101 6520 212
f 1079 264 7102
f 4141 12235 264
f 1080 7103 265
f 4142 265 12236
f 5407 7104 2387
f 8024 2387 7104
f 5408 2388 7105
f 8025 7105 2388
f 7106 1443 4556
f 7106 2359 1443
f 7107 4557 1444
f 7107 1444 2360
f 2335 7108 9271
f 7108 2335 10240
f 2336 9272 7109
f 7109 10241 2336
f 7110 1825 10832
f 1825 7110 7126
f 7111 10833 1826
f 1826 7127 7111
f 7112 3743 4852
f 3743 9559 1727
f 7113 4853 3744
f 3744 1728 9560
f 1079 7090 7114
f 264 1079 7114
f 1080 7115 7091
f 265 7115 1080
f 4617 4774 7116
f 4774 154 7116
f 4618 7117 4775
f 4775 7117 155
f 7118 3755 892
f 12422 892 3404
f 7119 893 3756
f 3405 893 12423
f 3369 2646 7120
f 2646 1630 7120
f 3370 7121 2647
f 2647 7121 1631
f 1712 7122 2232
f 11506 2815 9372
f 1713 2233 7123
f 11507 9373 2816
f 7124 4961 147
f 10226 7124 147
f 7125 148 4962
f 10227 148 7125
f 5431 7100 7126
f 5431 7126 7110
f 5432 7127 7101
f 5432 7111 7127
f 7128 10997 2132
f 10032 7128 2132
f 7129 2133 10998
f 10033 2133 7129
f 678 12313 7130
f 8080 7130 5655
f 679 7131 12314
f 8081 5656 7131
f 10206 4038 7132
f 4283 7132 1348
f 10207 7133 4039
f 4284 1349 7133
f 1809 7134 2765
f 7134 1809 4457
f 1810 2766 7135
f 7135 4458 1810
f 1793 7136 3892
f 6572 9727 1793
f 1794 3893 7137
f 6573 1794 9728
f 8444 7138 34
f 5298 34 7138
f 8445 35 7139
f 5299 7139 35
f 7082 3745 7140
f 8432 12221 9010
f 7083 7141 3746
f 8433 9011 12222
f 11635 6873 7142
f 9681 3027 8962
f 11636 7143 6874
f 9682 8963 3028
f 286 7144 6066
f 7136 7144 286
f 287 6067 7145
f 7137 287 7145
f 11787 8108 7146
f 7146 3735 5091
f 11788 7147 8109
f 7147 5092 3736
f 4049 431 7148
f 10709 7452 2429
f 4050 7149 432
f 10710 2430 7453
f 1578 9206 7150
f 7150 1640 1578
f 1579 7151 9207
f 7151 1579 1641
f 258 7152 2605
f 12374 7562 11165
f 259 2606 7153
f 12375 11166 7563
f 495 8685 7154
f 495 7154 8684
f 12211 7155 152
f 3620 11033 7155
f 12212 153 7156
f 3621 7156 11034
f 5407 7157 7104
f 7157 5407 11810
f 5408 7105 7158
f 7158 11811 5408
f 10186 1152 7159
f 7159 1152 4230
f 10187 7160 1153
f 7160 4231 1153
f 4531 10637 7161
f 7161 1123 5228
f 4532 7162 10638
f 7162 5229 1124
f 7163 9158 11514
f 7163 3001 3389
f 7164 11515 9159
f 7164 3390 3002
f 2391 7165 1529
f 7165 4289 1529
f 2392 1530 7166
f 7166 1530 4290
f 4508 9493 7167
f 1446 4508 7167
f 4509 7168 9494
f 1447 7168 4509
f 1099 2612 7169
f 5757 7169 11282
f 1100 7170 2613
f 5758 11283 7170
f 2161 4497 7171
f 10522 7171 3266
f 2162 7172 4498
f 10523 3267 7172
f 2811 7173 1592
f 7173 7161 1592
f 2812 1593 7174
f 7174 1593 7162
f 2391 11603 7165
f 8897 11603 2391
f 2392 7166 11604
f 8898 2392 11604
f 1350 7177 9134
f 7177 4449 2210
f 1351 9135 7178
f 7178 2211 4450
f 1099 7169 10639
f 10639 10627 1099
f 1100 10640 7170
f 10640 1100 10628
f 4022 10619 7195
f 4022 10631 10619
f 4023 7196 10620
f 4023 10620 10632
f 7183 7001 73
f 9210 7183 73
f 7184 74 7002
f 9211 74 7184
f 266 12229 7185
f 10304 10308 3514
f 267 7186 12230
f 10305 3515 10309
f 7187 865 1910
f 7187 12504 12516
f 7188 1911 866
f 7188 12517 12505
f 198 11727 7189
f 7189 5111 198
f 199 7190 11728
f 7190 199 5112
f 9192 3686 7191
f 12112 12384 9192
f 9193 7192 3687
f 12113 9193 12385
f 9817 7193 796
f 6672 796 7193
f 9818 797 7194
f 6673 7194 797
f 10426 7195 1801
f 7195 10426 4022
f 10427 1802 7196
f 7196 4023 10427
f 2533 7197 11816
f 2533 2921 7197
f 2533 11817 7198
f 2533 7198 2921
f 7199 3815 383
f 10346 7199 383
f 7200 384 3816
f 10347 384 7200
f 1314 7201 2841
f 171 7398 1314
f 1315 2842 7202
f 172 1315 7399
f 3278 7203 10964
f 254 7203 3278
f 3279 10965 7204
f 255 3279 7204
f 1493 6877 7205
f 7963 1493 7205
f 1494 7206 6878
f 7964 7206 1494
f 3516 11646 7207
f 7207 2113 10717
f 3517 7208 11647
f 7208 10718 2114
f 1022 7209 5509
f 7209 5647 5509
f 1023 5510 7210
f 7210 5510 5648
f 2028 7784 7211
f 10621 7211 475
f 2029 7212 7785
f 10622 476 7212
f 10434 1174 7213
f 12476 3063 7213
f 10435 7214 1175
f 12477 7214 3064
f 9757 2589 7215
f 10947 7215 2589
f 9758 7216 2590
f 10948 2590 7216
f 4313 5896 7217
f 7217 5896 10629
f 4314 7218 5897
f 7218 10630 5897
f 3487 7219 627
f 3486 627 7219
f 11023 7220 5902
f 7220 1260 4335
f 11024 5903 7221
f 7221 4336 1261
f 2911 7784 7222
f 2911 11071 3843
f 2912 7223 7785
f 2912 3844 11072
f 7224 5363 3588
f 6006 7224 3588
f 7225 3589 5364
f 6007 3589 7225
f 3254 10641 7226
f 2202 3254 9707
f 3255 7227 10642
f 2203 9708 3255
f 4706 7228 10062
f 7228 1914 6598
f 4707 10063 7229
f 7229 6599 1915
f 5926 8844 7230
f 3274 5926 7230
f 5927 7231 8845
f 3275 7231 5927
f 8064 7232 810
f 12378 7242 2124
f 8065 811 7233
f 12379 2125 7243
f 5049 2614 11559
f 2614 6186 8424
f 5050 11560 2615
f 2615 8425 6187
f 11743 1083 7236
f 8944 1083 3038
f 7237 1084 11744
f 3037 1084 8945
f 2556 5540 7238
f 5540 1618 7238
f 2557 7239 5541
f 5541 7239 1619
f 6521 7240 4228
f 4955 4228 7240
f 6522 4229 7241
f 4956 7241 4229
f 9030 7242 7232
f 7232 7242 12378
f 9031 7233 7243
f 7233 12379 7243
f 7244 12054 12066
f 7244 2485 2630
f 7245 12067 12055
f 7245 2631 2486
f 5840 7246 6529
f 5840 2601 7246
f 5841 6530 7247
f 5841 7247 2602
f 7248 6699 1218
f 2759 7248 1218
f 7249 1219 6700
f 2760 1219 7249
f 158 5174 7250
f 5174 7025 7250
f 159 7251 5175
f 5175 7251 7026
f 7294 7252 1230
f 7252 4254 1230
f 7295 1231 7253
f 7253 1231 4255
f 3956 7522 7254
f 3956 7254 2716
f 3957 7255 7523
f 3957 2717 7255
f 1429 7256 3077
f 11302 5951 9340
f 1430 3078 7257
f 11303 9341 5952
f 1562 8717 7258
f 3855 6227 7258
f 1563 7259 8718
f 3856 7259 6228
f 2666 7260 10398
f 778 7260 7009
f 2667 10399 7261
f 779 7010 7261
f 4121 7262 10018
f 10018 7262 7408
f 4122 10019 7263
f 10019 7409 7263
f 1704 3091 7264
f 2692 1704 7264
f 1705 7265 3092
f 2693 7265 1705
f 4941 7266 763
f 7266 9611 9601
f 4942 764 7267
f 7267 9602 9612
f 11569 4698 7268
f 814 7268 830
f 11570 7269 4699
f 815 831 7269
f 7270 2030 6646
f 6646 2622 7270
f 7271 6647 2031
f 6647 7271 2623
f 8438 2809 7272
f 2809 6080 7272
f 8439 7273 2810
f 2810 7273 6081
f 7274 10850 2455
f 1022 7274 2455
f 7275 2456 10851
f 1023 2456 7275
f 6036 7276 1150
f 1150 7276 11999
f 6037 1151 7277
f 1151 12000 7277
f 1087 7278 3696
f 7278 10581 3696
f 1088 3697 7279
f 7279 3697 10582
f 7280 790 453
f 4634 7280 453
f 7281 454 791
f 4635 454 7281
f 4556 7282 4147
f 4147 9235 1961
f 4557 4148 7283
f 4148 1962 9236
f 206 2898 7284
f 12289 7284 772
f 207 7285 2899
f 12290 773 7285
f 2166 7286 676
f 10460 6143 12374
f 2167 677 7287
f 10461 12375 6144
f 10428 7288 4337
f 4337 7288 5769
f 10429 4338 7289
f 4338 5770 7289
f 7290 3871 8913
f 7290 6490 3871
f 7291 8914 3872
f 7291 3872 6491
f 10675 7292 1391
f 10675 453 7292
f 10676 1392 7293
f 10676 7293 454
f 7252 7294 413
f 8903 413 7712
f 7253 414 7295
f 8904 7713 414
f 1740 7296 9014
f 1740 9731 7296
f 1741 9015 7297
f 1741 7297 9732
f 7298 4055 3692
f 12098 3692 7215
f 7299 3693 4056
f 12099 7216 3693
f 10800 5618 10788
f 1270 5618 10800
f 10801 10789 5619
f 1271 10801 5619
f 3057 7302 8488
f 3057 10204 8798
f 3058 8489 7303
f 3058 8799 10205
f 12504 7304 359
f 359 7304 6338
f 12505 360 7305
f 360 6339 7305
f 7306 1714 6755
f 1714 7306 5513
f 7307 6756 1715
f 1715 5514 7307
f 7308 6102 2682
f 2682 3546 7308
f 7309 2683 6103
f 2683 7309 3547
f 319 4919 7310
f 319 7310 12181
f 320 7311 4920
f 320 12182 7311
f 4429 7312 1103
f 11656 10470 1103
f 4430 1104 7313
f 11657 1104 10471
f 7314 1409 3694
f 7314 1397 11075
f 7315 3695 1410
f 7315 11076 1398
f 7316 2381 1576
f 7330 7316 10936
f 7317 1577 2382
f 7331 10937 7317
f 7318 2753 5419
f 7318 5949 2753
f 7319 5420 2754
f 7319 2754 5950
f 7320 2597 9424
f 2403 2597 7320
f 7321 9425 2598
f 2404 7321 2598
f 7322 9072 3811
f 7322 3811 11197
f 7323 3812 9073
f 7323 11198 3812
f 2934 7324 7038
f 2934 475 7324
f 2935 7039 7325
f 2935 7325 476
f 7326 3584 5194
f 6578 7326 5194
f 7327 5195 3585
f 6579 5195 7327
f 4252 1848 7328
f 11824 5898 7328
f 4253 7329 1849
f 11825 7329 5899
f 7316 7330 2381
f 2381 7330 11637
f 7317 2382 7331
f 2382 11638 7331
f 197 11186 7332
f 197 7332 11185
f 4285 7058 7333
f 5423 4285 7333
f 4286 7334 7059
f 5424 7334 4286
f 10348 2093 7335
f 2093 8786 7335
f 10349 7336 2094
f 2094 7336 8787
f 7337 5910 1277
f 1277 5806 7337
f 7338 1278 5911
f 1278 7338 5807
f 11553 4208 7339
f 11553 7339 8968
f 11554 7340 4209
f 11554 8969 7340
f 4514 10970 7341
f 7341 5579 4514
f 4515 7342 10971
f 7342 4515 5580
f 7353 3550 7343
f 7353 7343 9212
f 7354 7344 3551
f 7354 9213 7344
f 613 7345 6576
f 613 8913 11625
f 614 6577 7346
f 614 11626 8914
f 2517 7347 7365
f 2493 7347 2517
f 2518 7366 7348
f 2494 2518 7348
f 7349 1674 6299
f 1266 1674 7349
f 7350 6300 1675
f 1267 7350 1675
f 7359 6263 7351
f 4234 7351 2319
f 7360 7352 6264
f 4235 2320 7352
f 843 7353 48
f 7353 9212 48
f 844 49 7354
f 7354 49 9213
f 6995 9360 7355
f 4586 6995 7355
f 6996 7356 9361
f 4587 7356 6996
f 5870 7357 2801
f 7357 1706 2801
f 5871 2802 7358
f 7358 2802 1707
f 7359 7351 4234
f 7359 4234 11999
f 7360 4235 7352
f 7360 12000 4235
f 1071 11643 7361
f 1071 7361 6625
f 1072 7362 11644
f 1072 6626 7362
f 7363 3290 5224
f 10410 2155 3290
f 7364 5225 3291
f 10411 3291 2156
f 2517 7365 5125
f 5125 7365 3073
f 2518 5126 7366
f 5126 3074 7366
f 4169 7367 4273
f 9412 7367 4169
f 4170 4274 7368
f 9413 4170 7368
f 5250 7369 2091
f 7369 8784 2091
f 5251 2092 7370
f 7370 2092 8785
f 11986 7371 2553
f 11985 2553 7371
f 11373 10096 282
f 11373 282 6656
f 11374 283 10097
f 11374 6657 283
f 7374 11199 8088
f 988 2793 7374
f 7375 8089 11200
f 989 7375 2794
f 4880 2546 7376
f 5146 4880 9966
f 4881 7377 2547
f 5147 9967 4881
f 10993 7378 12311
f 2672 1868 7378
f 10994 12312 7379
f 2673 7379 1869
f 7380 7392 765
f 6631 7380 765
f 7381 766 7393
f 6632 766 7381
f 6600 7382 1928
f 8760 7382 6600
f 6601 1929 7383
f 8761 6601 7383
f 2654 3638 7384
f 3115 7566 7384
f 2655 7385 3639
f 3116 7385 7567
f 3690 7386 11442
f 9767 9755 10446
f 3691 11443 7387
f 9768 10447 9756
f 11565 2672 7388
f 7378 10993 2672
f 11566 7389 2673
f 7379 2673 10994
f 9799 1881 7390
f 1881 8666 7390
f 9800 7391 1882
f 1882 7391 8667
f 765 7392 5168
f 12281 9557 5168
f 766 5169 7393
f 12282 5169 9558
f 3312 1456 7394
f 4560 3312 12241
f 3313 7395 1457
f 4561 12242 3313
f 8828 3658 7396
f 1564 7396 9547
f 8829 7397 3659
f 1565 9548 7397
f 7201 7398 4521
f 1314 7398 7201
f 7202 4522 7399
f 1315 7202 7399
f 7400 1846 5665
f 7400 4539 1846
f 7401 5666 1847
f 7401 1847 4540
f 2305 4772 7402
f 9569 9945 954
f 2306 7403 4773
f 9570 955 9946
f 3884 7404 7414
f 6422 2176 7404
f 3885 7415 7405
f 6423 7405 2177
f 7406 8563 664
f 9982 664 5336
f 7407 665 8564
f 9983 5337 665
f 4224 2299 7408
f 942 10008 2299
f 4225 7409 2300
f 943 2300 10009
f 1742 7410 11051
f 2200 11932 1742
f 1743 11052 7411
f 2201 1743 11933
f 826 7412 2152
f 2873 8116 826
f 827 2153 7413
f 2874 827 8117
f 7414 7404 2176
f 10250 7414 2176
f 7415 2177 7405
f 10251 2177 7415
f 2638 7416 4870
f 4041 10436 10739
f 2639 4871 7417
f 4042 10740 10437
f 5441 7418 4856
f 7458 7428 11678
f 5442 4857 7419
f 7459 11679 7429
f 7420 3674 2965
f 1251 10454 12482
f 7421 2966 3675
f 1251 12483 10455
f 5142 7422 202
f 11147 1805 202
f 5143 203 7423
f 11148 203 1806
f 2977 920 7424
f 2977 12269 6293
f 2978 7425 921
f 2978 6294 12270
f 7426 92 5563
f 7426 6012 92
f 7427 5564 93
f 7427 93 6013
f 7428 2252 7418
f 11678 7428 7418
f 7429 7419 2253
f 11679 7419 7429
f 6705 7430 5214
f 7430 9962 5214
f 6706 5215 7431
f 7431 5215 9963
f 8800 10665 7432
f 8800 7432 10328
f 8801 7433 10666
f 8801 10329 7433
f 7434 2339 6849
f 10002 7434 521
f 7435 6850 2340
f 10003 522 7435
f 7436 10310 374
f 7436 374 8336
f 7437 375 10311
f 7437 8337 375
f 9809 7438 487
f 1481 9370 7438
f 9810 488 7439
f 1482 7439 9371
f 7440 7458 11678
f 2734 8601 7440
f 7441 11679 7459
f 2735 7441 8602
f 3164 1854 7442
f 6831 3164 11601
f 3165 7443 1855
f 6832 11602 3165
f 4935 463 7444
f 7444 463 11073
f 4936 7445 464
f 7445 11074 464
f 3226 7446 5065
f 7440 8601 3226
f 3227 5066 7447
f 7441 3227 8602
f 7448 2642 5683
f 121 7448 5683
f 7449 5684 2643
f 122 5684 7449
f 7450 5383 867
f 12472 7450 867
f 7451 868 5384
f 12473 868 7451
f 431 7452 10709
f 431 4987 7452
f 432 10710 7453
f 432 7453 4988
f 3216 5020 7454
f 5020 7096 7454
f 3217 7455 5021
f 5021 7455 7097
f 4927 7456 208
f 208 10038 1738
f 4928 209 7457
f 209 1739 10039
f 7440 3226 7458
f 3226 7428 7458
f 7441 7459 3227
f 3227 7459 7429
f 5109 7460 3282
f 824 9677 5109
f 5110 3283 7461
f 825 5110 9678
f 4359 9501 7462
f 4359 7462 8648
f 4360 7463 9502
f 4360 8649 7463
f 6935 11662 7464
f 6376 6935 7464
f 6936 7465 11663
f 6377 7465 6936
f 2548 8911 7466
f 12007 7466 10498
f 2549 7467 8912
f 12008 10499 7467
f 2066 7468 10972
f 2066 393 7468
f 2067 10973 7469
f 2067 7469 394
f 3410 11913 7478
f 3410 7478 11912
f 557 7338 7471
f 557 7471 7337
f 5461 7472 2325
f 7472 3125 12396
f 5462 2326 7473
f 7473 12397 3126
f 7474 7744 1016
f 8384 7474 1016
f 7475 1017 7745
f 8385 1017 7475
f 7476 10524 427
f 10414 427 5530
f 7477 428 10525
f 10415 5531 428
f 11901 7478 11913
f 11900 11912 7478
f 11229 7479 4262
f 832 4262 9074
f 11230 4263 7480
f 833 9075 4263
f 7481 9863 1658
f 7481 5951 1646
f 7482 1659 9864
f 7482 1647 5952
f 10866 7483 535
f 535 7483 7248
f 10867 536 7484
f 536 7249 7484
f 5587 10100 7485
f 5587 7485 393
f 5588 7486 10101
f 5588 394 7486
f 3139 8959 7487
f 3139 7487 8958
f 6104 4073 7488
f 4073 7498 7488
f 6105 7489 4074
f 4074 7489 7499
f 7490 1606 3888
f 7483 11549 3888
f 7491 3889 1607
f 7484 3889 11550
f 3459 5348 7492
f 869 3459 7506
f 3459 7493 5348
f 869 7507 3459
f 17 7494 11926
f 6221 7494 17
f 18 11927 7495
f 6222 18 7495
f 7496 1042 5632
f 9219 1042 7496
f 7497 5633 1043
f 9220 7497 1043
f 4073 504 7498
f 504 3602 7498
f 4074 7499 505
f 505 7499 3603
f 3998 391 7500
f 3998 9563 6362
f 3999 7501 392
f 3999 6363 9564
f 2736 7502 3536
f 6723 7502 9911
f 2737 3537 7503
f 6724 9912 7503
f 1750 1264 7504
f 10500 1264 3729
f 1751 7505 1265
f 10501 3730 1265
f 7506 3459 7492
f 7506 7492 1363
f 7507 7493 3459
f 7507 1364 7493
f 8096 7508 1540
f 688 1540 7508
f 8097 1541 7509
f 689 7509 1541
f 11280 3832 7510
f 1300 1168 11183
f 11281 7511 3833
f 1301 11184 1169
f 7512 1205 4989
f 1205 7512 7821
f 7513 4990 1206
f 1206 7821 7513
f 11864 7514 8416
f 7514 11864 1902
f 11865 8417 7515
f 7515 1903 11865
f 11593 7516 1550
f 1550 7516 10943
f 11594 1551 7517
f 1551 10944 7517
f 4628 7518 1934
f 1934 7518 3071
f 4629 1935 7519
f 1935 3072 7519
f 6277 7520 978
f 7520 1690 9048
f 6278 979 7521
f 7521 9049 1691
f 1030 7522 3956
f 7522 1030 3680
f 1031 3957 7523
f 7523 3681 1031
f 3596 7524 6981
f 11947 11959 7524
f 3597 6982 7525
f 11948 7525 11960
f 469 3915 7526
f 7526 11569 8512
f 470 7527 3916
f 7527 8513 11570
f 7528 7512 3121
f 3121 5489 7528
f 7529 3122 7513
f 3122 7529 5490
f 10752 7530 2805
f 7530 3300 2805
f 2806 7531 10753
f 2806 3301 7531
f 10024 998 7532
f 7532 998 7040
f 10025 7533 999
f 7533 7041 999
f 10510 7534 3840
f 3840 7534 2738
f 10511 3841 7535
f 3841 2739 7535
f 1548 4600 7536
f 10136 7536 4600
f 1549 7537 4601
f 10137 4601 7537
f 3670 7538 4443
f 6426 7538 3670
f 3671 4444 7539
f 6427 3671 7539
f 7540 11079 11545
f 1172 7540 4232
f 7541 11546 11080
f 1173 4233 7541
f 3320 7542 5671
f 8735 3320 2540
f 3321 5672 7543
f 8736 2541 3321
f 7799 7544 4137
f 7013 4137 7544
f 7800 4138 7545
f 7014 7545 4138
f 7546 5826 869
f 3326 5826 7546
f 7547 869 5827
f 3327 7547 5827
f 133 7548 1178
f 7548 133 2781
f 134 1179 7549
f 7549 2782 134
f 110 7550 4535
f 110 1608 7550
f 4536 7551 111
f 7551 1609 111
f 4271 7552 1970
f 1970 7552 9511
f 4272 1971 7553
f 1971 9512 7553
f 11761 7554 12472
f 1470 7544 11749
f 11762 12473 7555
f 1471 11750 7545
f 3280 7556 2008
f 3280 5780 12356
f 3281 2009 7557
f 3281 12357 5781
f 3035 4818 7558
f 10864 11973 10098
f 3036 7559 4819
f 10865 10099 11974
f 7560 3492 1352
f 3492 7560 758
f 7561 1353 3493
f 3493 759 7561
f 2924 7152 7562
f 11165 7562 7152
f 2925 7563 7153
f 11166 7153 7563
f 990 7564 12249
f 7564 990 8528
f 991 12250 7565
f 7565 8529 991
f 7384 7566 2654
f 7566 3782 2654
f 7385 2655 7567
f 7567 2655 3783
f 7645 7568 2409
f 5707 2409 7568
f 7646 2410 7569
f 5708 7569 2410
f 7570 2652 9651
f 2652 7570 5608
f 7571 9652 2653
f 2653 5609 7571
f 7572 8426 1885
f 7572 1885 6295
f 1886 8427 7573
f 6296 1886 7573
f 6426 2389 7574
f 2389 8400 7574
f 6427 7575 2390
f 2390 7575 8401
f 2117 7576 6281
f 7576 2117 1712
f 2118 6282 7577
f 7577 1713 2118
f 9202 7578 9587
f 7578 6662 1060
f 9203 9588 7579
f 7579 1061 6663
f 52 11310 7580
f 5852 52 10444
f 53 7581 11311
f 5853 10445 53
f 2562 7582 938
f 6674 938 7582
f 2563 939 7583
f 6675 7583 939
f 6209 7584 3721
f 7584 11045 8530
f 6210 3722 7585
f 7585 8531 11046
f 1435 7586 2531
f 1435 1684 7586
f 1436 2532 7587
f 1436 7587 1685
f 7588 1091 4983
f 11239 3228 10196
f 7589 4984 1092
f 11240 10197 3229
f 7574 1362 7590
f 7575 7590 1362
f 4262 1476 7591
f 11083 7591 1476
f 4263 7592 1477
f 11084 1477 7592
f 12030 1097 7593
f 1097 7420 7593
f 12031 7594 1098
f 1098 7594 7421
f 7595 5139 2531
f 7586 7595 2531
f 7596 2532 5140
f 7587 2532 7596
f 7597 1172 12511
f 9984 7540 1172
f 7598 12512 1173
f 9985 1173 7541
f 2777 7599 338
f 9390 10396 7599
f 2778 339 7600
f 9391 7600 10397
f 7601 5753 508
f 508 5059 7601
f 7602 509 5754
f 509 7602 5060
f 300 7603 1811
f 6392 7603 300
f 301 1812 7604
f 6393 301 7604
f 7262 4121 7605
f 443 7605 4121
f 7263 7606 4122
f 444 4122 7606
f 4103 7607 461
f 461 7607 5357
f 4104 462 7608
f 462 5358 7608
f 2363 7609 12500
f 3980 7609 2363
f 2364 12501 7610
f 3981 2364 7610
f 7611 8420 348
f 11567 348 4575
f 7612 349 8421
f 11568 4576 349
f 1721 7613 723
f 10032 7629 1721
f 1722 724 7614
f 10033 1722 7630
f 7615 8664 2871
f 7615 2871 4489
f 7616 2872 8665
f 7616 4490 2872
f 1226 7617 640
f 1226 3798 9200
f 1227 641 7618
f 1227 9201 3799
f 5557 7619 1393
f 7619 8980 1393
f 5558 1394 7620
f 7620 1394 8981
f 1132 7621 10568
f 1132 2664 7633
f 10569 7622 1133
f 1133 7634 2665
f 592 10198 7623
f 11741 592 9332
f 593 7624 10199
f 11742 9333 593
f 6448 7625 10248
f 3582 7625 5920
f 6449 10249 7626
f 3583 5921 7626
f 9907 9883 7627
f 5037 9907 7627
f 9908 7628 9884
f 5038 7628 9908
f 7629 8772 7613
f 1721 7629 7613
f 7630 7614 8773
f 1722 7614 7630
f 1837 7631 10693
f 4075 7631 1837
f 1838 10694 7632
f 4076 1838 7632
f 2676 7621 7633
f 1132 7633 7621
f 2677 7634 7622
f 1133 7622 7634
f 7780 7635 486
f 2611 486 7635
f 7781 486 7636
f 2611 7636 486
f 7637 1008 10364
f 12470 1008 7637
f 7638 10365 1009
f 12471 7638 1009
f 7639 930 2817
f 2597 930 7639
f 7640 2818 931
f 2598 7640 931
f 11359 2877 7641
f 6145 12502 2877
f 11360 7642 2878
f 6146 2878 12503
f 6120 7643 4236
f 7643 8132 11779
f 6121 4237 7644
f 7644 11780 8133
f 7706 812 7645
f 812 7568 7645
f 7707 7646 813
f 813 7646 7569
f 407 2509 7647
f 407 7647 11989
f 408 7648 2510
f 408 11990 7648
f 6340 3828 7649
f 8982 7649 9050
f 6341 7650 3829
f 8983 9051 7650
f 1706 7651 2801
f 9561 4658 7651
f 1707 2802 7652
f 9562 7652 4659
f 794 4573 7653
f 11404 7653 10118
f 795 7654 4574
f 11405 10119 7654
f 2668 7655 9647
f 2668 2501 7669
f 2669 9648 7656
f 2669 7670 2502
f 3739 7657 10617
f 3739 6801 7657
f 10618 7658 3740
f 7658 6802 3740
f 7659 8478 1154
f 3478 7659 2781
f 7660 1155 8479
f 3479 2782 7660
f 8462 2327 5872
f 8392 2327 8462
f 8463 5873 2328
f 8393 8463 2328
f 3845 7663 1136
f 11316 7663 50
f 3846 1137 7664
f 11317 51 7664
f 7665 9016 10552
f 8161 10120 3385
f 7666 10553 9017
f 8162 3386 10121
f 224 10220 7667
f 11221 224 7667
f 225 7668 10221
f 11222 7668 225
f 2668 7669 7655
f 7655 7669 10830
f 2669 7656 7670
f 7656 10831 7670
f 2781 1799 7671
f 2781 7671 7548
f 2782 7672 1800
f 2782 7549 7672
f 4684 479 7673
f 9695 2505 4684
f 4685 7674 480
f 9696 4685 2506
f 9460 7675 2367
f 4010 2367 7675
f 9461 2368 7676
f 4011 7676 2368
f 8488 7302 7677
f 1148 7677 12207
f 8489 7678 7303
f 1149 12208 7678
f 7679 6372 175
f 6372 7679 4210
f 7680 175 6373
f 6373 4211 7680
f 4560 4570 7681
f 7681 4570 8780
f 4561 7682 4571
f 7682 8781 4571
f 9931 176 7683
f 176 10625 7683
f 9932 7684 177
f 177 7684 10626
f 7685 5240 9988
f 5794 5240 7685
f 7686 9989 5241
f 5795 7686 5241
f 7687 3477 3881
f 7687 3881 3476
f 6537 2431 7688
f 10896 7688 2431
f 6538 7689 2432
f 10897 2432 7689
f 3532 1542 7690
f 3532 9960 2710
f 3533 7691 1543
f 3533 2711 9961
f 5113 9002 7692
f 7692 6237 5113
f 5114 7693 9003
f 7693 5114 6238
f 5507 7694 1953
f 7694 8138 1953
f 5508 1954 7695
f 7695 1954 8139
f 4208 7696 4222
f 8112 12457 7696
f 4209 4223 7697
f 8113 7697 12458
f 4864 11775 7698
f 11769 1186 3684
f 4865 7699 11776
f 11770 3685 1187
f 7700 7970 3334
f 3558 376 9032
f 7701 3335 7971
f 3559 9033 377
f 4921 769 7702
f 4921 7702 4365
f 4922 7703 770
f 4922 4366 7703
f 7704 510 4638
f 4041 11348 4638
f 7705 4639 511
f 4042 4639 11349
f 10268 7706 4596
f 4596 7706 7645
f 10269 4597 7707
f 4597 7646 7707
f 12267 7708 2048
f 7708 3869 2048
f 12268 2049 7709
f 7709 2049 3870
f 10462 7710 1967
f 7710 7116 1967
f 10463 1968 7711
f 7711 1968 7117
f 7712 413 7294
f 10316 7712 7294
f 7713 7295 414
f 10317 7295 7713
f 2523 8583 7714
f 11065 4375 2523
f 2524 7715 8584
f 11066 2524 4376
f 7716 5784 11627
f 7716 2706 6251
f 7717 11628 5785
f 7717 6252 2707
f 1358 6468 7718
f 11348 1358 7718
f 1359 7719 6469
f 11349 7719 1359
f 7720 4483 4495
f 12402 10110 2859
f 7721 4496 4484
f 12403 2860 10111
f 9889 7722 690
f 690 11151 857
f 9890 691 7723
f 691 858 11152
f 10832 7603 7724
f 928 7724 10984
f 10833 7725 7604
f 929 10985 7725
f 2566 4816 7726
f 7726 3688 11838
f 2567 7727 4817
f 7727 11839 3689
f 9128 4898 7728
f 4898 364 7728
f 9129 7729 4899
f 4899 7729 365
f 7730 2922 3348
f 4894 7730 3348
f 7731 3349 2923
f 4895 3349 7731
f 2698 5061 9557
f 12281 2698 9557
f 2699 9558 5062
f 12282 9558 2699
f 1870 8404 7734
f 1870 12453 5979
f 1871 7735 8405
f 1871 5980 12454
f 364 10088 10735
f 10735 7728 364
f 365 10736 10089
f 10736 365 7729
f 10939 7738 4317
f 12502 7738 10939
f 10940 4318 7739
f 12503 10940 7739
f 10677 7740 4656
f 7740 9114 4656
f 10678 4657 7741
f 7741 4657 9115
f 3356 1823 7742
f 7742 3972 9623
f 3357 7743 1824
f 7743 9624 3973
f 1016 7744 3917
f 7481 3917 7744
f 1017 3918 7745
f 7482 7745 3918
f 7746 2134 4497
f 7746 2726 12348
f 7747 4498 2135
f 7747 12349 2727
f 370 4706 7748
f 1520 370 7748
f 371 7749 4707
f 1521 7749 371
f 6983 2439 7750
f 11563 7750 2439
f 6984 7751 2440
f 11564 2440 7751
f 4814 7752 471
f 7564 471 9535
f 4815 472 7753
f 7565 9536 472
f 7754 1510 4349
f 7754 4890 1510
f 7755 4350 1511
f 7755 1511 4891
f 5198 7756 1064
f 5198 2890 7756
f 5199 1065 7757
f 5199 7757 2891
f 9761 6398 7758
f 3638 7758 11848
f 9762 7759 6399
f 3639 11849 7759
f 7760 10484 3029
f 10080 7760 3029
f 7761 3030 10485
f 10081 3030 7761
f 7762 8622 5487
f 2579 3859 7762
f 7763 5488 8623
f 2580 7763 3860
f 7764 10260 6811
f 10910 7764 6811
f 7765 6812 10261
f 10911 6812 7765
f 156 4167 7766
f 4167 7222 7784
f 157 7767 4168
f 4168 7785 7223
f 11151 7768 857
f 7768 4756 857
f 11152 858 7769
f 7769 858 4757
f 7770 9458 423
f 7770 423 5045
f 7771 424 9459
f 7771 5046 424
f 30 7772 934
f 934 7772 9434
f 31 935 7773
f 935 9435 7773
f 4890 7774 362
f 11011 7774 6336
f 4891 363 7775
f 11012 6337 7775
f 8870 7776 3425
f 3425 7776 7764
f 8871 3426 7777
f 3426 7765 7777
f 3990 397 7778
f 3990 7778 3095
f 7779 398 3991
f 3096 7779 3991
f 7780 486 4784
f 7780 4784 10532
f 7781 4784 486
f 7781 10533 4784
f 6108 9723 7782
f 6108 7782 1974
f 6109 7783 9724
f 6109 1975 7783
f 7766 7784 2028
f 7784 7766 4167
f 7767 2029 7785
f 7785 4168 7767
f 7786 3566 792
f 7343 3566 7786
f 7787 793 3567
f 7344 7787 3567
f 7788 6556 5178
f 7788 5178 8187
f 7789 5179 6557
f 7789 8188 5179
f 4854 7790 1957
f 8373 7790 4854
f 4855 1958 7791
f 8374 4855 7791
f 2612 7792 2083
f 9617 2083 7792
f 2613 2084 7793
f 9618 7793 2084
f 7400 9905 7794
f 4967 6672 7794
f 7401 7795 9906
f 4968 7795 6673
f 6334 4012 7796
f 4012 5351 9577
f 6335 7797 4013
f 4013 9578 5352
f 9351 7798 1841
f 9350 1841 7798
f 7799 12032 1878
f 8868 7799 1878
f 7800 1879 12033
f 8869 1879 7800
f 721 2467 7801
f 7801 10655 721
f 722 7802 2468
f 7802 722 10656
f 2268 12149 7803
f 12440 2268 7995
f 2268 7804 12150
f 12440 7996 2268
f 7805 7335 5699
f 7805 5699 387
f 7806 5700 7336
f 7806 388 5700
f 7772 7807 883
f 7807 3733 883
f 7773 884 7808
f 7808 884 3734
f 6022 7809 4678
f 6022 11559 7809
f 6023 4679 7810
f 6023 7810 11560
f 2115 4113 7811
f 5196 7811 4113
f 2116 7812 4114
f 5197 4114 7812
f 4256 7856 7813
f 7813 2851 8171
f 4257 7814 7857
f 7814 8172 2852
f 5330 7815 2507
f 2507 9537 8213
f 5331 2508 7816
f 2508 8214 9538
f 9491 3749 7817
f 11844 3600 3611
f 9492 7818 3750
f 11845 3612 3601
f 5934 7819 200
f 5934 2951 7819
f 5935 201 7820
f 5935 7820 2952
f 1206 483 7821
f 1205 7821 483
f 7822 2256 3423
f 7822 11108 2256
f 7823 3424 2257
f 7823 2257 11109
f 3089 7824 11273
f 1961 7824 3089
f 3090 11274 7825
f 1962 3090 7825
f 7826 6460 1889
f 1889 69 7826
f 7827 1890 6461
f 1890 7827 70
f 7828 915 5043
f 7094 11318 5043
f 7829 5044 916
f 7095 5044 11319
f 700 7830 5808
f 7830 8326 5808
f 701 5809 7831
f 7831 5809 8327
f 9745 5749 7832
f 5749 4399 7832
f 9746 7833 5750
f 5750 7833 4400
f 1920 1140 7834
f 7155 7834 1140
f 1921 7835 1141
f 7156 1141 7835
f 2799 1018 7836
f 7836 1018 4548
f 2800 7837 1019
f 7837 4549 1019
f 9060 6095 7838
f 7838 6095 1224
f 9061 7839 6096
f 7839 1225 6096
f 7840 11690 6336
f 1458 3857 7840
f 7841 6337 11691
f 1459 7841 3858
f 6803 12066 7842
f 12080 1710 5485
f 6804 7843 12067
f 12081 5486 1711
f 1978 7844 9182
f 7844 1978 7809
f 1979 9183 7845
f 7845 7810 1979
f 692 2122 7846
f 2122 10312 8893
f 693 7847 2123
f 2123 8894 10313
f 521 7848 4834
f 7848 521 7434
f 522 4835 7849
f 7435 522 7849
f 11625 3962 7850
f 3962 1498 7850
f 11626 7851 3963
f 3963 7851 1499
f 7852 5427 6909
f 12386 5427 7852
f 7853 6910 5428
f 12387 7853 5428
f 8486 537 7854
f 7854 10052 3365
f 8487 7855 538
f 7855 3366 10053
f 7813 7856 2851
f 7856 6907 2851
f 7814 2852 7857
f 7857 2852 6908
f 43 7858 3470
f 43 4339 7858
f 3471 7859 44
f 44 7859 4340
f 5987 12496 7860
f 7860 9823 5987
f 5988 7861 12497
f 7861 5988 9824
f 7862 296 1795
f 7862 1795 6202
f 7863 1796 297
f 7863 6203 1796
f 7479 7864 2194
f 8416 2194 7864
f 7480 2195 7865
f 8417 7865 2195
f 3216 2052 7866
f 7866 2052 7860
f 3217 7867 2053
f 7867 7861 2053
f 7868 2779 4935
f 7868 435 2779
f 7869 4936 2780
f 7869 2780 436
f 607 12094 4256
f 12094 9819 2742
f 608 4257 12095
f 12095 2743 9820
f 5336 280 7872
f 7872 280 10864
f 5337 7873 281
f 7873 10865 281
f 6010 7874 3236
f 12034 7944 12048
f 6011 3237 7875
f 12035 12049 7945
f 7876 3103 5228
f 1109 3103 7876
f 7877 5229 3104
f 1110 7877 3104
f 496 7878 5051
f 9322 7878 496
f 497 5052 7879
f 9323 497 7879
f 1864 7880 4907
f 7880 1864 9112
f 1865 4908 7881
f 9113 1865 7881
f 2076 1113 7882
f 1113 8567 7882
f 2077 7883 1114
f 1114 7883 8568
f 7884 7898 4824
f 8296 3306 7884
f 7885 4825 7899
f 8297 7885 3307
f 2849 7886 5659
f 5659 7886 4063
f 2850 5660 7887
f 5660 4064 7887
f 10100 6010 7888
f 3236 7888 6010
f 10101 7889 6011
f 3237 6011 7889
f 10440 7890 5365
f 6747 10932 4654
f 10441 5366 7891
f 6748 4655 10933
f 1209 7892 6472
f 9291 7892 1209
f 1210 6473 7893
f 9292 1210 7893
f 4674 7894 1134
f 4501 1134 7894
f 4675 1135 7895
f 4502 7895 1135
f 7896 4888 11340
f 7896 8620 4888
f 7897 11341 4889
f 7897 4889 8621
f 9835 7898 3306
f 3306 7898 7884
f 9836 3307 7899
f 3307 7885 7899
f 7900 6901 1397
f 2397 6901 7900
f 7901 1398 6902
f 2398 7901 6902
f 10020 65 7902
f 8838 5645 7902
f 10021 7903 66
f 8839 7903 5646
f 7254 3133 7904
f 3133 3763 7904
f 7255 7905 3134
f 3134 7905 3764
f 9016 7906 10552
f 3482 7906 653
f 9017 10553 7907
f 3483 654 7907
f 4820 7908 2728
f 4820 719 7908
f 4821 2729 7909
f 4821 7909 720
f 1397 7910 11075
f 6901 7910 1397
f 1398 11076 7911
f 6902 1398 7911
f 7912 6635 11842
f 7912 5186 3980
f 7913 11843 6636
f 7913 3981 5187
f 11306 7914 6646
f 6646 7914 2622
f 11307 6647 7915
f 6647 2623 7915
f 4604 584 7916
f 9875 7930 12171
f 4605 7917 585
f 9876 12172 7931
f 2152 7918 5497
f 7918 2152 6554
f 2153 5498 7919
f 7919 6555 2153
f 7044 9299 7920
f 7044 7920 5459
f 7045 7921 9299
f 7045 5460 7921
f 7922 6400 2453
f 2453 5447 7922
f 7923 2454 6401
f 2454 7923 5448
f 2212 4411 7924
f 7924 4411 11051
f 2213 7925 4412
f 7925 11052 4412
f 7936 7926 3574
f 6267 3574 7926
f 7937 3575 7927
f 6268 7927 3575
f 1462 7914 7928
f 5475 1462 7944
f 1463 7929 7915
f 5476 7945 1463
f 9875 2076 7930
f 2076 7882 7930
f 9876 7931 2077
f 2077 7931 7883
f 7932 4947 964
f 964 7813 7932
f 7933 965 4948
f 965 7933 7814
f 1887 7948 7934
f 2785 1535 7934
f 1888 7935 7949
f 2786 7935 1536
f 3574 309 7936
f 309 7716 10623
f 3575 7937 310
f 310 10624 7717
f 7938 5673 12319
f 7938 11157 5673
f 7939 12320 5674
f 7939 5674 11158
f 4810 2769 7940
f 7940 8213 4810
f 4811 7941 2770
f 7941 4811 8214
f 594 7942 11448
f 1676 7942 5695
f 595 11449 7943
f 1677 5696 7943
f 7944 1462 7928
f 9631 9645 7944
f 7945 7929 1463
f 9632 7945 9646
f 6440 7946 1746
f 1746 12307 4666
f 6441 1747 7947
f 1747 4667 12308
f 7934 10886 2785
f 10886 3759 2785
f 7935 2786 10887
f 10887 2786 3760
f 1768 7950 4816
f 4367 8230 1768
f 1769 4817 7951
f 4368 1769 8231
f 7952 11173 5955
f 10 4028 7952
f 7953 5956 11174
f 11 7953 4029
f 10609 7954 7822
f 10609 4674 7954
f 10610 7823 7955
f 10610 7955 4675
f 7956 5940 9042
f 7983 5940 7956
f 7957 9043 5941
f 7984 7957 5941
f 7958 3800 5553
f 7958 3246 3800
f 7959 5554 3801
f 7959 3801 3247
f 4612 7960 742
f 4611 742 7960
f 7961 3765 8885
f 1949 3765 7961
f 7962 8886 3766
f 1950 7962 3766
f 2168 2417 7963
f 2168 7963 5332
f 2169 7964 2418
f 2169 5333 7964
f 7965 1153 648
f 7965 648 1152
f 6178 7966 2904
f 6529 7966 6178
f 6179 2905 7967
f 6530 6179 7967
f 12009 419 7968
f 11737 419 6574
f 12010 7969 420
f 11738 6575 420
f 376 7970 9032
f 376 5505 7970
f 377 9033 7971
f 377 7971 5506
f 8460 7972 1700
f 11462 10442 1700
f 8461 1701 7973
f 11463 1701 10443
f 771 1925 7974
f 771 7974 1924
f 5812 7975 193
f 7975 7056 193
f 5813 194 7976
f 7976 194 7057
f 1058 7977 11282
f 1058 11375 9259
f 1059 11283 7978
f 1059 9260 11376
f 7979 1218 11789
f 11896 2449 7970
f 7980 11790 1219
f 11897 7971 2450
f 7981 11737 6574
f 7981 6574 5798
f 7982 6575 11738
f 7982 5799 6575
f 7983 1924 5940
f 771 1924 7983
f 7984 5941 1925
f 771 7984 1925
f 7985 3773 10270
f 3773 7985 7607
f 7986 10271 3774
f 3774 7608 7986
f 6930 11698 7987
f 11698 8242 7987
f 6930 7988 11698
f 11698 7988 8243
f 1668 5139 7989
f 7989 5139 7595
f 1669 7990 5140
f 7990 7596 5140
f 7830 7991 12104
f 8408 3466 7991
f 7831 12105 7992
f 8409 7992 3467
f 4650 8707 7993
f 1898 10130 7993
f 4651 7994 8708
f 1899 7994 10131
f 2268 7803 7995
f 7995 7803 4672
f 2268 7996 7804
f 7996 4673 7804
f 2026 270 7997
f 270 5914 7997
f 2027 7998 271
f 271 7998 5915
f 3994 700 7999
f 12465 7999 3081
f 3995 8000 701
f 12466 3082 8000
f 8001 1760 5876
f 3152 1760 8001
f 8002 5877 1761
f 3153 8002 1761
f 7118 3534 8003
f 8003 3534 7076
f 7119 8004 3535
f 8004 7077 3535
f 640 2056 8005
f 8005 2056 5292
f 641 8006 2057
f 8006 5293 2057
f 8007 10672 1
f 8007 1 10671
f 325 8480 8008
f 3763 325 8008
f 326 8009 8481
f 3764 8009 326
f 1496 4349 8010
f 1510 8010 4349
f 1497 8011 4350
f 1511 4350 8011
f 2648 8012 5252
f 2269 5252 8012
f 2649 5253 8013
f 2270 8013 5253
f 9110 1101 8014
f 8014 1101 6283
f 9111 8015 1102
f 8015 6284 1102
f 10034 8016 5413
f 8016 1067 10989
f 10035 5414 8017
f 8017 10990 1068
f 8018 726 1662
f 1662 1270 8316
f 8019 1663 727
f 1663 8317 1271
f 8173 8020 5636
f 5636 8020 2138
f 8174 5637 8021
f 5637 2139 8021
f 10188 8022 4145
f 3662 8022 3338
f 10189 4146 8023
f 3663 3339 8023
f 8024 2967 2387
f 6446 2967 8024
f 8025 2388 2968
f 6447 8025 2968
f 8026 6432 8668
f 8026 3741 6432
f 8027 8669 6433
f 8027 6433 3742
f 8028 5268 2746
f 10154 8028 2746
f 8029 2747 5269
f 10155 2747 8029
f 5353 2101 8030
f 8030 2101 11151
f 5354 8031 2102
f 8031 11152 2102
f 8032 4323 9935
f 8032 4766 4323
f 8033 9936 4324
f 8033 4324 4767
f 8034 1793 3892
f 3892 10292 8034
f 8035 3893 1794
f 3893 8035 10293
f 3600 8036 5238
f 7175 8036 3600
f 3601 5239 8037
f 7176 3601 8037
f 576 8038 4381
f 4381 8038 7106
f 577 4382 8039
f 4382 7107 8039
f 9132 8040 10918
f 1487 4848 8040
f 9133 10919 8041
f 1488 8041 4849
f 8042 3393 3408
f 753 8042 3408
f 8043 3409 3394
f 754 3409 8043
f 4527 786 8044
f 786 5532 11967
f 4528 8045 787
f 787 11968 5533
f 11928 8060 8046
f 8046 1448 9972
f 11929 8047 8061
f 8047 9973 1449
f 8048 3788 12161
f 10406 8048 12161
f 8049 12162 3789
f 10407 12162 8049
f 10589 8050 4776
f 8050 1285 4776
f 10590 4777 8051
f 8051 4777 1286
f 3111 8052 6271
f 3111 7593 10334
f 3112 6272 8053
f 3112 10335 7594
f 11484 8054 3069
f 8862 9749 3069
f 11485 3070 8055
f 8863 3070 9750
f 8056 9388 8070
f 8056 61 10082
f 8057 8071 9389
f 8057 10083 62
f 100 8058 5353
f 100 10955 8058
f 100 5354 8059
f 100 8059 10955
f 8060 2857 1448
f 8060 1448 8046
f 8061 1449 2858
f 8061 8047 1449
f 8062 1285 11991
f 9482 1285 8062
f 8063 11992 1286
f 9483 8063 1286
f 2678 10224 8064
f 7516 2678 8064
f 2679 8065 10225
f 7517 8065 2679
f 1304 8066 2383
f 5620 2383 8066
f 1305 2384 8067
f 5621 8067 2384
f 1336 5818 8068
f 8068 11308 3244
f 1337 8069 5819
f 8069 3245 11309
f 8070 10448 61
f 8070 61 8056
f 8071 62 10449
f 8071 8057 62
f 8072 4461 1190
f 8072 9018 4461
f 8073 1191 4462
f 8073 4462 9019
f 5711 980 8074
f 980 3365 8084
f 5712 8075 981
f 981 8085 3366
f 1399 8076 806
f 806 8076 6112
f 1400 807 8077
f 807 6113 8077
f 10490 4315 8078
f 1994 8078 4315
f 10491 8079 4316
f 1995 4316 8079
f 8080 678 7130
f 3258 678 8080
f 8081 7131 679
f 3259 8081 679
f 5733 10635 8082
f 8082 3606 5733
f 5734 8083 10636
f 8083 5734 3607
f 8074 8084 4766
f 8074 980 8084
f 8075 4767 8085
f 8075 8085 981
f 8086 723 6042
f 8086 1721 723
f 8087 6043 724
f 8087 724 1722
f 11199 7072 8088
f 8088 7072 11593
f 11200 8089 7073
f 8089 11594 7073
f 11346 8090 5429
f 9901 3462 5429
f 11347 5430 8091
f 9902 5430 3463
f 8092 8516 1306
f 8092 1306 9591
f 8093 1307 8517
f 8093 9592 1307
f 649 8579 8094
f 8094 3027 9681
f 650 8095 8580
f 8095 9682 3028
f 8096 1764 5371
f 10482 8096 5371
f 8097 5372 1765
f 10483 5372 8097
f 6494 5455 8098
f 8098 3075 6494
f 6495 8099 5456
f 8099 6495 3076
f 3528 8100 5776
f 5776 8100 2562
f 3529 5777 8101
f 5777 2563 8101
f 9563 8102 1228
f 1228 8102 3558
f 9564 1229 8103
f 1229 3559 8103
f 342 8104 9146
f 5178 8104 8187
f 343 9147 8105
f 5179 8188 8105
f 8106 8482 4343
f 8098 8106 9555
f 8107 4344 8483
f 8099 9556 8107
f 1190 3735 8108
f 7146 8108 3735
f 1191 8109 3736
f 7147 3736 8109
f 625 2479 8110
f 625 8110 9474
f 626 8111 2480
f 626 9475 8111
f 8112 7696 4208
f 638 8112 4208
f 8113 4209 7697
f 639 4209 8113
f 3316 682 8114
f 8114 682 121
f 3317 8115 683
f 8115 122 683
f 8116 2163 7412
f 826 8116 7412
f 8117 7413 2164
f 827 7413 8117
f 5286 8118 1138
f 899 8118 5286
f 5287 1139 8119
f 900 5287 8119
f 8120 9777 6416
f 1892 12191 1095
f 8121 6417 9778
f 1893 1096 12192
f 2902 4590 8122
f 8134 8122 7591
f 2903 8123 4591
f 8135 7592 8123
f 8124 3344 10888
f 9817 8124 5443
f 8125 10889 3345
f 9818 5444 8125
f 1194 8126 8872
f 11189 8126 1194
f 1195 8873 8127
f 11190 1195 8127
f 10645 8128 2704
f 2704 8128 12012
f 10646 2705 8129
f 2705 12013 8129
f 8130 917 6147
f 8130 3717 917
f 8131 6148 918
f 8131 918 3718
f 1095 2234 8132
f 1892 1095 8132
f 1096 8133 2235
f 1893 8133 1096
f 2902 8122 8134
f 1636 2902 8134
f 2903 8135 8123
f 1637 8135 2903
f 11096 8136 2150
f 8136 11699 2150
f 11097 2151 8137
f 8137 2151 11700
f 1953 8138 3488
f 8138 1470 3488
f 1954 3489 8139
f 8139 3489 1471
f 8140 3302 5290
f 4664 3302 9771
f 8141 5291 3303
f 4665 9772 3303
f 1458 8142 5816
f 1458 5451 8142
f 1459 5817 8143
f 1459 8143 5452
f 2726 12428 8144
f 2726 8144 8136
f 2727 8145 12429
f 2727 8137 8145
f 2527 11213 8146
f 8146 4453 1479
f 2528 8147 11214
f 8147 1480 4454
f 8148 11504 4758
f 8158 4758 3548
f 8149 4759 11505
f 8159 3549 4759
f 8150 9312 828
f 10956 7341 10970
f 8151 829 9313
f 10957 10971 7342
f 9783 5055 8152
f 5055 9223 8152
f 9784 8153 5056
f 5056 8153 9224
f 8154 7819 3822
f 4850 8154 3822
f 8155 3823 7820
f 4851 3823 8155
f 10394 127 8156
f 127 3840 8156
f 10395 8157 128
f 128 8157 3841
f 8158 12235 8148
f 8148 4758 8158
f 8159 8149 12236
f 8149 8159 4759
f 8160 2764 834
f 8160 834 2763
f 3397 843 8161
f 9485 843 48
f 3398 8162 844
f 9486 49 844
f 5747 8163 10572
f 8163 6993 4979
f 10573 8164 5748
f 4980 6994 8164
f 8165 2323 11826
f 5757 11282 8165
f 8166 11827 2324
f 5758 8166 11283
f 8167 4254 7252
f 4254 8167 302
f 8168 7253 4255
f 4255 302 8168
f 2953 7349 8169
f 4397 2953 8169
f 2954 8170 7350
f 4398 8170 2954
f 6819 8171 3178
f 3178 9978 7766
f 6820 3179 8172
f 3179 7767 9979
f 143 8020 8173
f 4457 143 8173
f 144 8174 8021
f 4458 8174 144
f 210 3842 8175
f 6509 8175 3842
f 210 8176 3842
f 6510 3842 8176
f 9231 8177 1894
f 8177 4467 1894
f 9232 1895 8178
f 8178 1895 4468
f 1813 4998 8179
f 6637 1813 10894
f 1814 8180 4999
f 6638 10895 1814
f 4882 8181 12441
f 4281 9719 11098
f 4883 12442 8182
f 4282 11099 9720
f 8658 1268 8183
f 1268 12396 10908
f 8659 8184 1269
f 1269 10909 12397
f 6777 5154 8185
f 5154 4283 8185
f 6778 8186 5155
f 5155 8186 4284
f 8187 342 219
f 8187 8104 342
f 8188 220 343
f 8188 343 8105
f 2120 8189 69
f 69 12424 7826
f 2121 70 8190
f 70 7827 12425
f 711 6507 8191
f 1160 711 8191
f 712 8192 6508
f 1161 8192 712
f 5115 7272 8193
f 8193 2605 5115
f 5116 8194 7273
f 8194 5116 2606
f 8195 1512 5262
f 9052 8232 1512
f 8196 5263 1513
f 9053 1513 8233
f 10675 1391 8197
f 8197 1391 6612
f 10676 8198 1392
f 8198 6613 1392
f 5527 8199 1332
f 5527 543 8199
f 5528 1333 8200
f 5528 8200 544
f 4309 8201 5069
f 1491 8201 4309
f 4310 5070 8202
f 1492 4310 8202
f 1936 8203 6654
f 7653 8203 1936
f 1937 6655 8204
f 7654 1937 8204
f 8205 5180 11658
f 5180 8205 2305
f 8206 11659 5181
f 5181 2306 8206
f 4036 8207 1180
f 1180 12449 3907
f 4037 1181 8208
f 1181 3908 12450
f 11073 8209 3498
f 5262 8209 1785
f 11074 3499 8210
f 5263 1786 8210
f 467 8211 4327
f 8318 4327 8211
f 468 4328 8212
f 8319 8212 4328
f 8213 9537 3435
f 3435 4810 8213
f 8214 3436 9538
f 3436 8214 4811
f 2377 7510 8215
f 8215 7076 2377
f 2378 8216 7511
f 8216 2378 7077
f 8217 2152 5497
f 8217 5497 2938
f 8218 5498 2153
f 8218 2939 5498
f 1969 3173 8219
f 1969 8219 3172
f 1010 8220 1854
f 7040 8220 1010
f 1011 1855 8221
f 7041 1011 8221
f 8134 4117 8222
f 4117 4467 11939
f 8135 8223 4118
f 4118 11940 4468
f 5645 8224 1805
f 8838 8224 5645
f 5646 1806 8225
f 8839 5646 8225
f 2192 6650 8226
f 3624 11587 11597
f 2193 8227 6651
f 3625 11598 11588
f 80 8228 3144
f 8228 7645 3144
f 81 3145 8229
f 8229 3145 7646
f 1768 8230 7950
f 8230 11965 7950
f 1769 7951 8231
f 8231 7951 11966
f 1512 8232 11793
f 8232 3672 886
f 1513 11794 8233
f 8233 887 3673
f 8234 2369 6517
f 8234 11828 10032
f 8235 6518 2370
f 8235 10033 11829
f 8236 6190 913
f 8236 913 966
f 8237 914 6191
f 8237 967 914
f 1856 8238 9581
f 1856 11431 8238
f 1857 9582 8239
f 1857 8239 11432
f 2674 10589 8240
f 10370 2674 8240
f 2675 8241 10590
f 10371 8241 2675
f 3761 8242 9943
f 7987 8242 3761
f 3762 9944 8243
f 7988 3762 8243
f 6590 12062 8244
f 2210 8244 1630
f 6591 8245 12063
f 2211 1631 8245
f 6608 2640 8246
f 8246 2640 3554
f 6609 8247 2641
f 8247 3555 2641
f 11067 958 8248
f 11081 9711 2170
f 11068 8249 959
f 11082 2171 9712
f 2281 11639 8250
f 1152 2281 8250
f 2282 8251 11640
f 1153 8251 2282
f 1648 12175 8252
f 8252 3220 2849
f 1649 8253 12176
f 8253 2850 3221
f 8254 9096 5675
f 10780 8254 5675
f 8255 5676 9097
f 10781 5676 8255
f 8256 11886 8271
f 4024 3753 8256
f 8257 8272 11887
f 4025 8257 3754
f 8258 4682 2971
f 2971 11860 8258
f 8259 2972 4683
f 2972 8259 11861
f 8268 221 8260
f 8260 221 8267
f 1291 8261 1883
f 1883 9803 5894
f 1292 1884 8262
f 1884 5895 9804
f 688 8263 4491
f 8263 4345 4491
f 689 4492 8264
f 8264 4492 4346
f 4622 2708 8265
f 2708 5589 8778
f 4623 8266 2709
f 2709 8779 5590
f 4606 8267 1132
f 8260 8267 4606
f 1133 8268 4607
f 4607 8268 8260
f 9939 11411 8269
f 8269 1504 10609
f 9940 8270 11412
f 8270 10610 1505
f 11886 338 8271
f 8271 11543 11555
f 11887 8272 339
f 8272 11556 11544
f 8273 4312 885
f 8273 885 4311
f 8274 7572 3572
f 6779 8274 3572
f 3573 7573 8275
f 3573 8275 6779
f 6223 8276 730
f 8276 6223 4389
f 6224 731 8277
f 8277 4390 6224
f 4676 2803 8278
f 6924 4676 8278
f 4677 8279 2804
f 6925 8279 4677
f 2771 8280 3618
f 8280 2771 11995
f 2772 3619 8281
f 8281 11996 2772
f 3107 8958 8282
f 3107 8282 2664
f 3108 8283 8959
f 3108 2665 8283
f 2881 4435 8284
f 4791 10880 8298
f 2882 8285 4436
f 4792 8299 10881
f 8286 8276 1281
f 1281 3306 8286
f 8287 1282 8277
f 1282 8287 3307
f 8288 5838 4785
f 8288 2636 5838
f 8289 4786 5839
f 8289 5839 2637
f 6953 3097 8290
f 832 6953 8290
f 6954 8291 3098
f 833 8291 6954
f 8292 4724 3813
f 8292 3813 1690
f 8293 3814 4725
f 1691 3814 8293
f 5599 8306 8294
f 406 5599 8294
f 5599 8295 8307
f 406 8295 5599
f 5593 8296 7884
f 5593 2879 8296
f 5594 7885 8297
f 5594 8297 2880
f 8298 12229 266
f 10880 12229 8298
f 8299 267 12230
f 10881 8299 12230
f 996 8300 5192
f 8300 996 7244
f 997 5193 8301
f 8301 7245 997
f 10711 1111 8302
f 1111 2050 8302
f 10712 8303 1112
f 1112 8303 2051
f 346 8304 11581
f 8304 5994 5983
f 347 11582 8305
f 8305 5984 5995
f 725 8522 8306
f 8306 5599 725
f 725 8307 8523
f 8307 725 5599
f 6668 8308 1156
f 8054 11484 8308
f 6669 1157 8309
f 8055 8309 11485
f 487 8854 8310
f 8310 5254 487
f 488 8311 8855
f 8311 488 5255
f 8312 12323 6070
f 8312 3604 4049
f 8313 6071 12324
f 8313 4050 3605
f 6855 1638 8314
f 1638 7094 8314
f 6856 8315 1639
f 1639 8315 7095
f 9454 1662 8316
f 9454 8316 7068
f 9455 7069 8317
f 9455 8317 1663
f 11209 12484 8318
f 950 2103 8318
f 11210 8319 12485
f 951 8319 2104
f 3784 3731 8320
f 9374 8320 3731
f 3785 8321 3732
f 9375 3732 8321
f 8322 213 4143
f 6699 8322 4143
f 8323 4144 214
f 6700 4144 8323
f 8324 11866 1498
f 3962 8324 1498
f 8325 1499 11867
f 3963 1499 8325
f 2487 6721 8326
f 10078 7942 11140
f 2488 8327 6722
f 10079 11141 7943
f 2036 8328 3033
f 2036 5965 8338
f 2037 3034 8329
f 2037 8339 5966
f 6380 4 8330
f 8330 6596 6380
f 6381 8331 5
f 8331 6381 6597
f 8332 1324 6841
f 8332 2385 1324
f 8333 6842 1325
f 8333 1325 2386
f 4998 1864 8334
f 4998 8334 4399
f 4999 8335 1865
f 4999 4400 8335
f 3282 7436 8336
f 3282 8336 10296
f 3283 8337 7437
f 3283 10297 8337
f 9913 8328 8338
f 2036 8338 8328
f 9914 8339 8329
f 2037 8329 8339
f 4622 8265 8340
f 11605 8340 1328
f 4623 8341 8266
f 11606 1329 8341
f 5630 8342 12354
f 3900 12366 5630
f 5631 12355 8343
f 3900 5631 12367
f 10306 8344 5246
f 4185 901 8361
f 10307 5247 8345
f 4186 8362 902
f 670 8346 5377
f 8346 1216 5377
f 671 5378 8347
f 8347 5378 1217
f 3935 8348 12451
f 8348 7217 2917
f 3936 12452 8349
f 8349 2918 7218
f 8350 4661 531
f 8350 531 4660
f 8351 1369 10126
f 1369 8351 10222
f 8352 10127 1370
f 1370 10223 8352
f 6691 8353 11533
f 8353 4898 2393
f 6692 11534 8354
f 8354 2394 4899
f 2915 8355 8344
f 755 11223 2915
f 2916 8345 8356
f 756 2916 11224
f 708 8357 3210
f 8919 8357 708
f 709 3211 8358
f 8920 709 8358
f 6414 183 8359
f 183 1264 8359
f 6415 8360 184
f 184 8360 1265
f 4185 8361 8344
f 2915 8344 8361
f 4186 8345 8362
f 2916 8362 8345
f 6548 8363 6052
f 6052 8363 1002
f 6549 6053 8364
f 6053 1003 8364
f 8546 8365 4057
f 4057 8365 8996
f 8547 4058 8366
f 4058 8997 8366
f 1858 8367 3490
f 1858 5673 8367
f 1859 3491 8368
f 1859 8368 5674
f 5949 8369 4373
f 9607 4373 8369
f 5950 4374 8370
f 9608 8370 4374
f 2965 8371 5918
f 3674 8371 2965
f 2966 5919 8372
f 3675 2966 8372
f 3970 8373 560
f 560 8373 4854
f 3971 561 8374
f 561 4855 8374
f 574 4401 8375
f 8375 8384 2273
f 575 8376 4402
f 8376 2274 8385
f 1472 8377 10953
f 8377 1472 4664
f 1473 10954 8378
f 8378 4665 1473
f 7351 8379 2319
f 2319 8379 5111
f 7352 2320 8380
f 2320 5112 8380
f 8381 2540 6689
f 8381 6689 974
f 8382 6690 2541
f 8382 975 6690
f 302 8383 8168
f 302 8167 8383
f 4401 7474 8384
f 8375 4401 8384
f 4402 8385 7475
f 8376 8385 4402
f 8386 8909 11577
f 8386 2311 294
f 8387 11578 8910
f 8387 295 2312
f 2716 7254 8388
f 2716 8388 3468
f 2717 8389 7255
f 2717 3469 8389
f 8390 4606 3451
f 8390 3451 8274
f 3452 4607 8391
f 8275 3452 8391
f 5091 2327 8392
f 8392 6370 10416
f 5092 8393 2328
f 8393 10417 6371
f 8394 6546 11134
f 3234 6546 8394
f 8395 11135 6547
f 3235 8395 6547
f 8396 1688 5695
f 10750 1688 8396
f 8397 5696 1689
f 10751 8397 1689
f 1527 8398 4299
f 2775 4299 8398
f 1528 4300 8399
f 2776 8399 4300
f 6853 8400 2337
f 8400 6853 3953
f 6854 2338 8401
f 8401 3953 6854
f 3863 8402 2684
f 2684 8402 4423
f 3864 2685 8403
f 2685 4424 8403
f 1107 7734 8404
f 1107 9196 3824
f 1108 8405 7735
f 1108 3825 9197
f 1600 8406 4708
f 4708 12335 8960
f 1601 4709 8407
f 4709 8961 12336
f 4929 8408 2020
f 8408 7991 2020
f 4930 2021 8409
f 8409 2021 7992
f 3526 732 8410
f 732 4445 8410
f 3527 8411 733
f 733 8411 4446
f 11858 8412 4993
f 8412 2421 4993
f 11859 4994 8413
f 8413 4994 2422
f 8414 9537 4171
f 8414 12187 7989
f 8415 4172 9538
f 8415 7990 12188
f 7864 4872 8416
f 5828 8416 4872
f 7865 8417 4873
f 5829 4873 8417
f 8418 3198 7138
f 3198 8418 1216
f 8419 7139 3199
f 3199 1217 8419
f 11051 1770 8420
f 1770 4397 12253
f 11052 8421 1771
f 1771 12254 4398
f 8422 874 8263
f 5141 874 8422
f 8423 8264 874
f 5141 8423 874
f 2614 8424 7234
f 8424 6104 7234
f 2615 7235 8425
f 8425 7235 6105
f 8426 4107 8163
f 3451 4107 8426
f 8164 4108 8427
f 8427 4108 3452
f 429 5959 8428
f 6895 429 8428
f 430 8429 5960
f 6896 8429 430
f 2040 4369 8430
f 8430 4636 2040
f 2041 8431 4370
f 8431 2041 4637
f 9010 4279 8432
f 8432 4279 4768
f 9011 8433 4280
f 8433 4769 4280
f 7904 907 8434
f 907 4927 8434
f 7905 8435 908
f 908 8435 4928
f 8436 6943 11803
f 8436 36 745
f 8437 11804 6944
f 8437 746 37
f 8438 7272 5725
f 5725 8450 8438
f 8439 5726 7273
f 5726 8439 8451
f 9422 2381 10906
f 2381 11637 10906
f 9423 10907 2382
f 2382 10907 11638
f 8442 9641 4101
f 3294 8442 4822
f 8443 4102 9642
f 3295 4823 8443
f 8444 2783 3500
f 2783 10900 10858
f 8445 3501 2784
f 2784 10859 10901
f 5032 8446 6275
f 8446 355 6275
f 5033 6276 8447
f 8447 6276 356
f 8436 745 8448
f 8448 745 2507
f 8437 8449 746
f 8449 2508 746
f 8450 1176 8438
f 8450 7687 1176
f 8451 8439 1177
f 8451 1177 7687
f 5294 3248 8452
f 3248 5467 8452
f 5295 8453 3249
f 3249 8453 5468
f 8454 5643 6592
f 129 5643 11413
f 8455 6593 5644
f 130 11414 5644
f 3944 8456 2564
f 3944 6332 11914
f 3945 2565 8457
f 3945 11915 6333
f 8458 5727 1184
f 2303 5727 8458
f 8459 1185 5728
f 2304 8459 5728
f 2979 7993 8460
f 1700 2979 8460
f 2980 8461 7994
f 1701 8461 2980
f 8392 8462 7661
f 8462 5872 7661
f 8393 7662 8463
f 8463 7662 5873
f 5083 1756 8464
f 1756 8739 8464
f 5084 8465 1757
f 1757 8465 8740
f 2949 11306 8466
f 2949 8466 4016
f 2950 8467 11307
f 2950 4017 8467
f 4097 3184 8468
f 3184 11862 8468
f 4098 8469 3185
f 3185 8469 11863
f 8470 5747 1984
f 1885 5747 8470
f 1985 5748 8471
f 8471 5748 1886
f 4385 8472 5914
f 4385 924 8472
f 4386 5915 8473
f 4386 8473 925
f 3474 776 8474
f 8474 776 11104
f 3475 8475 777
f 8475 11105 777
f 5355 9493 8476
f 8476 1222 9289
f 5356 8477 9494
f 8477 9290 1223
f 7659 3478 8478
f 1738 8478 3478
f 7660 8479 3479
f 1739 3479 8479
f 1241 8480 325
f 8480 1241 10276
f 1242 326 8481
f 8481 10277 1242
f 2085 8482 8106
f 2085 4063 8482
f 2086 8107 8483
f 2086 8483 4064
f 8484 2087 7796
f 2087 8484 1833
f 8485 7797 2088
f 2088 1834 8485
f 3365 8486 7854
f 8486 3365 980
f 3366 7855 8487
f 8487 981 3366
f 11400 8488 1148
f 8488 7677 1148
f 11401 1149 8489
f 8489 1149 7678
f 1245 8490 3367
f 8490 12279 3367
f 1246 3368 8491
f 8491 3368 12280
f 8872 4844 8492
f 6149 8872 8492
f 8873 8493 4845
f 6150 8493 8873
f 8494 1733 8504
f 2670 1733 8494
f 8495 8505 1734
f 2671 8495 1734
f 8496 861 6153
f 6084 861 8496
f 8497 6154 862
f 6085 8497 862
f 10966 8498 63
f 101 8510 8498
f 10967 64 8499
f 8499 8511 102
f 5280 4512 8500
f 7005 8500 4512
f 5281 8501 4513
f 7006 4513 8501
f 3552 6164 8502
f 936 10647 8502
f 3553 8503 6165
f 937 8503 10648
f 8504 4537 7098
f 1733 4537 8504
f 8505 7099 4538
f 1734 8505 4538
f 8398 8506 1046
f 8506 4598 1046
f 8399 1047 8507
f 8507 1047 4599
f 8520 8508 1474
f 11391 4854 1474
f 8521 1475 8509
f 11392 1475 4855
f 3413 63 8510
f 8498 8510 63
f 3414 8511 64
f 64 8511 8499
f 3375 469 8512
f 469 7526 8512
f 3376 8513 470
f 470 8513 7527
f 3775 8514 2517
f 12265 8514 3775
f 3776 2518 8515
f 12266 3776 8515
f 8516 4391 484
f 4391 8516 2714
f 8517 485 4392
f 4392 2715 8517
f 8518 12271 936
f 8502 11205 936
f 8519 937 12272
f 8503 937 11206
f 6789 8520 5288
f 5288 8520 1474
f 6790 5289 8521
f 5289 1475 8521
f 4799 8899 8522
f 8522 725 4799
f 4799 8523 8900
f 8523 4799 725
f 8524 10392 84
f 8524 84 2672
f 8525 85 10393
f 8525 2673 85
f 8526 10854 3119
f 11914 8526 3119
f 8527 3120 10855
f 11915 3120 8527
f 7782 8528 3400
f 4566 3400 8528
f 7783 3401 8529
f 4567 8529 3401
f 8530 8542 112
f 8530 112 5210
f 8531 113 8543
f 8531 5211 113
f 8532 3423 1622
f 8544 8269 8532
f 8533 1623 3424
f 8545 8533 8270
f 8534 2144 6989
f 10679 8534 6989
f 8535 6990 2145
f 10680 6990 8535
f 8536 3115 7384
f 6476 3115 8536
f 8537 7385 3116
f 6477 8537 3116
f 4937 8538 11365
f 8538 6951 11365
f 4938 11366 8539
f 8539 11366 6952
f 9269 8540 5804
f 8540 6174 5804
f 9270 5805 8541
f 8541 5805 6175
f 8542 2544 112
f 8542 1252 2544
f 8543 113 2545
f 8543 2545 1253
f 8544 8532 1622
f 4925 8544 1622
f 8545 1623 8533
f 4926 1623 8545
f 8546 4248 8365
f 2475 4248 8546
f 8547 8366 4249
f 2476 8547 4249
f 6791 5638 8548
f 1720 8548 5638
f 6792 8549 5638
f 1720 5638 8549
f 8550 7983 2831
f 8550 2831 1024
f 8551 2832 7984
f 8551 1025 2832
f 8552 10980 2159
f 2159 2227 8552
f 8553 2160 10981
f 2160 8553 2228
f 12518 8554 2285
f 8554 2757 2285
f 12519 2286 8555
f 8555 2286 2758
f 8542 804 8556
f 12287 804 3733
f 8543 8557 805
f 12288 3734 805
f 2795 6535 8558
f 7448 2795 8558
f 2796 8559 6536
f 7449 8559 2796
f 2997 5957 8560
f 5957 4778 12237
f 2998 8561 5958
f 5958 12238 4779
f 8562 6411 11487
f 8562 11486 6410
f 3849 6486 8563
f 8563 10772 3849
f 3850 8564 6487
f 8564 3850 10773
f 8185 8565 2495
f 2495 8565 11369
f 8186 2496 8566
f 2496 11370 8566
f 7882 10046 6237
f 10046 2973 6237
f 7883 6238 10047
f 10047 6238 2974
f 10577 8569 11629
f 5182 417 8569
f 10578 11630 8570
f 5183 8570 418
f 8571 323 11189
f 8571 11189 3113
f 8572 11190 324
f 8572 3114 11190
f 4497 2134 8573
f 7171 4497 8573
f 4498 8574 2135
f 7172 8574 4498
f 586 8575 698
f 8589 586 782
f 587 699 8576
f 8590 783 587
f 1556 8577 7280
f 6034 8577 1556
f 1557 7281 8578
f 6035 1557 8578
f 2461 10376 8579
f 8579 4086 1620
f 2462 8580 10377
f 8580 1621 4087
f 8581 10008 942
f 942 2024 8581
f 8582 943 10009
f 943 8582 2025
f 7714 8583 1576
f 1576 8583 2014
f 7715 1577 8584
f 1577 2015 8584
f 8604 4169 8585
f 4169 4273 8585
f 8605 8586 4170
f 4170 8586 4274
f 8587 2999 6859
f 215 10659 8587
f 8588 6860 3000
f 216 8588 10660
f 8589 8575 586
f 12205 8589 5904
f 8590 587 8576
f 12206 5905 8590
f 8591 1943 9263
f 6815 1943 8591
f 8592 9264 1944
f 6816 8592 1944
f 4874 8593 7226
f 4975 8593 4874
f 4875 7227 8594
f 4976 4875 8594
f 5423 8595 2212
f 8595 5423 7333
f 5424 2213 8596
f 8596 7334 5424
f 5268 2301 8597
f 8597 2301 6837
f 5269 8598 2302
f 8598 6838 2302
f 8599 3439 835
f 3439 10922 617
f 836 3440 8600
f 618 10923 3440
f 8601 7446 3226
f 6430 7446 8601
f 8602 3227 7447
f 6431 8602 7447
f 1891 1386 8603
f 1891 8603 1385
f 6259 8604 10472
f 8604 8585 855
f 6260 10473 8605
f 8605 856 8586
f 12380 8606 6648
f 2928 6648 8606
f 12381 6649 8607
f 2929 8607 6649
f 2107 8608 5037
f 5037 8608 10774
f 2108 5038 8609
f 5038 10775 8609
f 8610 3884 7414
f 9543 3884 8610
f 8611 7415 3885
f 9544 8611 3885
f 5204 8612 4929
f 8612 8408 4929
f 5205 4930 8613
f 8613 4930 8409
f 3536 8614 4640
f 3536 7502 8614
f 3537 4641 8615
f 3537 8615 7503
f 3751 680 8616
f 8616 680 2447
f 3752 8617 681
f 8617 2448 681
f 952 8606 8618
f 5532 952 8618
f 953 8619 8607
f 5533 8619 953
f 1546 11450 8620
f 1546 8620 7896
f 1547 8621 11451
f 1547 7897 8621
f 3859 8622 7762
f 10601 8622 3859
f 3860 7763 8623
f 10602 3860 8623
f 4018 8624 2624
f 8992 4043 2624
f 4019 2625 8625
f 8993 2625 4044
f 78 9805 8626
f 8626 1234 78
f 79 8627 9806
f 8627 79 1235
f 7633 8628 5375
f 8628 580 5375
f 7634 5376 8629
f 8629 5376 581
f 8630 11735 11607
f 4210 8630 3905
f 8631 11608 11736
f 4211 3906 8631
f 5784 8632 888
f 3913 8632 5784
f 5785 889 8633
f 3914 5785 8633
f 125 8634 2214
f 8634 4163 2214
f 126 2215 8635
f 8635 2215 4164
f 3071 4941 8636
f 1672 3071 8636
f 3072 8637 4942
f 1673 8637 3072
f 5236 8638 4417
f 4417 8638 10667
f 5237 4418 8639
f 4418 10668 8639
f 7394 8640 5731
f 8640 6845 9697
f 7395 5732 8641
f 8641 9698 6846
f 3395 8642 8626
f 8642 3395 6668
f 3396 8627 8643
f 8643 6669 3396
f 11175 8644 3556
f 8644 2289 11771
f 11176 3557 8645
f 8645 11772 2290
f 10892 8646 694
f 12474 694 8646
f 10893 695 8647
f 12475 8647 695
f 3460 8648 9271
f 8648 8112 638
f 3461 9272 8649
f 8649 639 8113
f 8650 5300 4258
f 8650 4726 5300
f 8651 4259 5301
f 8651 5301 4727
f 915 8652 5043
f 8652 915 4075
f 916 5044 8653
f 8653 4076 916
f 1344 10328 8654
f 8654 3015 5131
f 1345 8655 10329
f 8655 5132 3016
f 2333 8656 4431
f 8656 10846 4431
f 2334 4432 8657
f 8657 4432 10847
f 449 8658 4131
f 4131 9899 922
f 450 4132 8659
f 4132 923 9900
f 8660 2307 5363
f 11320 6028 2307
f 8661 5364 2308
f 11321 2308 6029
f 4419 11820 8662
f 4419 8662 11397
f 4420 8663 11821
f 4420 11398 8663
f 2871 8664 3031
f 8664 10138 3031
f 2872 3032 8665
f 8665 3032 10139
f 7390 8666 743
f 8656 743 10846
f 7391 744 8667
f 8657 10847 744
f 1119 8026 8668
f 19 1119 11705
f 1120 8669 8027
f 20 11706 1120
f 8670 1089 5234
f 8670 5868 1089
f 8671 5235 1090
f 8671 1090 5869
f 131 8672 9923
f 8832 8672 131
f 132 9924 8673
f 8833 132 8673
f 1489 2060 8674
f 8674 2060 5928
f 1490 8675 2061
f 8675 5929 2061
f 8676 2182 6965
f 10974 7724 2182
f 8677 6966 2183
f 10975 2183 7725
f 5302 9396 8678
f 6311 5302 8678
f 6598 1914 8679
f 9424 8679 1914
f 6599 8680 1915
f 9425 1915 8680
f 8681 6588 1252
f 8681 1252 8542
f 8682 1253 6589
f 8682 8543 1253
f 8683 2703 4902
f 8683 4902 8688
f 9737 6356 8684
f 4061 8684 4826
f 9738 8685 6357
f 4062 4827 8685
f 5403 3911 8686
f 8686 3911 682
f 5404 8687 3912
f 8687 683 3912
f 8688 4914 2712
f 8688 2712 11936
f 2713 4913 8689
f 11937 2713 8689
f 4573 8690 8203
f 6151 8690 4573
f 4574 8204 8691
f 6152 4574 8691
f 2886 8692 7224
f 9018 8692 2886
f 2887 7225 8693
f 9019 2887 8693
f 8694 9330 2607
f 8694 2607 10354
f 8695 2608 9331
f 8695 10355 2608
f 10104 5765 8696
f 5765 3717 8696
f 10105 8697 5766
f 5766 8697 3718
f 1256 8698 1813
f 8698 1256 4351
f 1257 1814 8699
f 4352 1257 8699
f 8700 5146 2097
f 2198 5146 8700
f 8701 2098 5147
f 2199 8701 5147
f 2501 5224 8702
f 2501 8702 7669
f 2502 8703 5225
f 2502 7670 8703
f 3330 8704 6865
f 3330 5963 8704
f 3331 6866 8705
f 3331 8705 5964
f 8706 6465 1495
f 8706 1495 6464
f 2599 8707 4650
f 8707 2599 1676
f 2600 4651 8708
f 8708 1677 2600
f 8709 8312 2896
f 1326 8709 2896
f 8710 2897 8313
f 1327 2897 8710
f 8711 3939 547
f 8236 8711 547
f 8712 548 3940
f 8237 548 8712
f 4638 8713 2445
f 6478 11464 11454
f 4639 2446 8714
f 6479 11455 11465
f 5860 4246 8715
f 8715 4246 8727
f 5861 8716 4247
f 8716 8728 4247
f 3855 7258 8717
f 8717 8842 3855
f 3856 8718 7259
f 8718 3856 8843
f 686 8719 5820
f 686 12514 8719
f 687 5821 8720
f 687 8720 12515
f 1560 6324 8721
f 6324 3208 8721
f 1561 8722 6325
f 6325 8722 3209
f 2471 8723 11219
f 2700 8723 2471
f 2472 11220 8724
f 2701 2472 8724
f 1425 6344 8725
f 8725 1783 1425
f 1426 8726 6345
f 8726 1426 1784
f 8727 12122 3051
f 8715 8727 3051
f 8728 3052 12123
f 8716 3052 8728
f 8729 5332 1485
f 10114 2995 8729
f 8730 1486 5333
f 10115 8730 2996
f 5473 8721 8731
f 2489 5473 8731
f 5474 8732 8722
f 2490 8732 5474
f 8733 6470 3590
f 3360 6470 8733
f 3591 6471 8734
f 8734 6471 3361
f 8735 7542 3320
f 8735 4983 7542
f 8736 3321 7543
f 8736 7543 4984
f 8737 3240 4628
f 11545 3240 8737
f 8738 4629 3241
f 11546 8738 3241
f 4437 8739 3784
f 8739 4437 5344
f 4438 3785 8740
f 8740 5345 4438
f 204 4077 8741
f 8741 5521 204
f 205 8742 4078
f 8742 205 5522
f 615 8743 4533
f 615 5606 8743
f 616 4534 8744
f 616 8744 5607
f 6703 8745 2540
f 8745 8735 2540
f 6704 2541 8746
f 8746 2541 8736
f 8747 6683 10234
f 8747 1702 6683
f 8748 10235 6684
f 8748 6684 1703
f 870 11059 8749
f 8749 3419 870
f 871 8750 11060
f 8750 871 3420
f 8751 3790 5947
f 8751 4371 3790
f 8752 5948 3791
f 8752 3791 4372
f 8047 1073 9973
f 8046 9972 1073
f 1750 3712 8754
f 8754 3712 11454
f 1751 8755 3713
f 8755 11455 3713
f 8756 2229 4780
f 2451 8756 4780
f 8757 4781 2230
f 2452 4781 8757
f 8758 11071 1062
f 8758 1062 8656
f 8759 1063 11072
f 8759 8657 1063
f 8760 327 1034
f 6434 8760 1034
f 8761 1035 328
f 6435 1035 8761
f 1024 2831 8762
f 3147 1024 10058
f 1025 8763 2832
f 3148 10059 1025
f 1548 8764 4600
f 1548 107 11494
f 1549 4601 8765
f 1549 11495 107
f 1192 8766 6678
f 12088 502 8766
f 1193 6679 8767
f 12089 8767 503
f 46 8768 1766
f 8768 10016 1766
f 47 1767 8769
f 8769 1767 10017
f 1162 8770 7365
f 1162 10308 8770
f 1163 7366 8771
f 1163 8771 10309
f 8709 8772 1375
f 8772 3140 1375
f 8710 1376 8773
f 8773 1376 3141
f 11824 2642 8774
f 2642 5361 10924
f 11825 8775 2643
f 2643 10925 5362
f 12011 5548 8776
f 2231 8776 4826
f 12011 8777 5548
f 2231 4827 8777
f 2708 8778 8265
f 8265 8778 224
f 2709 8266 8779
f 8266 225 8779
f 8780 5230 2906
f 11856 2906 2014
f 8781 2907 5231
f 11857 2015 2907
f 7647 1338 8782
f 1338 6374 8782
f 7648 8783 1339
f 1339 8783 6375
f 3342 6937 8784
f 8784 7369 3342
f 3343 8785 6938
f 8785 3343 7370
f 2093 5381 8786
f 5381 10034 8786
f 2094 8787 5382
f 5382 8787 10035
f 5230 8788 2906
f 11203 8788 5230
f 5231 2907 8789
f 11204 5231 8789
f 8790 830 4277
f 6360 8790 4277
f 8791 4278 831
f 6361 4278 8791
f 11648 3500 8792
f 8806 4113 2115
f 11649 8793 3501
f 8807 2116 4114
f 757 8804 8794
f 175 757 8794
f 757 8795 8805
f 175 8795 757
f 11799 8796 588
f 588 8796 344
f 11800 589 8797
f 589 345 8797
f 7302 8798 7677
f 7302 3057 8798
f 7303 7678 8799
f 7303 8799 3058
f 1344 8800 10328
f 11549 8800 1344
f 1345 10329 8801
f 11550 1345 8801
f 2690 1107 8802
f 8802 4514 2690
f 2691 8803 1108
f 8803 2691 4515
f 757 5529 8804
f 5529 2226 8804
f 757 8805 5529
f 5529 8805 2226
f 11648 8792 8806
f 8806 8792 10653
f 11649 8807 8793
f 8807 10654 8793
f 8808 2686 12408
f 8808 8798 2686
f 8809 12409 2687
f 8809 2687 8799
f 4758 1580 8810
f 10450 10575 8810
f 4759 8811 1581
f 10451 8811 10576
f 4527 4969 8812
f 8812 4969 4020
f 4528 8813 4970
f 8813 4021 4970
f 28 7369 8814
f 6650 28 8814
f 29 8815 7370
f 6651 8815 29
f 8816 2126 8830
f 2126 8816 9188
f 8817 8831 2127
f 2127 9189 8817
f 7932 6819 8818
f 8818 6819 2361
f 7933 8819 6820
f 8819 2362 6820
f 5252 2269 8820
f 8820 2269 229
f 5253 8821 2270
f 8821 230 2270
f 3417 5314 8822
f 3417 8822 1373
f 3418 8823 5315
f 3418 1374 8823
f 8824 4357 1387
f 5955 11531 1387
f 8825 1388 4358
f 5956 1388 11532
f 1795 8048 8826
f 1795 8826 6202
f 1796 8827 8049
f 1796 6203 8827
f 3480 8828 1564
f 1564 8828 7396
f 3481 1565 8829
f 1565 7397 8829
f 5002 8830 2126
f 10874 1127 8830
f 5003 2127 8831
f 10875 8831 1127
f 229 8832 131
f 10876 229 2269
f 230 132 8833
f 10877 2270 230
f 4957 5792 8834
f 5792 11830 8834
f 4958 8835 5793
f 5793 8835 11831
f 3867 5996 8836
f 8850 8836 2546
f 3868 8837 5997
f 8851 2547 8837
f 12068 8838 65
f 65 8838 7902
f 12069 66 8839
f 66 7903 8839
f 5655 8840 3618
f 8840 2771 3618
f 5656 3619 8841
f 8841 3619 2772
f 2505 8842 8717
f 9695 8842 2505
f 2506 8718 8843
f 9696 2506 8843
f 8844 2248 7958
f 5926 2248 8844
f 8845 7959 2249
f 5927 8845 2249
f 8394 8846 256
f 256 8846 6596
f 8395 257 8847
f 257 6597 8847
f 254 8848 7203
f 7466 8848 254
f 255 7204 8849
f 7467 255 8849
f 8850 3867 8836
f 10560 3867 8850
f 8851 8837 3868
f 10561 8851 3868
f 3194 8852 5083
f 5083 10930 1735
f 3195 5084 8853
f 5084 1735 10931
f 5585 11621 8854
f 487 5585 8854
f 5586 8855 11622
f 488 8855 5586
f 2751 9731 8856
f 2761 2751 8856
f 2752 8857 9732
f 2762 8857 2752
f 2070 6406 8858
f 2070 12438 761
f 2071 8859 6407
f 2071 762 12439
f 4558 8860 3826
f 8860 5689 3826
f 4559 3827 8861
f 8861 3827 5690
f 8862 3069 8054
f 8054 3832 8862
f 8863 8055 3070
f 8055 8863 3833
f 8864 2373 4692
f 2373 8864 2443
f 8865 4693 2374
f 2374 2444 8865
f 6412 8866 139
f 982 139 8866
f 6413 140 8867
f 983 8867 140
f 7450 8868 5383
f 8868 1878 5383
f 7451 5384 8869
f 8869 5384 1879
f 2190 8870 11557
f 2190 7776 8870
f 2191 11558 8871
f 2191 8871 7777
f 8872 2694 4844
f 8872 8126 2694
f 8873 4845 2695
f 8873 2695 8127
f 5487 8622 8874
f 8874 11215 5487
f 5488 8875 8623
f 8875 5488 11216
f 8876 2700 2457
f 10374 2457 11801
f 8877 2458 2701
f 10375 11802 2458
f 8878 849 5900
f 3123 8878 10593
f 8879 5901 850
f 3124 10594 8879
f 12002 3835 3610
f 12001 3610 3834
f 8881 2969 1247
f 4838 8881 1247
f 8882 1248 2970
f 4839 1248 8882
f 6149 8883 8872
f 3270 8883 6149
f 6150 8873 8884
f 3271 6150 8884
f 1823 8885 7398
f 8885 1823 3356
f 1824 7399 8886
f 8886 3357 1824
f 6987 8887 5519
f 8887 853 5519
f 6988 5520 8888
f 8888 5520 854
f 5459 3644 8889
f 8889 3644 7508
f 5460 8890 3645
f 8890 7509 3645
f 1926 8891 5045
f 1926 6578 8891
f 1927 5046 8892
f 1927 8892 6579
f 7846 8893 4361
f 2122 8893 7846
f 7847 4362 8894
f 2123 7847 8894
f 141 8895 3921
f 8905 9585 8895
f 142 3922 8896
f 8906 8896 9586
f 11153 8897 2379
f 2391 2379 8897
f 11154 2380 8898
f 2392 8898 2380
f 226 9651 8899
f 4799 226 8899
f 226 8900 9652
f 4799 8900 226
f 8901 5614 3234
f 8394 8901 3234
f 8902 3235 5615
f 8395 3235 8902
f 8903 7712 3308
f 1572 8903 3308
f 8904 3309 7713
f 1573 3309 8904
f 141 8905 8895
f 11773 8905 141
f 142 8896 8906
f 11774 142 8906
f 8907 11703 5477
f 5059 11703 8907
f 5478 11704 8908
f 5060 8908 11704
f 4770 8909 6223
f 8909 4770 11577
f 4771 6224 8910
f 8910 11578 4771
f 11591 4678 3264
f 8848 11591 3264
f 11592 3265 4679
f 8849 3265 11592
f 1012 8913 613
f 4712 8913 1012
f 1013 614 8914
f 4713 1013 8914
f 8915 3652 11049
f 8915 4127 3652
f 8916 11050 3653
f 8916 3653 4128
f 8917 5790 596
f 5790 8917 2026
f 8918 597 5791
f 5791 2027 8918
f 8919 8931 5856
f 8919 5856 8357
f 8920 5857 8932
f 8920 8358 5857
f 2817 6442 8921
f 6829 2817 8921
f 2818 8922 6443
f 6830 8922 2818
f 4531 7173 8923
f 8923 7173 10581
f 4532 8924 7174
f 8924 10582 7174
f 3085 8925 6851
f 1203 10464 3085
f 3086 6852 8926
f 1204 3086 10465
f 6368 8927 8915
f 6368 1980 8927
f 6369 8916 8928
f 6369 8928 1981
f 1489 6789 8929
f 8929 6789 5288
f 1490 8930 6790
f 8930 5289 6790
f 1708 8931 2509
f 1708 5856 8931
f 1709 2510 8932
f 1709 8932 5857
f 3322 6500 8933
f 9100 3322 8933
f 3323 8934 6501
f 9101 8934 3323
f 5983 8935 2262
f 2262 10174 5796
f 5984 2263 8936
f 2263 5797 10175
f 8923 8937 4531
f 8937 10637 4531
f 8924 4532 8938
f 8938 4532 10638
f 8939 94 9763
f 94 8939 4836
f 8940 9764 95
f 95 4837 8940
f 5739 8941 2775
f 2775 11326 4299
f 5740 2776 8942
f 2776 4300 11327
f 9103 8943 11978
f 9102 11977 8943
f 7236 1083 8944
f 4266 7236 8944
f 8945 1084 7237
f 8945 7237 4267
f 8946 10649 3919
f 8952 3919 1111
f 8947 3920 10650
f 8953 1112 3920
f 475 8948 7324
f 7211 11884 475
f 476 7325 8949
f 7212 476 11885
f 8950 6155 3304
f 3304 10798 8950
f 8951 3305 6156
f 3305 8951 10799
f 6312 8946 8952
f 8952 8946 3919
f 6313 8953 8947
f 8953 3920 8947
f 1383 8954 10941
f 10685 8954 1383
f 1384 10942 8955
f 10686 1384 8955
f 8956 4682 10953
f 4682 8956 2002
f 8957 10954 4683
f 4683 2003 8957
f 7487 6078 8958
f 8958 6078 8282
f 7487 8959 6079
f 8959 8283 6079
f 8972 4708 8960
f 4720 11356 7019
f 8973 8961 4709
f 4721 7020 11357
f 3027 7142 8962
f 3972 8962 7142
f 3028 8963 7143
f 3973 7143 8963
f 8964 523 6558
f 2884 8964 6558
f 8965 6559 524
f 2885 6559 8965
f 5945 8966 1360
f 5945 4367 8966
f 5946 1361 8967
f 5946 8967 4368
f 7339 2407 8968
f 8968 2407 7359
f 7340 8969 2408
f 8969 7360 2408
f 6458 1833 8970
f 6458 8970 3954
f 6459 8971 1834
f 6459 3955 8971
f 2847 8972 4720
f 8972 11356 4720
f 2848 4721 8973
f 8973 4721 11357
f 1296 5571 8974
f 5571 2900 8974
f 1297 8975 5572
f 5572 8975 2901
f 4347 1537 8976
f 1537 3898 10782
f 4348 8977 1538
f 1538 10783 3899
f 3921 8895 8978
f 7033 3921 8978
f 3922 8979 8896
f 7034 8979 3922
f 8980 3381 11005
f 8980 5296 3381
f 8981 11006 3382
f 8981 3382 5297
f 11007 7649 8982
f 584 894 8982
f 11008 8983 7650
f 585 8983 895
f 2859 8984 3212
f 2859 6961 8984
f 2860 3213 8985
f 2860 8985 6962
f 8986 903 12197
f 10764 6839 903
f 8987 12198 904
f 10765 904 6840
f 8988 10560 4933
f 4933 2128 8988
f 8989 4934 10561
f 4934 8989 2129
f 3898 8990 6582
f 1537 12498 3898
f 3899 6583 8991
f 1538 3899 12499
f 4575 8992 8624
f 8624 8992 2624
f 4576 8625 8993
f 8625 2625 8993
f 8994 5473 2489
f 8994 2489 3015
f 8995 2490 5474
f 8995 3016 2490
f 1716 4517 8996
f 8996 4517 7801
f 1717 8997 4518
f 8997 7802 4518
f 5214 9962 525
f 525 11617 8540
f 5215 526 9963
f 526 8541 11618
f 3055 3824 9000
f 9000 3065 3055
f 3056 9001 3825
f 9001 3056 3066
f 9002 3310 1125
f 1125 7692 9002
f 9003 1126 3311
f 1126 9003 7693
f 660 2240 9004
f 660 9004 5653
f 661 9005 2241
f 661 5654 9005
f 3909 9006 6781
f 9006 9012 6781
f 3910 6782 9007
f 9007 6782 9013
f 1405 747 9008
f 5166 1405 11275
f 1406 9009 748
f 5167 11276 1406
f 3745 8280 9010
f 3745 9010 12221
f 3746 9011 8281
f 3746 12222 9011
f 9006 3794 9012
f 3794 10848 9012
f 9007 9013 3795
f 3795 9013 10849
f 8304 9014 5994
f 5994 9014 5379
f 8305 5995 9015
f 5995 5380 9015
f 653 7906 9016
f 9016 10715 653
f 654 9017 7907
f 9017 654 10716
f 9018 713 3909
f 713 9018 5184
f 9019 3910 714
f 714 5185 9019
f 9028 9020 1787
f 1787 10296 2961
f 9029 1788 9021
f 1788 2962 10297
f 1405 9022 747
f 747 9022 5681
f 1406 748 9023
f 748 5682 9023
f 11652 9024 6729
f 4293 6450 9024
f 11653 6730 9025
f 4294 9025 6451
f 9026 6028 3137
f 3137 1026 9026
f 9027 3138 6029
f 3138 9027 1027
f 6805 9028 1787
f 4220 9028 6805
f 6806 1788 9029
f 4221 6806 9029
f 9030 2254 6014
f 2254 9030 7232
f 9031 6015 2255
f 2255 7233 9031
f 9032 7970 7700
f 10661 9032 7700
f 9033 7701 7971
f 10662 7701 9033
f 12378 9034 4177
f 4177 9034 7578
f 12379 4178 9035
f 4178 7579 9035
f 1658 9036 9028
f 1658 9863 9036
f 1659 9029 9037
f 1659 9037 9864
f 9038 5870 948
f 7357 5870 9038
f 9039 949 5871
f 7358 9039 5871
f 9040 1212 5534
f 3652 1212 11049
f 9041 5535 1213
f 3653 11050 1213
f 7956 11765 4335
f 4335 11765 8881
f 7957 4336 11766
f 4336 8882 11766
f 9044 2835 6014
f 2254 9044 6014
f 9045 6015 2836
f 2255 6015 9045
f 2040 9046 4369
f 2040 8741 9046
f 2041 4370 9047
f 2041 9047 8742
f 7520 9048 978
f 978 9048 9322
f 7521 979 9049
f 979 9323 9049
f 3828 740 9050
f 7649 3828 9050
f 3829 9051 741
f 7650 9051 3829
f 435 9052 8195
f 8195 9052 1512
f 436 8196 9053
f 8196 1513 9053
f 10190 9054 2413
f 9054 12199 2413
f 10191 2414 9055
f 9055 2414 12200
f 9056 268 12072
f 10870 10056 3520
f 9057 12073 269
f 10871 3521 10057
f 611 9058 3131
f 9058 611 1190
f 612 3132 9059
f 9059 1191 612
f 2981 634 9060
f 2981 9060 11502
f 2982 9061 635
f 2982 11503 9061
f 2572 9062 4463
f 334 4463 9062
f 2573 4464 9063
f 335 9063 4464
f 940 9064 12112
f 10890 9064 940
f 941 12113 9065
f 10891 941 9065
f 9066 2283 3847
f 9066 12434 2283
f 9067 3848 2284
f 9067 2284 12435
f 9068 1318 8632
f 9068 4218 1318
f 9069 8633 1319
f 9069 1319 4219
f 3996 9070 5142
f 2626 9070 3996
f 3997 5143 9071
f 2627 3997 9071
f 9072 2095 6666
f 3811 9072 6666
f 9073 6667 2096
f 3812 6667 9073
f 9074 7479 4780
f 4262 7479 9074
f 9075 4781 7480
f 4263 9075 7480
f 9076 6038 2208
f 9076 12078 4903
f 9077 2209 6039
f 9077 4904 12079
f 9062 9078 3970
f 3970 9078 8373
f 9063 3971 9079
f 3971 8374 9079
f 9080 6297 1439
f 9080 780 6297
f 9081 1440 6298
f 9081 6298 781
f 9070 2321 9082
f 9082 2321 6893
f 9071 9083 2322
f 9083 6894 2322
f 9084 7082 4754
f 9084 4754 3258
f 9085 4755 7083
f 9085 3259 4755
f 4527 9086 161
f 9086 8442 161
f 4528 162 9087
f 9087 162 8443
f 404 9088 8508
f 5429 12215 404
f 405 8509 9089
f 5430 405 12216
f 3780 9090 4081
f 12325 9090 12339
f 3781 4082 9091
f 12326 12340 9091
f 9092 4989 4189
f 9092 7512 4989
f 9093 4190 4990
f 9093 4990 7513
f 9104 9094 5961
f 5961 9094 4830
f 9105 5962 9095
f 5962 4831 9095
f 9096 3664 2692
f 5675 9096 11633
f 9097 2693 3665
f 5676 11634 9097
f 9098 1729 8992
f 348 1729 9098
f 9099 8993 1730
f 349 9099 1730
f 9100 8933 6767
f 634 9100 6767
f 9101 6768 8934
f 635 6768 9101
f 11977 9102 2560
f 9102 10054 2560
f 11978 2561 9103
f 9103 2561 10055
f 9104 855 9094
f 9104 3530 10472
f 9105 9095 856
f 9105 10473 3531
f 451 9106 4377
f 10989 1334 9116
f 452 4378 9107
f 10990 9117 1335
f 9108 4543 5511
f 10430 4543 9108
f 9109 5512 4544
f 10431 9109 4544
f 1203 9110 7310
f 10645 1203 3085
f 1204 7311 9111
f 10646 3086 1204
f 3616 9112 851
f 851 9112 5569
f 852 9113 3617
f 5570 9113 852
f 7042 4656 9114
f 9114 6000 7042
f 7043 9115 4657
f 9115 7043 6001
f 10989 9116 9106
f 9106 9116 11340
f 10990 9107 9117
f 9107 11341 9117
f 5164 9366 9118
f 5164 9118 4238
f 5165 9119 9367
f 5165 4239 9119
f 9120 7318 3546
f 9120 12038 7177
f 9121 3547 7319
f 9121 7178 12039
f 9122 6817 4123
f 9122 4123 7165
f 9123 4124 6818
f 9123 7166 4124
f 3340 6787 9124
f 11727 9849 3340
f 3341 9125 6788
f 11728 3341 9850
f 6821 6719 9126
f 6719 3958 9126
f 6822 9127 6720
f 6720 9127 3959
f 5493 5501 9128
f 7728 5493 9128
f 5494 9129 5502
f 7729 9129 5494
f 9130 4700 11993
f 4700 9130 6871
f 9131 11994 4701
f 4701 6872 9131
f 5719 1487 9132
f 1487 8040 9132
f 5720 9133 1488
f 1488 9133 8041
f 9134 7177 2210
f 9134 2210 1630
f 9135 2211 7178
f 9135 1631 2211
f 9136 292 11120
f 6799 292 9136
f 9137 11121 293
f 6800 9137 293
f 9138 905 1117
f 12412 9138 1117
f 9139 1118 906
f 12413 1118 9139
f 6090 9140 646
f 646 11468 1965
f 6091 647 9141
f 647 1966 11469
f 284 4862 9142
f 10705 284 9142
f 285 9143 4863
f 10706 9143 285
f 11518 9144 4459
f 9128 4459 9144
f 11519 4460 9145
f 9129 9145 4460
f 8104 541 9146
f 9146 541 5800
f 8105 9147 542
f 9147 5801 542
f 5969 9148 7132
f 3324 9148 5969
f 5970 7133 9149
f 3325 5970 9149
f 9150 260 11654
f 260 9150 10138
f 9151 11655 261
f 261 10139 9151
f 4355 10653 9152
f 4355 9152 2881
f 4356 9153 10654
f 4356 2882 9153
f 6217 5312 9154
f 5312 588 9154
f 6218 9155 5313
f 5313 9155 589
f 6424 9156 1128
f 9156 2863 1128
f 6425 1129 9157
f 9157 1129 2864
f 7163 11009 9158
f 9158 10997 7128
f 7164 9159 11010
f 9159 7129 10998
f 9160 2266 6344
f 6344 1425 9160
f 9161 6345 2267
f 6345 9161 1426
f 10512 5399 9162
f 9162 5399 5697
f 10513 9163 5400
f 9163 5698 5400
f 9164 7250 195
f 9164 10840 3664
f 9165 196 7251
f 9165 3665 10841
f 747 5681 9166
f 5681 11737 9166
f 748 9167 5682
f 5682 9167 11738
f 10671 1295 9168
f 1295 4572 9168
f 10672 9169 1295
f 1295 9169 4572
f 5553 970 9170
f 9170 3494 5553
f 5554 9171 971
f 9171 5554 3495
f 9172 4159 6807
f 2888 11676 9172
f 9173 6808 4160
f 2889 9173 11677
f 11763 6420 9174
f 9174 4133 5278
f 11764 9175 6421
f 9175 5279 4134
f 8001 9176 2291
f 9176 5105 2291
f 8002 2292 9177
f 9177 2292 5106
f 1951 6827 9178
f 9178 5445 1951
f 1952 9179 6828
f 9179 1952 5446
f 3714 11490 9180
f 3714 9180 11363
f 3715 9181 11491
f 3715 11364 9181
f 1279 9182 9460
f 1978 9182 1279
f 1280 9461 9183
f 1979 1280 9183
f 5073 9184 7124
f 5073 12451 9184
f 5074 7125 9185
f 5074 9185 12452
f 9186 7017 6348
f 103 7017 9186
f 9187 6349 7018
f 104 9187 7018
f 9188 5577 11019
f 11195 2433 6584
f 9189 11020 5578
f 11196 6585 2434
f 9190 8492 4844
f 9190 4844 10810
f 9191 4845 8493
f 9191 10811 4845
f 9192 5561 3686
f 3622 5561 9192
f 9193 3687 5562
f 3623 9193 5562
f 1586 11660 9194
f 12291 1586 9194
f 1587 9195 11661
f 12292 9195 1587
f 1107 8404 9196
f 9000 9196 8404
f 1108 9197 8405
f 9001 8405 9197
f 3622 9198 5561
f 3622 10741 9198
f 3623 5562 9199
f 3623 9199 10742
f 8597 7617 9200
f 1226 9200 7617
f 8598 9201 7618
f 1227 7618 9201
f 8142 3013 9202
f 3013 7578 9202
f 8143 9203 3014
f 3014 9203 7579
f 9204 6654 1947
f 1936 6654 9204
f 9205 1948 6655
f 1937 9205 6655
f 5357 9206 1578
f 2242 9206 5357
f 5358 1579 9207
f 2243 5358 9207
f 4375 9208 2523
f 5769 9208 11031
f 4376 2524 9209
f 5770 11032 9209
f 9210 6715 6241
f 6241 2218 9210
f 9211 6242 6716
f 6242 9211 2219
f 48 9212 481
f 481 9212 7013
f 49 482 9213
f 482 7014 9213
f 9214 12483 1251
f 9214 1251 12482
f 1947 6654 9215
f 1947 9215 9118
f 1948 9216 6655
f 1948 9119 9216
f 9217 8146 1479
f 1479 315 9217
f 9218 1480 8147
f 1480 9218 316
f 9219 4579 896
f 9219 896 1042
f 9220 897 4580
f 9220 1043 897
f 2229 8756 9221
f 9221 10216 12329
f 2230 9222 8757
f 9222 12330 10217
f 8152 9223 2574
f 9223 3262 2574
f 8153 2575 9224
f 9224 2575 3263
f 9225 1957 3296
f 9225 3296 4617
f 9226 3297 1958
f 9226 4618 3297
f 9227 3067 5190
f 9227 11682 3067
f 9228 5191 3068
f 9228 3068 11683
f 3437 9229 3393
f 9229 3437 7019
f 3438 3394 9230
f 9230 7020 3438
f 5846 9231 4155
f 9231 1894 4155
f 5847 4156 9232
f 9232 4156 1895
f 9233 2419 4055
f 808 2419 9233
f 9234 4056 2420
f 809 9234 2420
f 4147 7282 9235
f 7282 3441 9235
f 4148 9236 7283
f 7283 9236 3442
f 1188 9237 946
f 1188 5624 12509
f 1189 947 9238
f 1189 12510 5625
f 6012 6735 9239
f 92 6012 11225
f 6013 9240 6736
f 93 11226 6013
f 3508 5894 9241
f 3508 9241 2902
f 3509 9242 5895
f 3509 2903 9242
f 9243 8504 4552
f 9243 4552 3522
f 9244 4553 8505
f 9244 3523 4553
f 5729 9245 3005
f 5729 3230 11902
f 5730 3006 9246
f 5730 11903 3231
f 7854 76 9247
f 9410 76 4437
f 7855 9248 77
f 9411 4438 77
f 9148 1340 9249
f 1340 4959 9249
f 9149 9250 1341
f 1341 9250 4960
f 9251 5162 12368
f 12245 5162 9251
f 9252 12369 5163
f 12246 9252 5163
f 3462 9253 12215
f 3462 9243 9253
f 3463 12216 9254
f 3463 9254 9244
f 9255 881 1725
f 9255 1725 6973
f 9256 1726 882
f 9256 6974 1726
f 6192 9257 30
f 9257 6192 11545
f 6193 31 9258
f 9258 11546 6193
f 7977 1058 9259
f 7977 9259 8165
f 7978 9260 1059
f 7978 8166 9260
f 9261 2441 2359
f 5834 2441 9261
f 9262 2360 2442
f 5835 9262 2442
f 3796 8591 9263
f 9263 6221 3796
f 3797 9264 8592
f 9264 3797 6222
f 2136 9265 3777
f 9265 8197 3777
f 2137 3778 9266
f 9266 3778 8198
f 3843 6947 9267
f 9267 6947 3666
f 3844 9268 6948
f 9268 3667 6948
f 6914 9269 3836
f 9269 1032 3836
f 6915 3837 9270
f 9270 3837 1033
f 9271 8648 638
f 638 2335 9271
f 9272 639 8649
f 639 9272 2336
f 2491 9273 250
f 3769 11615 9855
f 2492 251 9274
f 3770 9856 11616
f 9275 2568 6093
f 2568 9275 7619
f 9276 6094 2569
f 2569 7620 9276
f 2799 9277 2680
f 11504 2680 9277
f 2800 2681 9278
f 11505 9278 2681
f 6249 9279 1994
f 8723 9279 11219
f 6250 1995 9280
f 8724 11220 9280
f 10886 9281 3759
f 9281 9547 3759
f 10887 3760 9282
f 9282 3760 9548
f 9283 4097 6346
f 9283 9649 4097
f 9284 6347 4098
f 9284 4098 9650
f 2339 9285 90
f 9285 6629 90
f 2340 91 9286
f 9286 91 6630
f 2562 938 9287
f 5776 2562 9287
f 2563 9288 939
f 5777 9288 2563
f 8476 9289 3863
f 9289 8402 3863
f 8477 3864 9290
f 9290 3864 8403
f 9291 4688 7892
f 4493 4688 9291
f 9292 7893 4689
f 4494 9292 4689
f 2742 11834 9293
f 12094 2742 9293
f 2743 9294 11835
f 12095 9294 2743
f 9295 1844 5160
f 1844 9295 3164
f 9296 5161 1845
f 1845 3165 9296
f 9297 10094 4222
f 9297 9324 2423
f 9298 4223 10095
f 9298 2424 9325
f 45 7045 9299
f 45 9299 7044
f 4560 12241 9300
f 9300 4570 4560
f 4561 9301 12242
f 9301 4561 4571
f 9302 2097 915
f 8700 2097 9302
f 9303 916 2098
f 8701 9303 2098
f 9304 3576 332
f 9304 332 4409
f 9305 333 3577
f 9305 4410 333
f 9306 8717 1562
f 1562 7884 9306
f 9307 1563 8718
f 1563 9307 7885
f 9308 12319 1666
f 5020 9308 1666
f 9309 1667 12320
f 5021 1667 9309
f 6372 4210 9310
f 4210 3905 9310
f 6373 9311 4211
f 4211 9311 3906
f 9312 5575 1232
f 5575 9312 8150
f 9313 1233 5576
f 5576 8151 9313
f 11674 9314 4195
f 10649 9314 6180
f 11675 4196 9315
f 10650 6181 9315
f 555 9316 7084
f 555 12219 9316
f 556 7085 9317
f 556 9317 12220
f 3802 9318 3976
f 3802 4973 10665
f 3803 3977 9319
f 3803 10666 4974
f 2957 9320 4864
f 9320 2957 3676
f 2958 4865 9321
f 9321 3677 2958
f 4724 1918 9322
f 9048 4724 9322
f 4725 9323 1919
f 9049 9323 4725
f 8379 9336 9324
f 9336 2423 9324
f 8380 9325 9337
f 9337 9325 2424
f 7159 4230 9326
f 4230 4099 11934
f 7160 9327 4231
f 4231 11935 4100
f 6062 5569 9328
f 6062 9328 2861
f 9329 5570 6063
f 2862 9329 6063
f 9330 6243 1572
f 9316 6243 9330
f 9331 1573 6244
f 9317 9331 6244
f 592 7623 9332
f 9332 7623 1752
f 593 9333 7624
f 9333 1753 7624
f 9344 2757 9334
f 2757 6030 9334
f 9345 9335 2758
f 2758 9335 6031
f 8379 6263 9336
f 9336 6263 2423
f 8380 9337 6264
f 9337 2424 6264
f 672 6783 9338
f 672 9338 11304
f 673 9339 6784
f 673 11305 9339
f 11302 9340 3077
f 9340 7744 3077
f 11303 3078 9341
f 9341 3078 7745
f 6723 9342 12478
f 9342 6723 3688
f 6724 12479 9343
f 9343 3689 6724
f 9344 9334 6681
f 9344 6681 2973
f 9345 6682 9335
f 9345 2974 6682
f 10048 9346 421
f 9346 3103 421
f 10049 422 9347
f 9347 422 3104
f 6783 9348 9338
f 11623 12459 9348
f 6784 9339 9349
f 11624 9349 12460
f 1841 9350 4477
f 11462 4477 9350
f 1841 4478 9351
f 11463 9351 4478
f 8048 9352 3788
f 9352 539 3788
f 8049 3789 9353
f 9353 3789 540
f 9354 4287 3371
f 12303 6172 4287
f 9355 3372 4288
f 12304 4288 6173
f 2700 9356 8723
f 3411 9356 2700
f 2701 8724 9357
f 3412 2701 9357
f 644 9358 4977
f 9358 644 10856
f 645 4978 9359
f 9359 10857 645
f 9360 8952 2875
f 9360 2875 7355
f 9361 2876 8953
f 9361 7356 2876
f 10010 3608 9362
f 3608 1405 9362
f 10011 9363 3609
f 3609 9363 1406
f 523 7860 9364
f 9364 3427 523
f 524 9365 7861
f 9365 524 3428
f 5148 9204 9366
f 865 5148 9366
f 5149 9367 9205
f 866 9367 5149
f 9368 7584 2847
f 9376 9368 2847
f 9369 2848 7585
f 9377 2848 9369
f 2581 9370 6568
f 9370 2581 7438
f 2582 6569 9371
f 9371 7439 2582
f 9372 8747 7122
f 9372 7122 1712
f 9373 7123 8748
f 9373 1713 7123
f 1236 9374 6384
f 6384 9374 11383
f 1237 6385 9375
f 6385 11384 9375
f 9368 9376 7518
f 9376 5555 7518
f 9369 7519 9377
f 9377 7519 5556
f 9378 4214 5977
f 5977 5665 9378
f 9379 5978 4215
f 5978 9379 5666
f 717 2628 9380
f 9380 2628 3387
f 718 9381 2629
f 9381 3388 2629
f 9382 8106 4043
f 8169 9382 4043
f 9383 4044 8107
f 8170 4044 9383
f 2315 9384 2690
f 2690 9384 1107
f 2316 2691 9385
f 2691 1108 9385
f 704 9386 3198
f 9386 704 11087
f 705 3199 9387
f 9387 11088 705
f 4752 9388 4226
f 4752 2863 9388
f 4753 4227 9389
f 4753 9389 2864
f 2777 9390 7599
f 2777 5403 9390
f 2778 7600 9391
f 2778 9391 5404
f 9392 4947 7932
f 9392 6176 4947
f 9393 7933 4948
f 9393 4948 6177
f 5971 9384 9394
f 9394 10298 5971
f 5972 9395 9385
f 9395 5972 10299
f 652 5779 9396
f 5302 652 9396
f 9397 5778 651
f 9397 651 5303
f 9412 4183 9398
f 9697 313 9398
f 9413 9399 4184
f 9698 9399 314
f 3109 6918 9400
f 3109 9400 10727
f 3110 9401 6919
f 3110 10728 9401
f 529 9402 9162
f 9174 9402 529
f 530 9163 9403
f 9175 530 9403
f 2544 9404 6985
f 9404 409 6985
f 2545 6986 9405
f 9405 6986 410
f 9406 976 2451
f 4250 10518 9406
f 9407 2452 977
f 4251 9407 10519
f 3680 9416 9408
f 7522 3680 9613
f 3681 9409 9417
f 7523 9614 3681
f 9247 9410 10687
f 76 9410 9247
f 9248 10688 9411
f 77 9248 9411
f 313 3270 9412
f 9412 9398 313
f 314 9413 3271
f 9413 314 9399
f 2236 489 9428
f 9428 8392 10380
f 2237 9429 490
f 9429 10381 8393
f 6145 189 9416
f 9408 9416 189
f 6146 9417 190
f 9409 190 9417
f 12185 9418 5216
f 12197 903 9418
f 12186 5217 9419
f 12198 9419 904
f 5292 9420 12309
f 5292 2056 9420
f 5293 12310 9421
f 5293 9421 2057
f 10906 3886 9422
f 2244 9422 3886
f 10907 9423 3887
f 2245 3887 9423
f 9424 3402 8679
f 9424 5657 3402
f 9425 8680 3403
f 9425 3403 5658
f 6711 9426 4533
f 4533 9426 615
f 6712 4534 9427
f 4534 616 9427
f 489 9414 9428
f 9414 8392 9428
f 490 9429 9415
f 9415 9429 8393
f 7472 9430 3125
f 3125 9430 9130
f 7473 3126 9431
f 3126 9131 9431
f 9432 7312 6466
f 7312 11656 1103
f 9433 6467 7313
f 7313 1104 11657
f 3721 9368 9434
f 7772 3721 9434
f 3722 9435 9369
f 7773 9435 3722
f 9436 10723 566
f 9791 566 12406
f 9437 567 10724
f 9792 12407 567
f 9438 4588 8554
f 11039 4588 9438
f 9439 8555 4589
f 11040 9439 4589
f 9440 726 12255
f 9440 5501 2744
f 9441 12256 727
f 9441 2745 5502
f 6498 9442 1650
f 4250 9442 6498
f 6499 1651 9443
f 4251 6499 9443
f 5284 9444 4652
f 9444 4295 10806
f 5285 4653 9445
f 9445 10807 4296
f 4387 11429 9446
f 9446 3576 9304
f 4388 9447 11430
f 9447 9305 3577
f 4377 9448 6334
f 4377 2064 9448
f 4378 6335 9449
f 4378 9449 2065
f 323 9450 11189
f 323 4832 9450
f 324 11190 9451
f 324 9451 4833
f 11498 9452 562
f 562 9452 4842
f 11499 563 9453
f 563 4843 9453
f 8018 9454 1379
f 9454 8018 1662
f 8019 1380 9455
f 9455 1663 8019
f 9456 10486 5626
f 9456 5626 2279
f 9457 5627 10487
f 9457 2280 5627
f 7770 1778 9458
f 9458 1778 3142
f 7771 9459 1779
f 9459 3143 1779
f 9460 5651 11037
f 5651 9460 9182
f 9461 11038 5652
f 5652 9183 9461
f 9462 8088 4789
f 4789 7774 9462
f 9463 4790 8089
f 4790 9463 7775
f 9464 8818 123
f 10838 9464 123
f 9465 124 8819
f 10839 124 9465
f 2900 5634 9466
f 8974 2900 9466
f 2901 9467 5635
f 8975 9467 2901
f 1527 9468 2431
f 6261 9468 1527
f 1528 2432 9469
f 6262 1528 9469
f 6582 837 9470
f 837 4226 9470
f 6583 9471 838
f 838 9471 4227
f 4413 642 9472
f 11539 4413 9472
f 4414 9473 643
f 11540 9473 4414
f 2277 9474 1628
f 2277 12293 9474
f 2278 1629 9475
f 2278 9475 12294
f 5000 6153 9476
f 6153 3992 12398
f 5001 9477 6154
f 6154 12399 3993
f 5300 368 9478
f 9478 368 11239
f 5301 9479 369
f 9479 11240 369
f 378 1841 9480
f 178 11142 9495
f 378 9481 1841
f 178 9496 11142
f 9482 8062 3568
f 9482 3568 9472
f 9483 3569 8063
f 9483 9473 3569
f 9484 3716 6186
f 9484 6187 3716
f 9485 5192 8161
f 8161 843 9485
f 9486 8162 5193
f 8162 9486 844
f 1356 4858 9487
f 4858 8217 9487
f 1357 9488 4859
f 4859 9488 8218
f 9489 2050 668
f 9489 668 6490
f 9490 669 2051
f 9490 6491 669
f 3611 6761 9491
f 3611 9491 11844
f 3612 9492 6762
f 3612 11845 9492
f 9493 10338 1222
f 9493 1222 8476
f 9494 1223 10339
f 9494 8477 1223
f 11142 9480 9495
f 9495 9480 2636
f 11142 9496 9481
f 9496 2637 9481
f 9497 2297 4550
f 10744 2297 9497
f 9498 4551 2298
f 10745 9498 2298
f 1330 9499 512
f 9499 9487 512
f 1331 513 9500
f 9500 513 9488
f 9501 7418 1452
f 9501 1452 4996
f 9502 1453 7419
f 9502 4997 1453
f 2291 9503 3152
f 10984 9503 5862
f 2292 3153 9504
f 10985 5863 9504
f 9505 473 2538
f 6552 9951 9505
f 9506 2539 474
f 6553 9506 9952
f 8371 9507 5918
f 5918 9507 2975
f 8372 5919 9508
f 5919 2976 9508
f 3472 5451 9509
f 7840 9509 5451
f 3473 9510 5452
f 7841 5452 9510
f 7552 2072 9511
f 2072 5387 9511
f 7553 9512 2073
f 2073 9512 5388
f 263 9513 6005
f 9513 102 6005
f 6004 9514 262
f 6004 101 9514
f 5822 9515 1316
f 1316 9515 6271
f 5823 1317 9516
f 1317 6272 9516
f 11705 2853 9517
f 9517 2853 9791
f 11706 9518 2854
f 9518 9792 2854
f 9519 1542 5218
f 1542 9519 5812
f 9520 5219 1543
f 1543 5813 9520
f 6030 751 9521
f 9521 12297 6030
f 6031 9522 752
f 9522 6031 12298
f 9523 3820 1764
f 8096 9523 1764
f 9524 1765 3821
f 8097 1765 9524
f 1326 9525 5182
f 9525 1326 2896
f 1327 5183 9526
f 9526 2897 1327
f 1389 9527 6771
f 6771 9527 10659
f 1390 6772 9528
f 6772 10660 9528
f 3504 9529 10304
f 5737 12430 3504
f 3505 10305 9530
f 5738 3505 12431
f 8662 5349 9531
f 9531 5349 2646
f 8663 9532 5350
f 9532 2647 5350
f 1552 9533 6328
f 9533 1552 11249
f 1553 6329 9534
f 9534 11250 1553
f 9535 7752 11383
f 471 7752 9535
f 9536 11384 7753
f 472 9536 7753
f 2507 7815 9537
f 7815 4171 9537
f 2508 9538 7816
f 7816 9538 4172
f 1670 9539 9751
f 1670 11145 9539
f 1671 9752 9540
f 1671 9540 11146
f 6580 9541 1334
f 1334 9541 7896
f 6581 1335 9542
f 1335 7897 9542
f 9543 6739 1093
f 9543 1093 2879
f 9544 1094 6740
f 9544 2880 1094
f 6287 2985 9545
f 2985 250 9545
f 6288 9546 2986
f 2986 9546 251
f 619 6941 9547
f 9547 6941 3421
f 620 9548 6942
f 9548 3422 6942
f 3937 10693 9549
f 9549 6967 3937
f 3938 9550 10694
f 9550 3938 6968
f 632 9551 5794
f 632 9082 9551
f 633 5795 9552
f 633 9552 9083
f 6390 1373 9553
f 6418 9553 1373
f 6391 9554 1374
f 6419 1374 9554
f 4343 2159 9555
f 9555 8106 4343
f 4344 9556 2160
f 9556 4344 8107
f 1664 9557 7732
f 9557 11015 7732
f 1665 7733 9558
f 9558 7733 11016
f 7112 2773 9559
f 7112 9559 3743
f 7113 9560 2774
f 7113 3744 9560
f 1706 9561 7651
f 9561 1706 4216
f 1707 7652 9562
f 9562 4217 1707
f 9563 7500 8102
f 3998 7500 9563
f 9564 8103 7501
f 3999 9564 7501
f 9565 4277 830
f 830 11961 9565
f 831 4278 9566
f 9566 11962 831
f 2089 9567 2435
f 11185 2089 2803
f 2090 2436 9568
f 11186 2804 2090
f 7402 9945 9569
f 7402 9569 3946
f 7403 9570 9946
f 7403 3947 9570
f 6494 9571 1417
f 9571 9561 1417
f 6495 1418 9572
f 9572 1418 9562
f 6985 409 9573
f 409 7720 9573
f 6986 9574 410
f 410 9574 7721
f 4045 1016 9575
f 4045 9575 10312
f 4046 9576 1017
f 4046 10313 9576
f 7796 4012 9577
f 8484 7796 9577
f 7797 9578 4013
f 8485 9578 7797
f 9956 9579 11795
f 9579 11963 3017
f 9957 11796 9580
f 9580 3018 11964
f 5234 9581 3704
f 5234 1856 9581
f 5235 3705 9582
f 5235 9582 1857
f 5208 9583 8838
f 5208 1986 9583
f 5209 8839 9584
f 5209 9584 1987
f 8905 3224 9585
f 3224 6358 9585
f 8906 9586 3225
f 3225 9586 6359
f 9587 7578 1060
f 9587 1060 10574
f 9588 1061 7579
f 9588 10574 1061
f 5778 1166 9589
f 1166 2534 9589
f 9590 1167 5779
f 1167 9590 2535
f 972 9591 5685
f 9591 1306 5685
f 973 5686 9592
f 9592 5686 1307
f 5947 3790 9593
f 1678 5947 9593
f 5948 9594 3791
f 1679 9594 5948
f 3710 5912 9595
f 9595 5912 3274
f 3711 9596 5913
f 9596 3275 5913
f 1744 3990 9597
f 6785 1744 9597
f 9598 3991 1745
f 9598 1745 6786
f 6914 9599 433
f 9599 7792 433
f 6915 434 9600
f 9600 434 7793
f 9601 763 7266
f 763 9601 2951
f 9602 7267 764
f 764 2952 9602
f 519 10683 9603
f 9595 519 12092
f 520 9604 10684
f 9596 12093 520
f 9605 4163 8634
f 4163 9605 11771
f 9606 8635 4164
f 4164 11772 9606
f 9607 9539 972
f 972 5685 9607
f 9608 973 9540
f 973 9608 5686
f 966 5479 9609
f 966 9609 9885
f 967 9610 5480
f 967 9886 9610
f 9601 9611 3980
f 9611 7912 3980
f 9602 3981 9612
f 9612 3981 7913
f 12463 9613 9408
f 9613 3680 9408
f 12464 9409 9614
f 9614 9409 3681
f 9615 1048 6358
f 1048 9615 9799
f 9616 6359 1049
f 1049 9800 9616
f 5248 9617 9599
f 9617 5248 3214
f 5249 9600 9618
f 9618 3215 5249
f 9619 6194 3242
f 7015 9619 3242
f 9620 3243 6195
f 7016 3243 9620
f 11753 9621 445
f 445 9621 6352
f 11754 446 9622
f 446 6353 9622
f 3356 9623 7961
f 3356 7742 9623
f 3357 7962 9624
f 3357 9624 7743
f 244 9625 4716
f 9625 3512 10524
f 245 4717 9626
f 9626 10525 3513
f 3978 9627 5119
f 3978 11217 9627
f 3979 5120 9628
f 3979 9628 11218
f 4748 4266 9629
f 4748 9629 10812
f 9630 4267 4749
f 10813 9630 4749
f 9631 7928 4301
f 7944 7928 9631
f 9632 4302 7929
f 7945 9632 7929
f 2509 9633 7647
f 2509 8931 9633
f 2510 7648 9634
f 2510 9634 8932
f 1662 1050 9635
f 9639 1270 9635
f 1663 9636 1051
f 9640 9636 1271
f 9637 2313 2793
f 9637 8034 2313
f 9638 2794 2314
f 9638 2314 8035
f 1050 9639 9635
f 5278 9639 1050
f 1051 9636 9640
f 5279 1051 9640
f 3294 9641 8442
f 3294 361 9641
f 3295 8443 9642
f 3295 9642 361
f 9643 5546 12352
f 9643 1249 5600
f 9644 12353 5547
f 9644 5601 1250
f 9631 327 9645
f 12048 9645 327
f 9632 9646 328
f 12049 328 9646
f 2405 5677 9647
f 2668 9647 5677
f 2406 9648 5678
f 2669 5678 9648
f 9649 4084 4097
f 1612 4084 9649
f 9650 4098 4085
f 1613 9650 4085
f 4736 7570 9651
f 9651 226 4736
f 4736 9652 7571
f 9652 4736 226
f 3039 9653 4848
f 9653 9649 4848
f 3040 4849 9654
f 9654 4849 9650
f 9655 9643 71
f 4630 9655 71
f 9656 72 9644
f 4631 72 9656
f 4311 9657 2813
f 2813 9657 6068
f 4312 2814 9658
f 2814 6069 9658
f 9659 1680 794
f 9659 11332 1680
f 9660 795 1681
f 9660 1681 11333
f 1216 9661 5377
f 9661 1216 8418
f 1217 5378 9662
f 9662 8419 1217
f 2006 5220 9663
f 11203 9663 5220
f 2007 9664 5221
f 11204 5221 9664
f 9665 4149 4067
f 9665 4067 11326
f 9666 4068 4150
f 9666 11327 4068
f 6202 9667 1807
f 6202 10406 9667
f 6203 1808 9668
f 6203 9668 10407
f 2477 9669 9066
f 2477 5367 9669
f 2478 9067 9670
f 2478 9670 5368
f 9679 958 9671
f 11067 9671 958
f 9680 9672 959
f 11068 959 9672
f 4558 3826 9673
f 9673 1531 4558
f 4559 9674 3827
f 9674 4559 1532
f 10264 9675 5575
f 1232 5575 9675
f 10265 5576 9676
f 1233 9676 5576
f 3727 7460 9677
f 5109 9677 7460
f 3728 9678 7461
f 5110 7461 9678
f 9679 9671 5244
f 5244 9591 9679
f 9680 5245 9672
f 5245 9680 9592
f 649 9681 1558
f 8094 9681 649
f 650 1559 9682
f 8095 650 9682
f 4139 9683 5836
f 9683 11555 5836
f 4140 5837 9684
f 9684 5837 11556
f 9685 3248 5294
f 9685 5294 3238
f 9686 5295 3249
f 9686 3239 5295
f 3009 9687 441
f 9687 9673 441
f 3010 442 9688
f 9688 442 9674
f 1232 9689 607
f 9675 9689 1232
f 1233 608 9690
f 9676 1233 9690
f 4923 9691 602
f 9691 10222 8351
f 4924 603 9692
f 9692 8352 10223
f 10192 6584 9693
f 6584 12331 9693
f 10193 9694 6585
f 6585 9694 12332
f 9695 4684 7673
f 7673 10566 9695
f 9696 7674 4685
f 7674 9696 10567
f 5731 9697 9398
f 8640 9697 5731
f 5732 9399 9698
f 8641 5732 9698
f 9687 9699 715
f 9699 9144 715
f 9688 716 9700
f 9700 716 9145
f 7098 9701 1835
f 9701 9062 1835
f 7099 1836 9702
f 9702 1836 9063
f 9703 1468 4487
f 9703 12360 1468
f 9704 4488 1469
f 9704 1469 12361
f 6434 1034 9705
f 6434 9705 9665
f 6435 9706 1035
f 6435 9666 9706
f 9707 3254 7226
f 736 9707 7226
f 9708 7227 3255
f 737 7227 9708
f 9709 8852 2105
f 3324 9709 2105
f 9710 2106 8853
f 3325 2106 9710
f 6137 9711 11081
f 6137 5071 9711
f 6138 11082 9712
f 6138 9712 5072
f 4672 7803 9713
f 4672 9713 2644
f 4673 9714 7804
f 4673 2645 9714
f 8410 9715 2963
f 2963 9715 4584
f 8411 2964 9716
f 2964 4585 9716
f 4814 9717 1040
f 9723 4814 7782
f 4815 1041 9718
f 9724 7783 4815
f 8181 2934 9719
f 4281 8181 9719
f 8182 9720 2935
f 4282 9720 8182
f 2343 9721 9707
f 9721 2343 1524
f 2344 9708 9722
f 9722 1524 2344
f 6539 9717 9723
f 9723 9717 4814
f 6540 9724 9718
f 9724 4815 9718
f 2146 3053 9725
f 3053 2130 9725
f 2147 9726 3054
f 3054 9726 2131
f 7136 9727 3598
f 1793 9727 7136
f 7137 3599 9728
f 1794 7137 9728
f 6088 9729 6072
f 1076 9729 6088
f 6089 6073 9730
f 1077 6089 9730
f 8856 9731 2032
f 2032 11894 11342
f 8857 2033 9732
f 2033 11343 11895
f 8432 4768 9733
f 4768 1464 9733
f 8433 9734 4769
f 4769 9734 1465
f 9735 5453 6644
f 2226 5453 9735
f 9736 6645 5454
f 2226 9736 5454
f 924 9737 4061
f 9737 8684 4061
f 925 4062 9738
f 9738 4062 8685
f 9739 9136 3901
f 3901 5393 9739
f 9740 3902 9137
f 3902 9740 5394
f 4069 9741 6468
f 9741 4069 2353
f 4070 6469 9742
f 9742 2354 4070
f 9743 5125 3073
f 3073 4493 10492
f 9744 3074 5126
f 3074 10493 4494
f 609 8820 9745
f 7832 609 9745
f 610 9746 8821
f 7833 9746 610
f 758 3986 9747
f 758 9747 7246
f 759 9748 3987
f 759 7247 9748
f 5316 9749 8862
f 6928 11870 5316
f 5317 8863 9750
f 6929 5317 11871
f 9751 2660 5802
f 9751 8369 2660
f 9752 5803 2661
f 9752 2661 8370
f 152 6478 9753
f 9753 6478 11454
f 153 9754 6479
f 9754 11455 6479
f 11852 7386 9755
f 9755 7386 10446
f 11853 9756 7387
f 9756 10447 7387
f 9757 1801 7195
f 1801 9757 7215
f 9758 7196 1802
f 1802 7216 9758
f 3346 9759 3741
f 2271 9773 9759
f 3347 3742 9760
f 2272 9760 9774
f 3638 9761 7758
f 3638 788 9761
f 3639 7759 9762
f 3639 9762 789
f 9763 3946 2264
f 8939 9763 2264
f 9764 2265 3947
f 8940 2265 9764
f 9158 3792 9765
f 9765 3792 2333
f 9159 9766 3793
f 9766 2334 3793
f 9755 9767 2797
f 2797 9767 9289
f 9756 2798 9768
f 2798 9290 9768
f 9877 9769 2465
f 5447 10697 9769
f 9878 2466 9770
f 5448 9770 10698
f 9771 3302 8140
f 96 9771 8140
f 9772 8141 3303
f 97 8141 9772
f 9759 9773 3741
f 3741 9773 6432
f 9760 3742 9774
f 3742 6433 9774
f 1360 2732 9775
f 1360 9775 11767
f 1361 9776 2733
f 1361 11768 9776
f 9777 1892 5463
f 12191 1892 9777
f 9778 5464 1893
f 12192 9778 1893
f 9779 3284 6362
f 9779 6362 11171
f 9780 6363 3285
f 9780 11172 6363
f 9781 10866 3984
f 11731 11721 3984
f 9782 3985 10867
f 11732 3985 11722
f 2720 9783 8152
f 7086 9783 2720
f 2721 8153 9784
f 7087 2721 9784
f 2399 9785 3656
f 2399 4503 9785
f 2400 3657 9786
f 2400 9786 4504
f 502 6773 9787
f 502 9787 3510
f 503 9788 6774
f 503 3511 9788
f 9789 12346 12358
f 4690 9789 10566
f 9790 12359 12347
f 4691 10567 9790
f 9436 566 9791
f 2853 9436 9791
f 9437 9792 567
f 2854 9792 9437
f 9793 4026 8490
f 5393 4026 9793
f 9794 8491 4027
f 5394 9794 4027
f 4020 10120 9795
f 1727 4020 9795
f 4021 9796 10121
f 1728 9796 4021
f 6273 1421 9797
f 9797 1421 7900
f 6274 9798 1422
f 9798 7901 1422
f 7824 4212 9799
f 9799 4212 1048
f 7825 9800 4213
f 9800 1049 4213
f 6004 9801 2012
f 2012 9813 7076
f 2013 9802 6005
f 2013 7077 9814
f 8261 3542 9803
f 1883 8261 9803
f 8262 9804 3543
f 1884 9804 8262
f 9805 2365 8626
f 872 9986 9805
f 9806 8627 2366
f 873 9806 9987
f 9821 5129 9807
f 5129 2411 9807
f 9822 9808 5130
f 5130 9808 2412
f 1481 7438 9809
f 7494 1481 9809
f 1482 9810 7439
f 7495 9810 1482
f 11330 5369 9811
f 9811 12064 4264
f 11331 9812 5370
f 9812 4265 12065
f 9801 9813 2012
f 9801 4620 9813
f 9802 2013 9814
f 9802 9814 4621
f 12384 12046 9815
f 9815 3474 8474
f 12385 9816 12047
f 9816 8475 3475
f 8124 9817 3344
f 9817 796 3344
f 8125 3345 9818
f 9818 3345 797
f 607 9819 12094
f 9689 9819 607
f 608 12095 9820
f 9690 608 9820
f 9821 9807 877
f 9727 9821 877
f 9822 878 9808
f 9728 878 9822
f 67 11083 9823
f 1894 67 9823
f 68 9824 11084
f 1895 9824 68
f 9825 3417 5763
f 9825 5763 4125
f 9826 5764 3418
f 9826 4126 5764
f 6141 6162 9827
f 6141 9827 5252
f 6142 9828 6163
f 6142 5253 9828
f 1431 4975 9829
f 3875 1431 9837
f 1432 9830 4976
f 3876 9838 1432
f 6008 9831 621
f 621 11089 8038
f 6009 622 9832
f 622 8039 11090
f 9833 235 6813
f 9833 8234 235
f 9834 6814 236
f 9834 236 8235
f 1281 761 9835
f 761 8082 9835
f 1282 9836 762
f 762 9836 8083
f 9837 1431 9829
f 5707 9837 9829
f 9838 9830 1432
f 5708 9830 9838
f 6456 9839 2983
f 2983 9839 4742
f 6457 2984 9840
f 2984 4743 9840
f 7488 3552 9841
f 3552 8502 10647
f 7489 9842 3553
f 3553 10648 8503
f 9843 4260 8154
f 9843 6857 4260
f 9844 8155 4261
f 9844 4261 6858
f 5256 9845 12036
f 9458 9845 5256
f 5257 12037 9846
f 9459 5257 9846
f 9847 3021 357
f 357 1870 9847
f 9848 358 3022
f 358 9848 1871
f 3340 9849 3131
f 9849 12257 3131
f 3341 3132 9850
f 9850 3132 12258
f 9851 1692 385
f 9851 385 6535
f 9852 386 1693
f 9852 6536 386
f 9853 558 5272
f 9853 6529 558
f 9854 5273 559
f 9854 559 6530
f 2491 9855 11615
f 9855 2491 268
f 2492 11616 9856
f 9856 269 2492
f 9867 4465 9857
f 9857 4465 3140
f 9868 9858 4466
f 9858 3141 4466
f 9859 5602 3047
f 9859 1930 5602
f 9860 3048 5603
f 9860 5603 1931
f 8988 12022 9861
f 9861 3188 9080
f 8989 9862 12023
f 9862 9081 3189
f 1646 2821 9863
f 7481 1646 9863
f 1647 9864 2822
f 7482 9864 1647
f 1780 9865 9320
f 1780 6170 9865
f 1781 9321 9866
f 1781 9866 6171
f 86 9867 11779
f 9867 86 4465
f 87 11780 9868
f 9868 4466 87
f 9869 2287 7066
f 3097 9869 7066
f 9870 7067 2288
f 3098 7067 9870
f 9871 8187 219
f 219 8946 9871
f 9872 220 8188
f 220 9872 8947
f 9873 12005 9613
f 325 3256 9873
f 9874 9614 12006
f 326 9874 3257
f 584 9875 12171
f 584 8982 9875
f 585 12172 9876
f 585 9876 8983
f 3276 9769 9877
f 4983 3276 11920
f 3277 9878 9770
f 4984 11921 3277
f 3942 9879 3023
f 11381 9879 3942
f 3943 3024 9880
f 11382 3943 9880
f 11709 9881 8818
f 2349 9392 9881
f 11710 8819 9882
f 2350 9882 9393
f 9883 10 7952
f 9883 12163 10
f 9884 7953 11
f 9884 11 12164
f 3925 9885 5850
f 9885 9609 5850
f 3926 5851 9886
f 9886 5851 9610
f 3662 88 9887
f 9549 9887 88
f 3663 9888 89
f 9550 89 9888
f 5848 9889 4145
f 4734 9889 5848
f 5849 4146 9890
f 4735 5849 9890
f 477 9891 1004
f 9891 3894 1004
f 478 1005 9892
f 9892 1005 3895
f 9893 5415 1085
f 1085 9879 9893
f 9894 1086 5416
f 1086 9894 9880
f 3562 6743 9895
f 9895 6743 1142
f 3563 9896 6744
f 9896 1143 6744
f 167 9897 3391
f 9897 12193 3391
f 168 3392 9898
f 9898 3392 12194
f 4131 8658 9899
f 9899 8658 108
f 4132 9900 8659
f 9900 109 8659
f 8090 2670 9901
f 8090 9901 5429
f 8091 9902 2671
f 8091 5430 9902
f 9903 6763 1346
f 8776 6763 9903
f 9904 1347 6764
f 8777 9904 6764
f 2287 4967 9905
f 4967 7794 9905
f 2288 9906 4968
f 4968 9906 7795
f 890 5884 12163
f 12163 5884 10
f 891 12164 5885
f 12164 11 5885
f 3882 9909 6
f 3882 8199 9909
f 3883 6 9910
f 3883 9910 8200
f 7502 2736 9911
f 12287 9911 2736
f 7503 9912 2737
f 12288 2737 9912
f 9913 4319 4333
f 3180 9913 4333
f 9914 4334 4320
f 3181 4334 9914
f 181 9915 5616
f 1862 5616 9915
f 182 5617 9916
f 1863 9916 5617
f 4 9917 4539
f 1846 4539 9917
f 5 4540 9918
f 1847 9918 4540
f 9919 1004 3894
f 9919 3894 8824
f 9920 3895 1005
f 9920 8825 3895
f 2174 9921 4828
f 4828 9921 9470
f 2175 4829 9922
f 4829 9471 9922
f 8672 6118 9923
f 12122 9923 6118
f 8673 9924 6119
f 12123 6119 9924
f 10651 9925 3890
f 9925 9935 3890
f 10652 3891 9926
f 9926 3891 9936
f 9927 1385 6871
f 1891 1385 9927
f 9928 6872 1386
f 1891 9928 1386
f 6160 9929 1842
f 9929 2932 1842
f 6161 1843 9930
f 9930 1843 2933
f 4407 9931 1904
f 1904 9931 7683
f 4408 1905 9932
f 1905 7684 9932
f 252 9933 3484
f 9933 252 10898
f 253 3485 9934
f 9934 10899 253
f 3890 9935 6279
f 6279 9935 2616
f 3891 6280 9936
f 6280 2617 9936
f 2095 9937 6666
f 9883 9937 2095
f 2096 6667 9938
f 9884 2096 9938
f 4648 11411 9939
f 3021 4648 9939
f 4649 9940 11412
f 3022 9940 4649
f 1052 9941 9953
f 11797 9941 1052
f 1053 9954 9942
f 11798 1053 9942
f 9943 2767 5587
f 210 2767 9943
f 9944 5588 2768
f 210 9944 2768
f 9945 4772 3312
f 7402 4772 9945
f 9946 3313 4773
f 7403 9946 4773
f 4704 1411 9947
f 9947 1411 3482
f 4705 9948 1412
f 9948 3483 1412
f 3095 9949 5990
f 7778 9949 3095
f 5991 9950 3096
f 3096 9950 7779
f 9951 473 9505
f 1933 473 9951
f 9952 9506 474
f 1932 9952 474
f 9953 7528 5489
f 1052 9953 5489
f 9954 5490 7529
f 1053 5490 9954
f 175 9955 6373
f 175 6372 9955
f 10126 12394 9956
f 1401 9956 11795
f 10127 9957 12395
f 1402 11796 9957
f 4157 3049 9958
f 9958 3049 9923
f 4158 9959 3050
f 9959 9924 3050
f 12346 9960 7690
f 9960 3532 7690
f 12347 7691 9961
f 9961 7691 3533
f 1592 8998 9962
f 11617 8998 10048
f 1593 9963 8999
f 11618 10049 8999
f 2940 6157 9964
f 9964 7590 2940
f 2940 9965 6157
f 9965 2940 7590
f 4880 7376 9966
f 9966 7376 1287
f 4881 9967 7377
f 9967 1288 7377
f 9941 4135 9968
f 4135 4583 9968
f 9942 9969 4136
f 4136 9969 4583
f 3214 9970 6656
f 9970 11373 6656
f 3215 6657 9971
f 9971 6657 11374
f 1073 9972 8753
f 9972 331 8753
f 1073 8753 9973
f 9973 8753 331
f 9974 11757 5542
f 9974 5542 204
f 9975 5543 11758
f 9975 205 5543
f 9976 2046 11870
f 9976 3387 2046
f 9977 11871 2047
f 9977 2047 3388
f 3178 8171 9978
f 8171 2851 9978
f 3179 9979 8172
f 8172 9979 2852
f 6496 9980 578
f 10392 578 9980
f 6497 579 9981
f 10393 9981 579
f 7406 9982 4369
f 664 9982 7406
f 7407 4370 9983
f 665 7407 9983
f 7597 9984 1172
f 9711 9984 7597
f 7598 1173 9985
f 9712 7598 9985
f 9986 11367 2365
f 9986 2365 9805
f 9987 2366 11368
f 9987 9806 2366
f 5016 9703 9988
f 5240 5016 9988
f 5017 9989 9704
f 5241 9989 5017
f 9990 3757 3162
f 10000 6342 3757
f 9991 3163 3758
f 10001 3758 6343
f 10390 4000 9992
f 11241 911 11715
f 10391 9993 4001
f 11242 11716 912
f 10006 5806 9994
f 9994 5806 1277
f 10007 9995 5807
f 9995 1278 5807
f 7060 4937 9996
f 11365 9996 4937
f 7061 9997 4938
f 11366 4938 9997
f 11599 5190 9998
f 9998 5190 1262
f 11600 9999 5191
f 9999 1263 5191
f 3771 10000 9990
f 10000 3757 9990
f 3772 9991 10001
f 10001 9991 3758
f 7434 10002 2339
f 9285 2339 10002
f 7435 2340 10003
f 9286 10003 2340
f 3702 10004 2357
f 3702 3061 10016
f 3703 2358 10005
f 3703 10017 3062
f 2111 10006 9994
f 3154 10006 2111
f 2112 9995 10007
f 3155 2112 10007
f 10008 7408 2299
f 7408 10008 10018
f 10009 2300 7409
f 7409 10019 10009
f 11257 10010 4644
f 4644 10010 1196
f 11258 4645 10011
f 4645 1197 10011
f 6556 10012 986
f 1866 10012 6556
f 6557 987 10013
f 1867 6557 10013
f 2 3332 10014
f 10014 3332 5449
f 2 10015 3333
f 10015 5450 3333
f 10004 3702 10016
f 8768 10004 10016
f 10005 10017 3703
f 8769 10017 10005
f 8581 10018 10008
f 4121 10018 8581
f 8582 10009 10019
f 4122 8582 10019
f 7213 10020 3328
f 10020 7902 3328
f 7214 3329 10021
f 10021 3329 7903
f 5521 11288 10022
f 10022 9974 5521
f 5522 10023 11289
f 10023 5522 9975
f 10024 1860 5079
f 10024 5079 998
f 5080 1861 10025
f 10025 999 5080
f 534 10026 12376
f 10026 6295 12376
f 12377 10027 534
f 12377 6296 10027
f 10028 5467 11583
f 10036 10028 473
f 10029 11584 5468
f 10037 474 10029
f 12086 12257 9849
f 7661 12257 12086
f 12087 9850 12258
f 7662 12087 12258
f 10032 1721 2369
f 8234 10032 2369
f 10033 2370 1722
f 8235 2370 10033
f 10034 1067 8016
f 2975 1067 10034
f 10035 8017 1068
f 2976 10035 1068
f 5467 10036 8452
f 10036 5467 10028
f 5468 8453 10037
f 10037 10029 5468
f 208 7456 10038
f 10038 7456 1166
f 209 10039 7457
f 1167 7457 10039
f 2222 5150 10040
f 10040 10758 2222
f 2223 10041 5151
f 10041 2223 10759
f 2578 10042 6068
f 6068 10042 4822
f 2578 6069 10043
f 6069 4823 10043
f 10044 6985 1600
f 112 10044 1600
f 10045 1601 6986
f 113 1601 10045
f 8567 9344 10046
f 7882 8567 10046
f 8568 10047 9345
f 7883 10047 8568
f 11617 10048 6174
f 6174 10048 3586
f 11618 6175 10049
f 6175 3587 10049
f 9476 10050 1026
f 1026 10050 5540
f 9477 1027 10051
f 1027 5541 10051
f 3365 10052 11377
f 10052 3747 2632
f 3366 11378 10053
f 10053 2633 3748
f 888 10054 9114
f 8632 10054 888
f 889 9115 10055
f 8633 889 10055
f 9056 12072 10056
f 7780 9056 10056
f 9057 10057 12073
f 7781 10057 9057
f 1024 8762 10058
f 10058 8762 4024
f 1025 10059 8763
f 10059 4025 8763
f 7966 10060 5284
f 10060 9747 5284
f 7967 5285 10061
f 10061 5285 9748
f 3298 10062 6598
f 10062 7228 6598
f 3299 6599 10063
f 10063 6599 7229
f 10064 6899 3737
f 10064 1616 6899
f 10065 3738 6900
f 10065 6900 1617
f 6815 4615 10066
f 3544 10066 4615
f 6816 10067 4616
f 3545 4616 10067
f 2993 10068 6621
f 2993 4047 10068
f 6622 10069 2994
f 2994 10069 4048
f 7011 4959 10070
f 10070 3194 7011
f 7012 10071 4960
f 10071 7012 3195
f 1778 10072 2295
f 2295 10072 9619
f 1779 2296 10073
f 2296 9620 10073
f 2722 10066 10074
f 2722 11832 1312
f 2723 10075 10067
f 2723 1313 11833
f 10076 717 7003
f 3723 10076 7003
f 10077 7004 718
f 3724 7004 10077
f 7830 10078 8326
f 8326 10078 2487
f 7831 8327 10079
f 8327 2488 10079
f 270 10080 5172
f 3594 5172 10080
f 271 5173 10081
f 3595 10081 5173
f 4103 10082 7607
f 10082 4103 6759
f 4104 7608 10083
f 10083 6760 4104
f 12213 1782 10084
f 5647 10084 1466
f 12214 10085 1782
f 5648 1467 10085
f 10086 3162 2122
f 9990 3162 10086
f 10087 2123 3163
f 9991 10087 3163
f 2295 10088 364
f 2295 9619 10088
f 2296 365 10089
f 2296 10089 9620
f 5549 10762 10090
f 5549 10090 5751
f 5550 10091 10763
f 5550 5752 10091
f 1322 10092 1912
f 5204 10092 1322
f 1323 1913 10093
f 5205 1323 10093
f 10094 2423 6263
f 2423 10094 9297
f 10095 6264 2424
f 2424 9298 10095
f 10096 11354 3751
f 282 10096 3751
f 10097 3752 11355
f 283 3752 10097
f 4818 10098 11973
f 1198 10098 4818
f 4819 11974 10099
f 1199 4819 10099
f 5587 2503 10100
f 2503 6010 10100
f 5588 10101 2504
f 2504 10101 6011
f 2589 10102 493
f 493 10102 4778
f 2590 494 10103
f 494 4779 10103
f 9627 10104 5774
f 5774 10104 8696
f 9628 5775 10105
f 5775 8697 10105
f 10106 2951 5934
f 10106 763 2951
f 10107 5935 2952
f 10107 2952 764
f 11147 10108 4291
f 10108 7685 4291
f 11148 4292 10109
f 10109 4292 7686
f 4495 10110 12402
f 4495 11342 10110
f 4496 12403 10111
f 4496 10111 11343
f 944 5101 10112
f 3389 944 11723
f 945 10113 5102
f 3390 11724 945
f 10114 8729 1485
f 10124 1485 3204
f 10115 1486 8730
f 10125 3205 1486
f 10619 165 10116
f 10116 165 8560
f 10620 10117 166
f 10117 8561 166
f 6725 10118 3873
f 3873 10118 4079
f 6726 3874 10119
f 3874 4080 10119
f 10120 7665 3385
f 4020 7665 10120
f 10121 3386 7666
f 4021 10121 7666
f 10122 6366 8917
f 10122 11292 6366
f 10123 8918 6367
f 10123 6367 11293
f 4907 10114 10124
f 10124 10114 1485
f 4908 10125 10115
f 10125 1486 10115
f 9956 1401 10126
f 10126 1401 11822
f 9957 10127 1402
f 10127 11823 1402
f 3389 10128 11528
f 10128 3389 6084
f 3390 11529 10129
f 10129 6085 3390
f 10130 802 4650
f 7993 10130 4650
f 10131 4651 803
f 7994 4651 10131
f 10132 8038 576
f 6922 10132 576
f 10133 577 8039
f 6923 577 10133
f 9030 10134 3650
f 3650 10144 12151
f 9031 3651 10135
f 3651 12152 10145
f 10136 4600 1731
f 10136 1731 7230
f 10137 1732 4601
f 10137 7231 1732
f 6408 10138 5583
f 5583 10138 8664
f 6409 5584 10139
f 5584 8665 10139
f 7774 10140 6336
f 6336 10140 7840
f 7775 6337 10141
f 6337 7841 10141
f 7556 10142 5767
f 5767 10142 12217
f 7557 5768 10143
f 5768 12218 10143
f 3650 10134 10144
f 10134 12231 10144
f 3651 10145 10135
f 10135 10145 12232
f 10146 5761 10378
f 10146 10418 5761
f 10379 5762 10147
f 5762 10419 10147
f 3039 4848 10148
f 950 3039 10148
f 3040 10149 4849
f 951 10149 3040
f 10150 1799 1154
f 7671 1799 10160
f 1155 1800 10151
f 7672 10161 1800
f 10152 3820 10162
f 1540 10611 10152
f 10153 10163 3821
f 1541 10153 10612
f 6207 6198 10154
f 6198 8028 10154
f 6208 10155 6199
f 6199 10155 8029
f 3447 10146 10156
f 3447 12100 1525
f 10157 10147 3448
f 1526 12101 3448
f 1262 10158 3379
f 1262 5190 10158
f 1263 3380 10159
f 1263 10159 5191
f 1799 10150 10160
f 10160 10150 12372
f 1800 10161 10151
f 10161 12373 10151
f 10162 1540 10152
f 1540 10162 9523
f 10163 10153 1541
f 1541 9524 10163
f 10164 3861 8201
f 10164 8974 3861
f 10165 8202 3862
f 10165 3862 8975
f 10166 4510 5342
f 6885 10166 5342
f 10167 5343 4511
f 6886 5343 10167
f 4698 974 10168
f 10168 7268 4698
f 4699 10169 975
f 10169 4699 7269
f 6006 10170 7224
f 498 10170 6006
f 6007 7225 10171
f 499 6007 10171
f 5800 541 10172
f 5800 10172 5780
f 5801 10173 542
f 5801 5781 10173
f 8935 6791 10174
f 2262 8935 10174
f 8936 10175 6792
f 2263 10175 8936
f 11997 2558 6625
f 10641 2558 11997
f 11998 6626 2559
f 10642 11998 2559
f 5886 2258 10178
f 5886 10178 10418
f 10179 2259 5887
f 10419 10179 5887
f 2188 10180 1664
f 10180 2188 6316
f 2189 1665 10181
f 10181 6317 2189
f 1207 1087 10182
f 1207 10182 4844
f 1208 10183 1088
f 1208 4845 10183
f 10184 4911 11104
f 10184 623 6233
f 10185 11105 4912
f 10185 6234 624
f 10743 7965 10186
f 7965 1152 10186
f 10743 10187 7965
f 7965 10187 1153
f 10188 9142 3338
f 8022 10188 3338
f 10189 3339 9143
f 8023 3339 10189
f 2560 10190 4802
f 10190 3166 4802
f 2561 4803 10191
f 10191 4803 3166
f 2599 10192 1776
f 9693 1776 10192
f 2600 1777 10193
f 9694 10193 1777
f 10194 2375 4728
f 10194 6909 2375
f 10195 4729 2376
f 10195 2376 6910
f 4197 1091 10196
f 7588 10196 1091
f 4198 10197 1092
f 7589 1092 10197
f 10198 592 6472
f 6472 2475 10198
f 10199 6473 593
f 6473 10199 2476
f 994 10200 3516
f 10200 6271 3516
f 995 3517 10201
f 10201 3517 6272
f 10194 4728 10202
f 10202 4728 1087
f 10195 10203 4729
f 10203 1088 4729
f 10204 5814 187
f 10218 187 3238
f 10205 188 5815
f 10219 3239 188
f 10206 7132 4283
f 10206 4283 5154
f 10207 4284 7133
f 10207 5155 4284
f 1083 10208 3038
f 3038 10208 1875
f 3037 10209 1084
f 2703 10209 3037
f 8191 6507 10210
f 10210 6507 10579
f 8192 10211 6508
f 10211 10580 6508
f 9002 10212 3292
f 10212 2351 3292
f 9003 3293 10213
f 10213 3293 2352
f 3250 4315 10214
f 3958 3250 10214
f 3251 10215 4316
f 3959 10215 3251
f 6953 10216 4457
f 4457 10216 7134
f 6954 4458 10217
f 4458 7135 10217
f 187 10218 10204
f 10204 10218 8798
f 188 10205 10219
f 10205 8799 10219
f 5026 2000 10220
f 10220 2000 9853
f 5027 10221 2001
f 10221 9854 2001
f 3047 10222 4923
f 4923 10222 9691
f 3048 4924 10223
f 4924 9692 10223
f 8064 10224 10786
f 402 2216 10224
f 8065 10787 10225
f 403 10225 2217
f 11205 3935 10226
f 5073 10226 3935
f 11206 10227 3936
f 5074 3936 10227
f 10228 6727 135
f 4030 6727 10228
f 10229 136 6728
f 4031 10229 6728
f 2323 10230 9271
f 8165 10230 2323
f 2324 9272 10231
f 8166 2324 10231
f 10232 5328 137
f 5328 10232 12136
f 10233 138 5329
f 5329 12137 10233
f 2155 8747 10234
f 2155 10570 3290
f 2156 10235 8748
f 2156 3291 10571
f 10236 10945 2945
f 2945 6922 10236
f 10237 2946 10946
f 2946 10237 6923
f 10238 4055 5491
f 4055 10238 9233
f 10239 5492 4056
f 4056 9234 10239
f 10240 5202 5212
f 5212 7108 10240
f 10241 5213 5203
f 5213 10241 7109
f 11373 10242 3586
f 6174 3586 10242
f 11374 3587 10243
f 6175 10243 3587
f 3686 10244 3678
f 4624 3678 12380
f 3687 3679 10245
f 4625 12381 3679
f 5024 11512 10246
f 6683 5024 10246
f 5025 10247 11513
f 6684 10247 5025
f 10248 7625 3582
f 10248 3582 11599
f 10249 3583 7626
f 10249 11600 3583
f 5989 11406 10250
f 898 5989 10250
f 5989 10251 11406
f 898 10251 5989
f 8094 1620 10252
f 1198 10252 1620
f 8095 10253 1621
f 1199 1621 10253
f 10254 2845 11354
f 10254 10278 2845
f 10255 11355 2846
f 10255 2846 10279
f 10256 2499 751
f 11567 2499 10256
f 10257 752 2500
f 11568 10257 2500
f 10258 1642 3562
f 12443 6602 1642
f 10259 3563 1643
f 12444 1643 6603
f 3358 8228 10260
f 3129 3358 10260
f 3359 10261 8229
f 3130 10261 3359
f 10262 2196 8500
f 10262 11452 2196
f 10263 8501 2197
f 10263 2197 11453
f 459 4181 10264
f 10264 5581 459
f 460 10265 4182
f 10265 460 5582
f 10266 10766 5397
f 10266 10278 5389
f 10267 5398 10767
f 10267 5390 10279
f 3129 10268 3358
f 3129 5675 10268
f 3130 3359 10269
f 3130 10269 5676
f 1594 7187 10270
f 1594 10270 3773
f 1595 10271 7188
f 1595 3774 10271
f 742 4611 10272
f 4611 7536 10272
f 742 10273 4612
f 4612 10273 7537
f 6076 6241 10274
f 1819 6076 10274
f 6077 10275 6242
f 1820 10275 6077
f 10276 1634 2827
f 2827 8573 10276
f 10277 2828 1635
f 2828 10277 8574
f 10266 5397 10278
f 10278 5397 2845
f 10267 10279 5398
f 10279 2846 5398
f 2395 10280 1304
f 8066 1304 10280
f 2396 1305 10281
f 8067 10281 1305
f 4927 6390 10282
f 6390 9553 10282
f 4928 10283 6391
f 6391 10283 9554
f 3672 1992 10284
f 3672 10284 8330
f 3673 10285 1993
f 3673 8331 10285
f 10286 930 6219
f 6231 10286 6219
f 10287 6220 931
f 6232 6220 10287
f 4600 10288 10683
f 2720 4762 10288
f 4601 10684 10289
f 2721 10289 4763
f 10290 439 11411
f 10298 11670 439
f 10291 11412 440
f 10299 440 11671
f 3892 4240 10292
f 11199 10292 4240
f 3893 10293 4241
f 11200 4241 10293
f 10294 3123 10593
f 3123 10294 2044
f 10295 10594 3124
f 3124 2045 10295
f 5109 10296 9020
f 1787 9020 10296
f 5110 9021 10297
f 1788 10297 9021
f 10290 10298 439
f 5979 10298 10290
f 10291 440 10299
f 5980 10291 10299
f 4141 10300 12235
f 10300 4141 4548
f 4142 12236 10301
f 10301 4549 4142
f 11561 6184 10302
f 8893 10302 6184
f 11562 10303 6185
f 8894 6185 10303
f 10304 9529 266
f 10304 266 10308
f 10305 267 9530
f 10305 10309 267
f 1570 4185 10306
f 10306 4185 8344
f 1571 10307 4186
f 10307 8345 4186
f 10308 7185 1330
f 10308 266 7185
f 10309 1331 7186
f 10309 7186 267
f 1746 5711 10310
f 10310 5711 374
f 1747 10311 5712
f 10311 375 5712
f 10312 9575 415
f 10312 415 10302
f 10313 416 9576
f 10313 10303 416
f 5551 3091 10314
f 5551 10314 1431
f 5552 10315 3092
f 5552 1432 10315
f 10316 7294 1772
f 10316 1772 6016
f 10317 1773 7295
f 10317 6017 1773
f 10318 7033 1941
f 1224 7033 10318
f 10319 1942 7034
f 1225 10319 7034
f 10320 5401 3300
f 7530 10330 3300
f 3301 5402 10321
f 3301 10331 7531
f 9609 11799 10322
f 11799 5312 10322
f 9610 10323 11800
f 11800 10323 5313
f 1160 10324 9685
f 10324 1160 8191
f 1161 9686 10325
f 10325 8192 1161
f 5641 10326 12370
f 8743 10326 5641
f 5642 12371 10327
f 8744 5642 10327
f 10328 8994 3015
f 8654 10328 3015
f 10329 3016 8995
f 8655 3016 10329
f 5778 10320 10330
f 10330 10320 3300
f 10331 10321 5779
f 3301 10321 10331
f 163 10332 7428
f 163 2463 10332
f 164 7429 10333
f 164 10333 2464
f 8052 10334 6320
f 3111 10334 8052
f 8053 6321 10335
f 3112 8053 10335
f 10336 2058 602
f 10336 6303 2058
f 10337 603 2059
f 10337 2059 6304
f 10338 551 1222
f 10338 11607 551
f 10339 1223 552
f 10339 552 11608
f 4529 3214 10340
f 3214 6656 10340
f 4530 10341 3215
f 3215 10341 6657
f 163 10342 2463
f 11692 7146 2463
f 164 2464 10343
f 11693 2464 7147
f 2089 10344 2803
f 2803 10344 5258
f 2090 2804 10345
f 2804 5259 10345
f 3480 6412 10346
f 3480 10346 8828
f 3481 10347 6413
f 3481 8829 10347
f 274 2965 10348
f 10334 274 10348
f 275 10349 2966
f 10335 10349 275
f 10350 2823 7175
f 10350 6044 2823
f 10351 7176 2824
f 10351 2824 6045
f 4216 6438 10352
f 4216 10352 9561
f 4217 10353 6439
f 4217 9562 10353
f 7046 10354 767
f 3966 10354 7046
f 7047 768 10355
f 3967 7047 10355
f 6430 10356 7446
f 6430 11478 10356
f 6431 7447 10357
f 6431 10357 11479
f 5691 6787 10358
f 6787 12247 10358
f 5692 10359 6788
f 6788 10359 12248
f 2924 5953 10360
f 7152 2924 10360
f 2925 10361 5954
f 7153 10361 2925
f 2740 10362 10310
f 3727 10362 2740
f 2741 10311 10363
f 3728 2741 10363
f 10364 5844 2142
f 1008 5844 10364
f 10365 2143 5845
f 1009 10365 5845
f 6515 10366 3496
f 9545 10366 6515
f 6516 3497 10367
f 9546 6516 10367
f 9324 2236 10368
f 10380 2236 9428
f 9325 10369 2237
f 10381 9429 2237
f 2459 10370 10774
f 11385 10370 2459
f 2460 10775 10371
f 11386 2460 10371
f 5103 10372 1945
f 10372 2161 1945
f 5104 1946 10373
f 10373 1946 2162
f 8876 2457 10374
f 10374 11126 8876
f 8877 10375 2458
f 10375 8877 11127
f 10376 2246 4086
f 4086 8579 10376
f 10377 4087 2247
f 4087 10377 8580
f 10156 10378 6867
f 10378 8733 6867
f 6868 10379 10157
f 6868 8734 10379
f 10380 12086 10368
f 10368 2236 10380
f 10381 10369 12087
f 10369 10381 2237
f 2089 2435 10382
f 2435 1876 10382
f 2090 10383 2436
f 2436 10383 1877
f 3059 10384 3832
f 3059 8308 11367
f 3060 3833 10385
f 3060 11368 8309
f 7617 10386 6887
f 6887 10386 4579
f 7618 6888 10387
f 6888 4580 10387
f 11130 4004 10388
f 10388 4004 6918
f 11131 10389 4005
f 10389 6919 4005
f 911 10828 10390
f 10390 9992 911
f 912 10391 10829
f 10391 912 9993
f 10814 6474 10392
f 6474 578 10392
f 10815 10393 6475
f 6475 10393 579
f 4285 10394 7058
f 4285 127 10394
f 4286 7059 10395
f 4286 10395 128
f 9390 3316 10396
f 10396 3316 6122
f 9391 10397 3317
f 10397 6123 3317
f 1552 10398 778
f 778 10398 7260
f 1553 779 10399
f 779 7261 10399
f 8510 3404 10400
f 892 10400 3404
f 8511 10401 3405
f 893 3405 10401
f 2894 11856 10402
f 5892 2894 10402
f 2895 10403 11857
f 5893 10403 2895
f 6550 10404 3186
f 3186 10404 6396
f 6551 3187 10405
f 3187 6397 10405
f 2275 10406 2218
f 10406 2275 9667
f 2276 2219 10407
f 10407 9668 2276
f 6139 10408 2664
f 10408 3107 2664
f 6140 2665 10409
f 10409 2665 3108
f 7363 10410 3290
f 2232 10410 7363
f 7364 3291 10411
f 2233 7364 10411
f 1205 4568 10412
f 4568 2343 10412
f 1206 10413 4569
f 4569 10413 2344
f 10414 7476 427
f 12118 7476 10414
f 10415 428 7477
f 12119 10415 7477
f 8392 10416 5091
f 10416 7146 5091
f 8393 5092 10417
f 10417 5092 7147
f 10146 617 10418
f 617 5886 10418
f 10419 618 10147
f 10419 5887 618
f 4816 10420 1768
f 4816 2566 10420
f 4817 1769 10421
f 4817 10421 2567
f 10978 3660 10422
f 9172 10422 3660
f 10979 10423 3661
f 9173 3661 10423
f 5709 10424 12283
f 10424 5697 5409
f 5710 12284 10425
f 10425 5410 5698
f 2419 3630 10426
f 3630 6713 10426
f 2420 10427 3631
f 3631 10427 6714
f 10428 7605 443
f 4581 10428 443
f 10429 444 7606
f 4582 444 10429
f 3974 4543 10430
f 5858 3974 10430
f 3975 10431 4544
f 5859 10431 3975
f 3518 8434 10432
f 8388 3518 10432
f 3519 10433 8435
f 8389 10433 3519
f 1174 10434 4493
f 10434 11053 4493
f 1175 4494 10435
f 10435 4494 11054
f 10436 7416 2638
f 7416 10436 2260
f 10437 2639 7417
f 7417 2261 10437
f 10438 6721 3988
f 3988 7999 10438
f 10439 3989 6722
f 3989 10439 8000
f 4654 7890 10440
f 539 4654 10440
f 4655 10441 7891
f 540 10441 4655
f 9350 6060 10442
f 6060 5093 10442
f 9351 10443 6061
f 6061 10443 5094
f 52 7580 10444
f 6979 10444 7580
f 53 10445 7581
f 6980 7581 10445
f 10446 7386 3690
f 3690 11579 10446
f 10447 3691 7387
f 3691 10447 11580
f 10448 6991 2415
f 61 10448 2415
f 10449 2416 6992
f 62 2416 10449
f 1580 10450 8810
f 7001 10450 1580
f 1581 8811 10451
f 7002 1581 10451
f 10452 7050 5437
f 10452 5437 1666
f 10453 5438 7051
f 10453 1667 5438
f 7420 10454 3674
f 10454 160 3674
f 7421 3675 10455
f 10455 3675 160
f 6418 10456 4204
f 4204 10456 4191
f 6419 4205 10457
f 4192 10457 4205
f 10458 5077 730
f 6739 10458 730
f 10459 731 5078
f 6740 731 10459
f 10460 676 7286
f 7286 5890 10460
f 10461 7287 677
f 7287 10461 5891
f 5318 10462 8514
f 7029 10462 5318
f 5319 8515 10463
f 7030 5319 10463
f 8925 3085 10464
f 10464 12295 8925
f 8926 10465 3086
f 10465 8926 12296
f 5772 10466 11755
f 12315 10466 5772
f 5773 11756 10467
f 12316 5773 10467
f 12331 1291 10468
f 10468 1291 1906
f 12332 10469 1292
f 10469 1907 1292
f 5733 10470 3429
f 3429 10470 11656
f 5734 3430 10471
f 3430 11657 10471
f 10472 8604 855
f 10472 855 9104
f 10473 9105 856
f 10473 856 8605
f 10474 5536 3200
f 10474 3200 541
f 10475 3201 5537
f 10475 542 3201
f 6749 1243 10476
f 6777 10476 1243
f 6750 10477 1244
f 6778 1244 10477
f 5727 10478 4165
f 4165 12412 10466
f 5728 4166 10479
f 4166 10467 12413
f 4718 10480 7322
f 11904 10480 4718
f 4719 7323 10481
f 11905 4719 10481
f 1876 11688 10482
f 5459 8889 10482
f 1877 10483 11689
f 5460 10483 8890
f 10484 7760 5022
f 5022 2825 10484
f 10485 5023 7761
f 5023 10485 2826
f 9741 117 10486
f 117 12404 10486
f 9742 10487 118
f 118 10487 12405
f 10488 8887 6987
f 1312 10488 6987
f 10489 6988 8888
f 1313 6988 10489
f 7100 10490 211
f 10490 8078 211
f 7101 212 10491
f 10491 212 8079
f 3073 10492 9743
f 9743 10492 10502
f 3074 9744 10493
f 9744 10503 10493
f 11089 3946 10494
f 10494 3946 6533
f 11090 10495 3947
f 10495 6534 3947
f 6701 141 10496
f 3453 6701 10496
f 6702 10497 142
f 3454 10497 6702
f 10498 7466 2303
f 8458 10991 2303
f 10499 2304 7467
f 8459 2304 10992
f 10500 7504 1264
f 3954 7504 10500
f 10501 1265 7505
f 3955 10501 7505
f 9743 10502 1668
f 1668 10502 5139
f 9744 1669 10503
f 1669 5140 10503
f 10504 298 2163
f 298 10504 10900
f 10505 2164 299
f 299 10901 10505
f 10506 11850 1079
f 7102 10506 1079
f 10507 1080 11851
f 7103 1080 10507
f 10508 2676 5375
f 2676 10508 5667
f 10509 5376 2677
f 2677 5668 10509
f 10510 127 6340
f 10510 6340 7649
f 10511 6341 128
f 10511 7650 6341
f 3202 10512 9162
f 10512 3202 4664
f 3203 9163 10513
f 10513 4665 3203
f 2163 298 10514
f 2163 10514 11284
f 2164 10515 299
f 2164 11285 10515
f 4081 10516 3780
f 10516 6763 3780
f 4082 3781 10517
f 10517 3781 6764
f 10518 3371 976
f 10518 976 9406
f 10519 977 3372
f 10519 9407 977
f 3982 10520 8144
f 9899 10520 3982
f 3983 8145 10521
f 9900 3983 10521
f 2161 10522 1945
f 10522 2161 7171
f 2162 1946 10523
f 10523 7172 2162
f 4716 9625 10524
f 10524 2515 4716
f 4717 10525 9626
f 10525 4717 2516
f 10526 10516 2761
f 10526 2761 5346
f 10527 2762 10517
f 10527 5347 2762
f 7770 5045 10528
f 10528 5045 8891
f 7771 10529 5046
f 10529 8892 5046
f 5689 10530 441
f 10542 10530 5689
f 5690 442 10531
f 10543 5690 10531
f 1078 10532 2154
f 10532 4784 2154
f 1078 2154 10533
f 10533 2154 4784
f 2696 5282 10534
f 5282 10074 10534
f 2697 10535 5283
f 5283 10535 10075
f 10536 5606 1648
f 1648 8252 10536
f 10537 1649 5607
f 1649 10537 8253
f 10538 5270 12259
f 10538 10550 2765
f 10539 12260 5271
f 10539 2766 10551
f 1939 10540 11181
f 1939 10528 10540
f 1940 11182 10541
f 1940 10541 10529
f 10542 1896 10530
f 5866 1896 10542
f 10543 10531 1897
f 5867 10543 1897
f 10544 10436 4041
f 10544 4041 10842
f 10545 4042 10437
f 10545 10843 4042
f 10924 3232 10546
f 10663 10546 3232
f 10925 10547 3233
f 10664 3233 10547
f 1266 10548 1674
f 5614 10548 1266
f 1267 1675 10549
f 5615 1267 10549
f 4433 1234 10550
f 12259 10550 10538
f 4434 10551 1235
f 12260 10539 10551
f 10552 2620 3385
f 7665 10552 3385
f 10553 3386 2621
f 7666 3386 10553
f 10554 4226 6771
f 9470 4226 10554
f 10555 6772 4227
f 9471 10555 4227
f 4523 10556 10544
f 10556 4523 12016
f 4524 10545 10557
f 10557 12017 4524
f 6190 10558 6717
f 6717 10558 3127
f 6191 6718 10559
f 6718 3128 10559
f 10560 1439 3867
f 10560 9861 1439
f 10561 3868 1440
f 10561 1440 9862
f 9889 10562 4145
f 10562 10188 4145
f 9890 4146 10563
f 10563 4146 10189
f 6879 10564 2140
f 10564 742 2140
f 6880 2141 10565
f 10565 2141 742
f 9789 11777 10566
f 9695 10566 3158
f 9790 10567 11778
f 9696 3159 10567
f 4107 10568 696
f 10568 7621 696
f 697 10569 4108
f 697 7622 10569
f 10570 10234 8060
f 2155 10234 10570
f 10571 8061 10235
f 2156 10571 10235
f 10572 4979 2258
f 8163 4979 10572
f 2259 4980 10573
f 10573 4980 8164
f 1060 1211 10574
f 1061 10574 1211
f 10450 5365 10575
f 5365 1529 10575
f 10451 10576 5366
f 5366 10576 1530
f 10577 6394 4971
f 10577 9176 6394
f 10578 4972 6395
f 10578 6395 9177
f 4499 5071 10579
f 6507 4499 10579
f 4500 10580 5072
f 6508 10580 4500
f 10581 2811 3696
f 2811 10581 7173
f 10582 3697 2812
f 2812 7174 10582
f 10583 4423 8402
f 10583 2161 4423
f 10584 8403 4424
f 10584 4424 2162
f 8322 10585 213
f 10585 5131 213
f 8323 214 10586
f 10586 214 5132
f 10587 5463 656
f 9777 5463 10587
f 10588 657 5464
f 9778 10588 5464
f 10589 6541 8050
f 12136 6541 10589
f 10590 8051 6542
f 12137 10590 6542
f 11110 10591 719
f 719 10591 7908
f 11111 720 10592
f 720 7909 10592
f 10593 5900 6945
f 10593 8878 5900
f 10594 6946 5901
f 10594 5901 8879
f 4385 5914 10595
f 5914 270 10595
f 4386 10596 5915
f 5915 10596 271
f 3634 10597 154
f 1182 10597 3634
f 3635 155 10598
f 1183 3635 10598
f 1423 4369 10599
f 4051 1423 12420
f 1424 10600 4370
f 4052 12421 1424
f 8622 10601 1022
f 10601 7209 1022
f 8623 1023 10602
f 10602 1023 7210
f 10603 6861 5075
f 6861 10603 2572
f 10604 5076 6862
f 6862 2573 10604
f 2570 6572 10605
f 732 2570 10605
f 2571 10606 6573
f 733 10606 2571
f 1539 10607 5944
f 1539 3560 10607
f 5944 10608 1539
f 10608 3561 1539
f 8269 10609 4321
f 4321 10609 7822
f 8270 4322 10610
f 4322 7823 10610
f 10611 6322 336
f 10611 4491 6322
f 10612 337 6323
f 10612 6323 4492
f 10613 433 3564
f 1696 11094 3564
f 10614 3565 434
f 1697 3565 11095
f 6093 11781 10615
f 10615 853 6093
f 6094 10616 11782
f 10616 6094 854
f 2519 3739 10617
f 4804 2519 10617
f 10618 3740 2520
f 10618 2520 4805
f 7181 7195 10619
f 10619 10116 7181
f 7182 10620 7196
f 10620 7182 10117
f 10621 2028 7211
f 10621 3178 2028
f 10622 7212 2029
f 10622 2029 3179
f 12360 3708 7936
f 12360 7936 309
f 12361 7937 3709
f 12361 310 7937
f 7683 10625 6293
f 10625 2977 6293
f 7684 6294 10626
f 10626 6294 2978
f 6168 10627 10639
f 6158 10627 6168
f 6169 10640 10628
f 6159 6169 10628
f 7217 10629 982
f 10629 8844 982
f 7218 983 10630
f 10630 983 8845
f 10643 10631 3640
f 165 10619 10631
f 10644 3641 10632
f 166 10632 10620
f 1044 5990 10633
f 1044 10633 2713
f 10634 5991 1045
f 2712 10634 1045
f 10635 5733 32
f 4824 10635 32
f 10636 33 5734
f 4825 33 10636
f 4090 1123 10637
f 10637 1123 7161
f 4091 10638 1124
f 10638 7162 1124
f 10639 3431 7179
f 6168 10639 7179
f 10640 7180 3432
f 6169 7180 10640
f 4874 10641 545
f 545 10641 11997
f 4875 546 10642
f 546 11998 10642
f 10643 2997 165
f 10631 10643 165
f 10644 166 2998
f 10632 166 10644
f 9110 10645 1101
f 1203 10645 9110
f 9111 1102 10646
f 1204 9111 10646
f 9841 10647 5421
f 9841 3552 10647
f 9842 5422 10648
f 9842 10648 3553
f 9314 10649 4195
f 4195 10649 219
f 9315 4196 10650
f 4196 220 10650
f 6745 1852 10651
f 1852 5600 10651
f 6746 10652 1853
f 1853 10652 5601
f 8806 10653 5435
f 5435 10653 4355
f 8807 5436 10654
f 5436 4356 10654
f 10643 10655 2997
f 10655 1496 2997
f 10644 2998 10656
f 10656 2998 1497
f 872 9805 10657
f 8215 872 10667
f 873 10658 9806
f 8216 10668 873
f 10659 2999 8587
f 10659 5439 2999
f 10660 8588 3000
f 10660 3000 5440
f 2748 9032 10661
f 7910 2748 10661
f 2749 10662 9033
f 7911 10662 2749
f 3232 5018 10663
f 9933 10663 5018
f 3233 10664 5019
f 9934 5019 10664
f 3802 10665 9318
f 10665 8800 9318
f 3803 9319 10666
f 10666 9319 8801
f 10667 872 10657
f 10657 4417 10667
f 10668 10658 873
f 10658 10668 4418
f 6410 4785 10669
f 4785 10850 10669
f 6411 10670 4786
f 4786 10670 10851
f 5469 10671 5461
f 8007 10671 5469
f 5470 5462 10672
f 8007 5470 10672
f 10673 10687 1236
f 4119 3747 10673
f 10674 1237 10688
f 4120 10674 3748
f 10675 4634 453
f 9265 4634 10675
f 10676 454 4635
f 9266 10676 4635
f 1478 10677 4516
f 12343 4516 10677
f 1478 4516 10678
f 12343 10678 4516
f 5415 8534 10679
f 2815 5415 10679
f 5416 10680 8535
f 2816 10680 5416
f 12219 3767 10681
f 10681 3767 12181
f 12220 10682 3768
f 10682 12182 3768
f 10683 10288 4762
f 10683 4762 9603
f 10684 9604 4763
f 10684 4763 10289
f 3550 10685 1383
f 10022 10685 12426
f 3551 1384 10686
f 10023 12427 10686
f 9247 10687 3747
f 3747 10687 10673
f 9248 3748 10688
f 3748 10674 10688
f 3602 10689 10699
f 2593 10689 3602
f 3603 10700 10690
f 2594 3603 10690
f 4059 6283 10691
f 8903 4059 10691
f 4060 10692 6284
f 8904 10692 4060
f 7631 5127 10693
f 10693 5127 9887
f 7632 10694 5128
f 10694 9888 5128
f 4051 6124 10695
f 4051 10695 1423
f 4052 10696 6125
f 4052 1424 10696
f 9769 10697 2465
f 5395 2465 10697
f 9770 2466 10698
f 5396 10698 2466
f 10699 1831 3443
f 10689 1831 10699
f 10700 3444 1832
f 10690 10700 1832
f 6803 10701 4852
f 3041 10701 6803
f 6804 4853 10702
f 3042 6804 10702
f 3232 5361 10703
f 8558 10703 5361
f 3233 10704 5362
f 8559 5362 10704
f 10705 3528 5776
f 10705 857 3528
f 10706 5777 3529
f 10706 3529 858
f 4063 10707 6448
f 10707 4063 7886
f 4064 6449 10708
f 10708 7887 4064
f 7148 431 10709
f 7148 10709 5156
f 7149 10710 432
f 7149 5157 10710
f 7355 10711 3851
f 11666 10711 8302
f 7356 3852 10712
f 11667 8303 10712
f 10713 5065 2447
f 10713 2447 10342
f 10714 2448 5066
f 10714 10343 2448
f 1544 9947 10715
f 1544 10715 4527
f 1545 10716 9948
f 1545 4528 10716
f 10717 12114 3043
f 10717 3043 8100
f 10718 3044 12115
f 10718 8101 3044
f 10709 10719 5156
f 6719 5156 10719
f 10710 5157 10720
f 6720 10720 5157
f 10707 10721 1115
f 10721 103 1115
f 10708 1116 10722
f 10722 1116 104
f 10723 4489 3449
f 706 4489 10723
f 10724 3450 4490
f 707 10724 4490
f 9287 1454 10725
f 11840 1454 11193
f 9288 10726 1455
f 11841 11194 1455
f 6674 10727 938
f 6674 3109 10727
f 6675 939 10728
f 6675 10728 3110
f 10729 3419 5687
f 5687 2554 10729
f 10730 5688 3420
f 5688 10730 2555
f 874 2883 10731
f 10743 10186 10731
f 874 10732 2883
f 10743 10732 10187
f 7708 10733 5298
f 10733 34 5298
f 7709 5299 10734
f 10734 5299 35
f 10735 7736 7728
f 7736 10735 3847
f 10736 7729 7737
f 7737 3848 10736
f 10737 3377 8802
f 3377 10737 5932
f 10738 8803 3378
f 3378 5933 10738
f 2638 4069 10739
f 10436 2638 10739
f 2639 10740 4070
f 10437 10740 2639
f 4911 1829 10741
f 9815 4911 10741
f 4912 10742 1830
f 9816 10742 4912
f 2883 10732 10743
f 2883 10743 10731
f 5563 10744 9497
f 92 10744 5563
f 5564 9498 10745
f 93 5564 10745
f 2186 10746 3512
f 2186 5639 10746
f 2187 3513 10747
f 2187 10747 5640
f 133 1178 10748
f 10748 1178 3083
f 134 10749 1179
f 10749 3084 1179
f 10750 185 1688
f 185 10750 10760
f 10751 1689 186
f 186 10761 10751
f 5303 10752 6310
f 6310 10752 2618
f 6311 10753 5302
f 2619 10753 6311
f 9929 5006 10754
f 5006 6881 10754
f 9930 10755 5007
f 5007 10755 6882
f 553 10756 4016
f 10756 553 7023
f 554 4017 10757
f 10757 7024 554
f 4830 10758 2006
f 5503 10758 4830
f 4831 2007 10759
f 5504 4831 10759
f 5417 10760 10750
f 8460 10760 5417
f 5418 10751 10761
f 8461 5418 10761
f 10762 3334 10076
f 7700 3334 10762
f 10763 10077 3335
f 7701 10763 3335
f 8986 10764 903
f 3723 10764 8986
f 8987 904 10765
f 3724 8987 10765
f 11575 11563 10766
f 10766 10266 11575
f 11576 10767 11564
f 10767 11576 10267
f 596 10768 4483
f 4483 10768 2042
f 597 4484 10769
f 4484 2043 10769
f 5967 449 10770
f 4131 10770 449
f 5968 10771 450
f 4132 450 10771
f 10772 3348 2922
f 2922 10482 10772
f 10773 2923 3349
f 2923 10773 10483
f 10774 890 9907
f 10370 890 10774
f 10775 9908 891
f 10371 10775 891
f 4943 10776 2425
f 10776 11292 2425
f 4944 2426 10777
f 10777 2426 11293
f 10778 5715 3192
f 2427 5715 10778
f 10779 3193 5716
f 2428 10779 5716
f 2497 8254 10780
f 2497 10780 7776
f 2498 10781 8255
f 2498 7777 10781
f 1537 10782 8976
f 6090 8976 10782
f 1538 8977 10783
f 6091 10783 8977
f 10691 10784 2345
f 10784 8342 2345
f 10692 2346 10785
f 10785 2346 8343
f 10224 2216 10786
f 10786 2216 2254
f 10225 10787 2217
f 10787 2255 2217
f 7300 10788 1748
f 10788 5385 1748
f 7301 1749 10789
f 10789 1749 5386
f 10790 5759 2054
f 10790 2054 5030
f 10791 2055 5760
f 10791 5031 2055
f 3684 10792 7228
f 3684 1186 10792
f 3685 7229 10793
f 3685 10793 1187
f 3642 10558 10794
f 3642 10794 547
f 3643 10795 10559
f 3643 548 10795
f 10796 6176 9392
f 6176 10796 8690
f 10797 9393 6177
f 6177 8691 10797
f 619 10798 6941
f 3554 10798 619
f 620 6942 10799
f 3555 620 10799
f 10800 10788 7300
f 7300 4702 10800
f 10801 7301 10789
f 7301 10801 4703
f 10802 5743 10512
f 311 5743 10802
f 10803 10513 5744
f 312 10803 5744
f 10804 4505 10816
f 4505 10804 5014
f 10805 10817 4506
f 4506 5015 10805
f 4652 10806 6564
f 4652 9444 10806
f 4653 6565 10807
f 4653 10807 9445
f 10808 4252 2142
f 10808 121 12167
f 10809 2143 4253
f 10809 12168 122
f 1308 10810 4387
f 10810 10182 4387
f 1309 4388 10811
f 10811 4388 10183
f 6488 10812 191
f 9949 10812 6488
f 192 10813 6489
f 6489 10813 9950
f 1955 10814 5465
f 10814 3964 5465
f 1956 5466 10815
f 10815 5466 3965
f 10816 4951 10804
f 10816 10130 4951
f 10817 10805 4952
f 10817 4952 10131
f 6546 10818 2987
f 2987 10818 7349
f 6547 2988 10819
f 2988 7350 10819
f 10820 11456 6040
f 11631 10820 6040
f 10821 6041 11457
f 11632 6041 10821
f 769 4957 10822
f 10834 769 10822
f 770 10823 4958
f 10835 10823 770
f 6255 10824 204
f 12052 10824 6255
f 6256 205 10825
f 12053 6256 10825
f 877 4341 10826
f 4341 5679 10826
f 878 10827 4342
f 4342 10827 5680
f 5906 10828 2355
f 5906 10390 10828
f 5907 2356 10829
f 5907 10829 10391
f 10830 5544 1938
f 1332 5544 10830
f 10831 1938 5545
f 1333 10831 5545
f 7724 928 10832
f 928 7110 10832
f 7725 10833 929
f 929 10833 7111
f 10822 4764 10834
f 1535 10834 4764
f 10823 10835 4765
f 1536 4765 10835
f 3682 10836 498
f 11874 10836 3682
f 3683 499 10837
f 11875 3683 10837
f 1656 12388 10838
f 5874 9464 10838
f 1657 10839 12389
f 5875 10839 9465
f 9164 195 10840
f 10840 195 3091
f 9165 10841 196
f 10841 3092 196
f 10842 2445 1920
f 10842 1920 2609
f 10843 1921 2446
f 10843 2610 1921
f 4049 3604 10844
f 457 10844 3604
f 4050 10845 3605
f 458 3605 10845
f 10846 8666 1872
f 743 8666 10846
f 10847 1873 8667
f 744 10847 8667
f 3794 2439 10848
f 2439 6983 10848
f 3795 10849 2440
f 2440 10849 6984
f 4785 5820 10850
f 10850 5820 8719
f 4786 10851 5821
f 10851 8720 5821
f 1214 10852 3250
f 5004 10852 1214
f 1215 3251 10853
f 5005 1215 10853
f 1036 5852 10854
f 10854 5852 1980
f 1037 10855 5853
f 10855 1981 5853
f 10856 7048 11294
f 644 7048 10856
f 10857 11295 7049
f 645 10857 7049
f 9152 10858 2873
f 2873 10858 8116
f 9153 2874 10859
f 2874 8117 10859
f 302 3538 10860
f 3538 5826 10860
f 302 10861 3538
f 3538 10861 5827
f 6046 10862 988
f 10862 4584 988
f 6047 989 10863
f 10863 989 4585
f 10864 280 3105
f 3105 11973 10864
f 10865 3106 281
f 3106 10865 11974
f 10866 5334 7483
f 9781 5334 10866
f 10867 7484 5335
f 9782 10867 5335
f 6020 10868 4836
f 4836 10868 5180
f 6021 4837 10869
f 4837 5181 10869
f 7270 10870 2030
f 10870 3520 2030
f 7271 2031 10871
f 10871 2031 3521
f 1258 10872 1770
f 1258 5567 10872
f 1259 1771 10873
f 1259 10873 5568
f 6464 10874 5002
f 10874 8830 5002
f 6465 5003 10875
f 10875 5003 8831
f 8832 229 10876
f 9733 8832 10876
f 8833 10877 230
f 9734 10877 8833
f 3678 10878 940
f 10890 940 10878
f 3679 941 10879
f 10891 10879 941
f 4355 2881 10880
f 10880 2881 12229
f 4356 10881 2882
f 10881 12230 2882
f 2969 4602 10882
f 1616 2969 12455
f 2970 10883 4603
f 1617 12456 2970
f 10896 10884 7688
f 4577 6881 10884
f 10897 7689 10885
f 4578 10885 6882
f 10886 7948 11290
f 7934 7948 10886
f 10887 11291 7949
f 7935 10887 7949
f 10888 1797 6668
f 1797 10888 12058
f 10889 6669 1798
f 1798 12059 10889
f 10890 6133 3464
f 6133 10890 10878
f 10891 3465 6134
f 6134 10879 10891
f 10892 6438 3087
f 3087 8646 10892
f 10893 3088 6439
f 3088 10893 8647
f 10894 1813 8179
f 10894 8179 5749
f 10895 8180 1814
f 10895 5750 8180
f 10896 4577 10884
f 1624 4577 10896
f 10897 10885 4578
f 1625 10897 4578
f 10898 3568 5158
f 4053 10898 5158
f 10899 5159 3569
f 4054 5159 10899
f 10900 2783 8444
f 8444 34 10900
f 10901 8445 2784
f 8445 10901 35
f 9267 3666 10902
f 10902 3666 11828
f 9268 10903 3667
f 10903 11829 3667
f 1158 4161 10904
f 6652 1158 10904
f 1159 10905 4162
f 6653 10905 1159
f 8440 3886 10906
f 10906 11637 8440
f 8441 10907 3887
f 10907 8441 11638
f 8183 10908 3782
f 8183 1268 10908
f 8184 3783 10909
f 8184 10909 1269
f 2550 10910 395
f 4680 10910 2550
f 2551 396 10911
f 4681 2551 10911
f 1900 10912 5121
f 10912 1900 6151
f 1901 5122 10913
f 10913 6152 1901
f 5391 4630 10914
f 5391 10914 6745
f 5392 10915 4631
f 5392 6746 10915
f 10916 1972 5755
f 10158 1972 10916
f 10917 5756 1973
f 10159 10917 1973
f 6346 246 10918
f 8040 6346 10918
f 6347 10919 247
f 8041 10919 6347
f 3784 8320 10920
f 4437 3784 10920
f 3785 10921 8321
f 4438 10921 3785
f 397 10922 8599
f 8599 10922 3439
f 8600 10923 398
f 3440 10923 8600
f 2642 10924 8774
f 8774 10924 11717
f 2643 8775 10925
f 8775 11718 10925
f 6871 5610 10926
f 4700 6871 10926
f 6872 10927 5611
f 4701 10927 6872
f 4473 10928 2479
f 2479 10928 6855
f 4474 2480 10929
f 2480 6856 10929
f 9709 10930 8852
f 5083 8852 10930
f 9710 8853 10931
f 5084 10931 8853
f 4654 10932 7890
f 10932 2391 7890
f 4655 7891 10933
f 10933 7891 2392
f 10934 4109 11191
f 5782 4109 10934
f 10935 11192 4110
f 5783 10935 4110
f 10936 7316 630
f 2906 10936 630
f 10937 631 7317
f 2907 631 10937
f 3 6132 10938
f 3 10938 6131
f 3628 3613 10939
f 3613 12502 10939
f 3629 10940 3614
f 3614 10940 12503
f 10941 5238 8036
f 8954 5238 10941
f 10942 8037 5239
f 8955 10942 5239
f 9509 10943 3472
f 10943 810 3472
f 9510 3473 10944
f 10944 3473 811
f 576 156 10945
f 10945 156 7766
f 577 10946 157
f 10946 7767 157
f 3346 7215 10947
f 10947 9759 3346
f 3347 10948 7216
f 10948 3347 9760
f 10949 2787 6905
f 9106 11340 10949
f 10950 6906 2788
f 9107 10950 11341
f 5306 10951 10962
f 10951 7788 2109
f 5307 10963 10952
f 10952 2110 7789
f 10802 10953 311
f 311 10953 8258
f 10803 312 10954
f 312 8259 10954
f 10955 5823 399
f 10955 399 5822
f 10956 8150 828
f 5123 10956 828
f 10957 829 8151
f 5124 829 10957
f 10958 1868 84
f 10958 5992 1868
f 10959 85 1869
f 10959 1869 5993
f 10094 10960 4222
f 4208 4222 10960
f 10095 4223 10961
f 4209 10961 4223
f 10962 10951 2109
f 2109 9871 10962
f 10963 2110 10952
f 2110 10963 9872
f 10964 4303 905
f 9138 10964 905
f 10965 906 4304
f 9139 906 10965
f 2888 11312 10966
f 2888 10966 11676
f 2889 10967 11313
f 2889 11677 10967
f 6496 10968 9980
f 6496 12463 10968
f 6497 9981 10969
f 6497 10969 12464
f 10956 10970 8150
f 8150 10970 4860
f 10957 8151 10971
f 8151 4861 10971
f 10972 3352 4878
f 10972 4878 3542
f 10973 4879 3353
f 10973 3543 4879
f 8676 10974 2182
f 8676 1760 10974
f 8677 2183 10975
f 8677 10975 1761
f 644 4977 10976
f 10976 4977 6388
f 645 10977 4978
f 10977 6389 4978
f 6511 2473 10978
f 10978 2473 3660
f 6512 10979 2474
f 10979 3661 2474
f 6959 2159 10980
f 10980 5075 6959
f 6960 10981 2160
f 10981 6960 5076
f 7201 10982 2841
f 2841 10982 2120
f 7202 2842 10983
f 2842 2121 10983
f 9503 10984 3152
f 3152 10984 10974
f 9504 3153 10985
f 3153 10975 10985
f 2119 6665 10986
f 2119 10986 6664
f 10987 5099 11854
f 5099 10987 3252
f 10988 11855 5100
f 5100 3253 10988
f 8016 10989 451
f 10989 9106 451
f 8017 452 10990
f 10990 452 9107
f 7538 10498 10991
f 10498 2303 10991
f 7539 10992 10499
f 10499 10992 2304
f 2672 10993 7388
f 7388 10993 4197
f 2673 7389 10994
f 7389 4198 10994
f 2919 447 10995
f 447 6943 10995
f 2920 10996 448
f 448 10996 6944
f 10997 315 3140
f 11009 10997 9158
f 10998 3141 316
f 11010 9159 10998
f 9094 2536 10999
f 1652 10999 2536
f 9095 11000 2537
f 1653 2537 11000
f 11001 6307 6879
f 6307 11001 6186
f 11002 6880 6307
f 6307 6187 11002
f 5340 3441 11003
f 5340 11003 1048
f 5341 11004 3442
f 5341 1049 11004
f 11005 3381 500
f 500 7416 11005
f 11006 501 3382
f 501 11006 7417
f 894 11007 8982
f 11482 11007 894
f 895 8983 11008
f 11483 895 11008
f 9217 315 11009
f 315 10997 11009
f 9218 11010 316
f 316 11010 10998
f 11011 8534 362
f 7774 11011 362
f 11012 363 8535
f 7775 363 11012
f 11003 350 11013
f 350 5111 11013
f 11004 11014 351
f 351 11014 5112
f 5061 2509 11015
f 9557 5061 11015
f 5062 11016 2510
f 9558 11016 5062
f 2753 4307 11017
f 6354 11017 4307
f 2754 11018 4308
f 6355 4308 11018
f 2433 11019 5998
f 9188 11019 2433
f 2434 5999 11020
f 9189 2434 11020
f 5242 12201 11021
f 11021 3172 8219
f 5243 11022 12202
f 11022 8219 3173
f 2831 1260 11023
f 11023 1260 7220
f 2832 11024 1261
f 11024 7221 1261
f 3457 8193 11025
f 12522 8725 3457
f 3458 11026 8194
f 12523 3458 8726
f 4808 11027 1898
f 11027 10130 1898
f 4809 1899 11028
f 11028 1899 10131
f 11029 457 3604
f 11029 11791 457
f 11030 3605 458
f 11030 458 11792
f 11031 4375 6168
f 4375 11031 9208
f 11032 6169 4376
f 4376 9209 11032
f 5351 1429 11033
f 3620 5351 11033
f 5352 11034 1430
f 3621 11034 5352
f 11035 9845 6235
f 4206 11035 6235
f 11036 6236 9846
f 4207 6236 11036
f 10822 6570 11037
f 4153 11037 6570
f 10823 11038 6571
f 4154 6571 11038
f 7924 11039 740
f 11039 7924 11051
f 7925 741 11040
f 11040 11052 7925
f 11041 4742 7726
f 4742 11041 11965
f 11042 7727 4743
f 4743 11966 11042
f 4337 5769 11043
f 5769 11031 11043
f 4338 11044 5770
f 5770 11044 11032
f 7584 6209 11045
f 3733 11045 6209
f 7585 11046 6210
f 3734 6210 11046
f 6625 11047 4206
f 4206 11047 11035
f 6626 4207 11048
f 4207 11036 11048
f 9040 11049 1212
f 12305 11049 9040
f 9041 1213 11050
f 12306 9041 11050
f 662 11051 8420
f 11039 11051 662
f 663 8421 11052
f 11040 663 11052
f 4493 11053 4688
f 11053 3526 4688
f 4494 4689 11054
f 11054 4689 3527
f 11055 6200 2614
f 760 6200 11055
f 11056 2615 6201
f 760 11056 6201
f 57 6326 11057
f 57 11057 2696
f 58 11058 6327
f 58 2697 11058
f 6386 8749 11059
f 11059 9370 6386
f 6387 11060 8750
f 11060 6387 9371
f 4000 10390 11061
f 11061 9024 4000
f 4001 11062 10391
f 11062 4001 9025
f 1342 4407 11063
f 11063 1056 12410
f 1343 11064 4408
f 11064 12411 1057
f 11065 7714 2244
f 7714 11065 2523
f 11066 2245 7715
f 7715 2524 11066
f 8248 2170 11067
f 2170 6857 11067
f 8249 11068 2171
f 2171 11068 6858
f 6388 1610 11069
f 11069 1610 7278
f 6389 11070 1611
f 11070 7279 1611
f 2911 7222 11071
f 1062 11071 7222
f 2912 11072 7223
f 1063 7223 11072
f 8209 11073 1785
f 11073 463 1785
f 8210 1786 11074
f 11074 1786 464
f 7314 11075 1409
f 11075 5751 1409
f 7315 1410 11076
f 11076 1410 5752
f 1984 11077 397
f 397 11077 10922
f 398 11078 1985
f 10923 11078 398
f 4367 9257 11079
f 9257 11545 11079
f 4368 11080 9258
f 9258 11080 11546
f 11081 8248 1754
f 8248 11081 2170
f 11082 1755 8249
f 8249 2171 11082
f 12147 4201 11083
f 9823 11083 4201
f 12148 11084 4202
f 9824 4202 11084
f 1087 11085 7278
f 1087 4728 11085
f 1088 7279 11086
f 1088 11086 4729
f 3879 9386 11087
f 6324 3879 11087
f 3880 11088 9387
f 6325 11088 3880
f 9831 2264 11089
f 9831 11089 621
f 9832 11090 2265
f 9832 622 11090
f 1558 6170 11091
f 7090 1558 11091
f 1559 11092 6171
f 7091 11092 1559
f 1507 38 11093
f 1506 11093 38
f 3564 11094 10613
f 11094 3272 10613
f 3565 10614 11095
f 11095 10614 3273
f 11096 7036 932
f 11096 2150 7036
f 11097 933 7037
f 11097 7037 2151
f 11098 909 9579
f 11098 9719 909
f 11099 9580 910
f 11099 910 9720
f 2835 11100 6014
f 4487 11619 2835
f 2836 6015 11101
f 4488 2836 11620
f 3433 6297 11102
f 11102 2668 3433
f 3434 11103 6298
f 11103 3434 2669
f 623 11104 12432
f 10184 11104 623
f 624 12433 11105
f 10185 624 11105
f 3749 11106 10098
f 9491 11106 3749
f 3750 10099 11107
f 9492 3750 11107
f 7822 3668 11108
f 3765 11108 3668
f 7823 11109 3669
f 3766 3669 11109
f 4008 461 11110
f 5439 4008 11110
f 4009 11111 462
f 5440 11111 4009
f 5671 11112 6482
f 11112 5087 6482
f 5672 6483 11113
f 11113 6483 5088
f 4327 11114 467
f 11114 3381 467
f 4328 468 11115
f 11115 468 3382
f 11116 2734 4949
f 2734 11116 4529
f 11117 4950 2735
f 2735 4530 11117
f 2113 11118 4541
f 11118 7805 4541
f 2114 4542 11119
f 11119 4542 7806
f 292 6576 11120
f 11120 6576 2004
f 293 11121 6577
f 11121 2005 6577
f 4971 11122 2357
f 11122 3702 2357
f 4972 2358 11123
f 11123 2358 3703
f 11112 11124 5087
f 5087 11124 1817
f 11113 5088 11125
f 1818 11125 5088
f 2234 11126 3140
f 11126 2234 8876
f 2235 3141 11127
f 11127 8877 2235
f 1998 11128 6147
f 11128 8130 6147
f 1999 6148 11129
f 11129 6148 8131
f 8786 5413 11130
f 5413 3135 11130
f 8787 11131 5414
f 5414 11131 3136
f 11132 4909 2401
f 2401 11143 11132
f 11133 2402 4910
f 2402 11133 11144
f 11134 6546 3363
f 5741 11134 3363
f 11135 3364 6547
f 5742 3364 11135
f 7013 3160 11136
f 2630 11136 3160
f 7014 11137 3161
f 2631 3161 11137
f 9653 11138 1612
f 11138 8068 1612
f 9654 1613 11139
f 11139 1613 8069
f 10078 11140 2487
f 3933 2487 11140
f 10079 2488 11141
f 3934 11141 2488
f 11142 9481 378
f 11142 378 9480
f 2401 1570 11143
f 1570 11227 11143
f 2402 11144 1571
f 1571 11144 11228
f 11145 5938 6072
f 5938 11145 1670
f 11146 6073 5939
f 5939 1671 11146
f 7422 11147 202
f 7422 5794 11147
f 7423 203 11148
f 7423 11148 5795
f 8818 6835 11149
f 11149 6835 11975
f 8819 11150 6836
f 11150 11976 6836
f 8030 11151 7722
f 7722 11151 690
f 8031 7723 11152
f 7723 691 11152
f 10350 11153 2807
f 296 2807 11153
f 10351 2808 11154
f 297 11154 2808
f 5772 3923 11155
f 6406 11155 3923
f 5773 11156 3924
f 6407 3924 11156
f 11167 11157 6558
f 11157 1419 5673
f 11168 6559 11158
f 11158 5674 1420
f 11159 11864 2157
f 11169 2157 303
f 11160 2158 11865
f 11170 304 2158
f 11161 5782 2855
f 496 11161 2855
f 11162 2856 5783
f 497 2856 11162
f 11163 5653 3314
f 11163 660 5653
f 11164 3315 5654
f 11164 5654 661
f 2266 11165 258
f 7152 258 11165
f 2267 259 11166
f 7153 11166 259
f 11157 11167 1419
f 11167 5665 1419
f 11158 1420 11168
f 11168 1420 5666
f 11169 4662 11159
f 2157 11169 11159
f 11170 11160 4663
f 2158 11160 11170
f 9779 11171 167
f 167 11171 9897
f 9780 168 11172
f 168 9898 11172
f 7952 4028 11173
f 4028 9919 11173
f 7953 11174 4029
f 4029 11174 9920
f 11175 3798 2289
f 11175 2289 8644
f 11176 2290 3799
f 11176 8645 2290
f 7704 532 11177
f 11177 532 6376
f 7705 11178 533
f 11178 6377 533
f 1570 4175 11179
f 11498 4175 9452
f 1571 11180 4176
f 11499 9453 4176
f 12486 6194 11181
f 1939 11181 6194
f 12487 11182 6195
f 1940 6195 11182
f 11183 1168 7510
f 11183 7510 2377
f 11184 7511 1169
f 11184 2378 7511
f 11185 9567 2089
f 7332 9567 11185
f 11186 2090 9568
f 7332 11186 9568
f 2417 765 11187
f 765 5168 11187
f 2418 11188 766
f 766 11188 5169
f 11189 9450 3592
f 11189 3592 8126
f 11190 3593 9451
f 11190 8127 3593
f 6404 10934 11191
f 366 6404 11191
f 6405 11192 10935
f 367 11192 6405
f 88 1582 11193
f 1582 11840 11193
f 89 11194 1583
f 1583 11194 11841
f 11195 9188 2433
f 2126 9188 11195
f 11196 2434 9189
f 2127 11196 9189
f 582 7322 11197
f 582 11197 6939
f 583 11198 7323
f 583 6940 11198
f 2313 11199 2793
f 2793 11199 7374
f 2314 2794 11200
f 2794 7375 11200
f 12221 11201 2656
f 8012 2656 11201
f 12222 2657 11202
f 8013 11202 2657
f 1483 11203 3530
f 11203 1483 9663
f 1484 3531 11204
f 11204 9664 1484
f 11205 8518 936
f 8518 11205 10226
f 11206 937 8519
f 8519 10227 11206
f 4943 2425 11207
f 4943 11207 5471
f 4944 11208 2426
f 4944 5472 11208
f 4032 11209 8211
f 11209 11221 7667
f 4033 8212 11210
f 11210 7668 11222
f 4688 3526 11211
f 11211 3526 8410
f 4689 11212 3527
f 11212 8411 3527
f 11213 1976 4453
f 8146 11213 4453
f 11214 4454 1977
f 8147 4454 11214
f 8719 12514 11215
f 11215 2591 3698
f 8720 11216 12515
f 11216 3699 2592
f 6608 839 11217
f 11217 11930 9627
f 6609 11218 840
f 11218 9628 11931
f 11219 6249 10852
f 6249 11219 9279
f 11220 10853 6250
f 6250 9280 11220
f 8340 11221 4032
f 4032 11221 11209
f 8341 4033 11222
f 4033 11210 11222
f 8355 2915 11223
f 6707 8355 11223
f 8356 11224 2916
f 6708 11224 8356
f 9239 6034 11225
f 6012 9239 11225
f 9240 11226 6035
f 6013 11226 9240
f 11227 5433 11143
f 3642 5433 11227
f 11228 11144 5434
f 3643 11228 5434
f 7864 11229 8122
f 7864 7479 11229
f 7865 8123 11230
f 7865 11230 7480
f 3710 11231 5912
f 5383 11231 3710
f 3711 5913 11232
f 5384 3711 11232
f 8834 3286 11233
f 3286 11243 11233
f 8835 11234 3287
f 3287 11234 11244
f 5039 11235 8731
f 7886 11235 5039
f 5040 8732 11236
f 7887 5040 11236
f 10058 4503 11237
f 5375 11237 4503
f 10059 11238 4504
f 5376 4504 11238
f 11239 10196 7588
f 11239 7588 9478
f 11240 7589 10197
f 11240 9479 7589
f 2839 11241 9787
f 11241 2839 305
f 2840 9788 11242
f 11242 306 2840
f 11243 3298 11233
f 11243 917 3298
f 11244 11234 3299
f 11244 3299 918
f 11245 1614 6644
f 5453 11245 6644
f 11246 6645 1615
f 5454 6645 11246
f 7080 1986 11247
f 11247 1986 5208
f 7081 11248 1987
f 11248 5209 1987
f 2837 11249 5713
f 11249 2837 11261
f 2838 5714 11250
f 11250 11262 2838
f 4662 1842 11251
f 11159 4662 11251
f 4663 11252 1843
f 11160 11252 4663
f 8020 11253 796
f 11253 3344 796
f 8021 797 11254
f 11254 797 3345
f 11255 6326 3896
f 6326 11255 11057
f 11256 3897 6327
f 6327 11058 11256
f 1982 11257 453
f 3737 11257 1982
f 1983 454 11258
f 3738 1983 11258
f 4550 11247 12056
f 4550 12056 1963
f 4551 12057 11248
f 4551 1964 12057
f 1121 11261 2837
f 11261 1121 3336
f 1122 2838 11262
f 11262 3337 1122
f 11263 1750 5963
f 11263 1264 1750
f 11264 5964 1751
f 11264 1751 1265
f 4973 3879 11265
f 4973 11265 10665
f 4974 11266 3880
f 4974 10666 11266
f 3624 11267 4371
f 11267 12128 3998
f 3625 4372 11268
f 11268 3999 12129
f 317 2898 11269
f 11269 10422 317
f 318 11270 2899
f 11270 318 10423
f 181 11271 7021
f 2728 7021 11271
f 182 7022 11272
f 2729 11272 7022
f 11273 7390 3700
f 11273 3700 4167
f 11274 3701 7391
f 11274 4168 3701
f 4193 11275 9008
f 11275 1405 9008
f 4194 9009 11276
f 11276 9009 1406
f 3503 11277 514
f 3502 514 11277
f 3238 6775 11278
f 3238 11278 8798
f 3239 11279 6776
f 3239 8799 11279
f 12185 11280 1168
f 1168 11280 7510
f 12186 1169 11281
f 1169 7511 11281
f 11282 2612 1058
f 11282 7169 2612
f 11283 1059 2613
f 11283 2613 7170
f 10514 5965 11284
f 5965 4413 11284
f 10515 11285 5966
f 5966 11285 4414
f 11286 4722 11298
f 12496 5987 4722
f 11287 11299 4723
f 12497 4723 5988
f 11288 2930 10685
f 8741 2930 11288
f 11289 10686 2931
f 8742 11289 2931
f 12271 11290 4471
f 4471 11290 7948
f 12272 4472 11291
f 4472 7949 11291
f 2010 2425 11292
f 2010 11292 10122
f 2011 11293 2426
f 2011 10123 11293
f 3057 7092 11510
f 3057 11510 1596
f 3058 11511 7093
f 3058 1597 11511
f 11296 4562 3815
f 3815 7199 11296
f 11297 3816 4563
f 3816 11297 7200
f 4722 1293 11298
f 11298 1293 8290
f 4723 11299 1294
f 11299 8291 1294
f 11310 11300 7580
f 3061 4383 11300
f 11311 7581 11301
f 3062 11301 4384
f 9448 11302 7256
f 7256 11302 3077
f 9449 7257 11303
f 7257 3078 11303
f 7092 920 11304
f 11304 11294 7092
f 7093 11305 921
f 11305 7093 11295
f 11306 11701 8466
f 6646 517 11306
f 11307 8467 11702
f 6647 11307 518
f 5818 4971 11308
f 5818 11308 8068
f 5819 11309 4972
f 5819 8069 11309
f 3061 11300 11310
f 10016 3061 11310
f 3062 11311 11301
f 10017 11311 3062
f 1054 8498 11312
f 1054 11312 6594
f 11313 8499 1055
f 6595 11313 1055
f 1446 11314 9310
f 11314 1446 9273
f 1447 9311 11315
f 11315 9274 1447
f 1136 7663 11316
f 1136 11316 8751
f 1137 11317 7664
f 1137 8752 11317
f 6592 7828 11318
f 5043 11318 7828
f 6593 11319 7829
f 5044 7829 11319
f 8660 3907 11320
f 11320 2307 8660
f 8661 11321 3908
f 11321 8661 2308
f 1287 7084 11322
f 11322 7084 3966
f 1288 11323 7085
f 11323 3967 7085
f 11324 5896 4313
f 4313 6285 11324
f 11325 4314 5897
f 4314 11325 6286
f 8941 11456 11326
f 8941 11326 2775
f 8942 11327 11457
f 8942 2776 11327
f 755 5041 11328
f 187 755 11328
f 756 11329 5042
f 188 11329 756
f 2871 379 11330
f 11330 379 5369
f 2872 11331 380
f 11331 5370 380
f 4244 11332 9659
f 4244 10912 11332
f 4245 9660 11333
f 4245 11333 10913
f 1144 11334 6789
f 6102 11334 1144
f 1145 6790 11335
f 6103 1145 11335
f 10206 11336 4038
f 11336 6664 4038
f 10207 4039 11337
f 11337 4039 6665
f 4590 11338 4872
f 4590 9241 11338
f 4591 4873 11339
f 4591 11339 9242
f 4888 2787 11340
f 10949 11340 2787
f 4889 11341 2788
f 10950 2788 11341
f 2042 11342 4495
f 2032 11342 2042
f 2043 4496 11343
f 2033 2043 11343
f 4624 11344 10878
f 4624 962 11344
f 4625 10879 11345
f 4625 11345 963
f 5419 11346 6102
f 6102 11346 11334
f 5420 6103 11347
f 6103 11335 11347
f 7704 4638 11348
f 11348 7718 7704
f 7705 11349 4639
f 11349 7705 7719
f 11350 2861 3360
f 11350 6062 2861
f 3361 2862 11351
f 2862 6063 11351
f 11352 1433 6420
f 3202 1433 11352
f 11353 6421 1434
f 3203 11353 1434
f 3751 11354 680
f 2845 680 11354
f 3752 681 11355
f 2846 11355 681
f 8960 9229 11356
f 8972 8960 11356
f 8961 11357 9230
f 8973 11357 8961
f 4092 5880 11358
f 4092 11358 5881
f 3156 11359 7641
f 11359 3156 5447
f 3157 7642 11360
f 11360 5448 3157
f 11140 11361 3933
f 5515 3933 11361
f 11141 3934 11362
f 5516 11362 3934
f 9677 11363 3727
f 2495 11369 11363
f 9678 3728 11364
f 2496 11364 11370
f 6951 2341 11365
f 9996 11365 2341
f 6952 11366 2342
f 9997 2342 11366
f 11367 9986 10384
f 3059 11367 10384
f 11368 10385 9987
f 3060 10385 11368
f 11369 3727 11363
f 11369 6440 3727
f 11370 11364 3728
f 11370 3728 6441
f 11371 9468 6261
f 4149 11371 6261
f 11372 6262 9469
f 4150 6262 11372
f 7372 1032 11373
f 9970 7372 11373
f 7373 11374 1033
f 9971 11374 7373
f 4949 4856 11375
f 1058 4949 11375
f 4950 11376 4857
f 1059 11376 4950
f 11377 10052 2632
f 11377 2632 2240
f 11378 2633 10053
f 11378 2241 2633
f 7280 11379 790
f 11379 10703 790
f 7281 791 11380
f 11380 791 10704
f 11381 4694 9879
f 1510 4694 11381
f 11382 9880 4695
f 1511 11382 4695
f 11383 9374 1821
f 11383 1821 9535
f 11384 1822 9375
f 11384 9536 1822
f 11385 137 5328
f 7130 137 11385
f 11386 5329 138
f 7131 11386 138
f 10166 11387 4510
f 11387 11926 4510
f 10167 4511 11388
f 11388 4511 11927
f 11389 1588 9507
f 11389 4672 1588
f 11390 9508 1589
f 11390 1589 4673
f 9088 11391 8508
f 8508 11391 1474
f 9089 8509 11392
f 8509 1475 11392
f 3502 5485 11393
f 3502 11393 514
f 3503 11394 5486
f 3503 514 11394
f 11395 2250 5089
f 11395 5089 7007
f 11396 5090 2251
f 11396 7008 5090
f 11397 9531 1598
f 8723 11397 1598
f 11398 1599 9532
f 8724 1599 11398
f 6 11399 9910
f 6 9909 11399
f 8488 11400 920
f 7424 920 11400
f 8489 921 11401
f 7425 11401 921
f 4710 11402 11389
f 4040 11402 4710
f 4711 11390 11403
f 4040 4711 11403
f 2730 794 11404
f 11404 794 7653
f 2731 11405 795
f 11405 7654 795
f 352 6586 11406
f 352 11406 6587
f 6825 11407 400
f 400 11407 11318
f 6826 401 11408
f 401 11319 11408
f 11409 10677 1478
f 4507 11409 1478
f 11410 1478 10678
f 4507 1478 11410
f 11411 439 1504
f 8269 11411 1504
f 11412 1505 440
f 8270 1505 11412
f 11906 11413 8454
f 11413 5643 8454
f 11907 8455 11414
f 11414 8455 5644
f 11193 11415 4668
f 4668 11415 2869
f 11194 4669 11416
f 4669 2870 11416
f 5904 11417 14
f 11417 2062 14
f 5905 15 11418
f 11418 15 2063
f 227 3433 11419
f 5996 227 11419
f 228 11420 3434
f 5997 11420 228
f 2989 11421 3903
f 11421 6963 3903
f 2990 3904 11422
f 11422 3904 6964
f 11423 1791 6106
f 3763 11423 6106
f 11424 6107 1792
f 3764 6107 11424
f 11425 3769 9855
f 1078 3769 11425
f 11426 9856 3770
f 1078 11426 3770
f 11427 8377 11668
f 4750 12090 11427
f 11428 11669 8378
f 4751 11428 12091
f 9446 11429 3576
f 11429 2811 3576
f 9447 3577 11430
f 11430 3577 2812
f 11431 1856 1508
f 1508 6975 11431
f 11432 1509 1857
f 1509 11432 6976
f 11433 5904 8589
f 5904 11433 11417
f 11434 8590 5905
f 5905 11418 11434
f 11435 1198 5483
f 11435 10098 1198
f 11436 5484 1199
f 11436 1199 10099
f 27 11437 6510
f 27 6509 11437
f 11438 5483 2246
f 11438 11435 5483
f 11439 2247 5484
f 11439 5484 11436
f 11440 7096 1437
f 7096 11440 7454
f 11441 1438 7097
f 7097 7455 11441
f 5916 3690 11442
f 5916 12428 2726
f 5917 11443 3691
f 5917 2727 12429
f 4405 6975 11444
f 1508 11444 6975
f 4406 11445 6976
f 1509 6976 11445
f 7688 11446 6160
f 6160 11446 9929
f 7689 6161 11447
f 6161 9930 11447
f 1676 11448 7942
f 11448 1676 2599
f 1677 7943 11449
f 11449 2600 1677
f 6926 11450 5264
f 5264 11450 1546
f 6927 5265 11451
f 5265 1547 11451
f 905 4010 11452
f 7675 11458 4010
f 906 11453 4011
f 7676 4011 11459
f 8713 11454 11464
f 8754 11454 8713
f 8714 11465 11455
f 8755 8714 11455
f 11456 10820 3445
f 11456 3445 11326
f 11457 3446 10821
f 11457 11327 3446
f 11452 11458 2196
f 11452 4010 11458
f 11453 2197 11459
f 11453 11459 4011
f 11460 4425 5194
f 11181 4425 11460
f 11461 5195 4426
f 11182 11461 4426
f 4477 11462 7972
f 11462 1700 7972
f 4478 7973 11463
f 11463 7973 1701
f 8713 11464 2445
f 11464 1920 2445
f 8714 2446 11465
f 11465 2446 1921
f 4475 11466 6933
f 11474 11466 4475
f 4476 6934 11467
f 11475 4476 11467
f 9140 11468 646
f 9140 6048 11468
f 9141 647 11469
f 9141 11469 6049
f 3584 6135 11470
f 11470 11460 3584
f 3585 11471 6136
f 11471 3585 11461
f 11472 4793 11458
f 4793 11472 1522
f 11473 11459 4794
f 4794 1523 11473
f 11474 847 11466
f 12084 2971 847
f 11475 11467 848
f 12085 848 2972
f 12469 59 11476
f 59 11055 11476
f 12469 11477 59
f 59 11477 11056
f 11478 4529 10340
f 11478 10340 10356
f 11479 10357 10341
f 11479 10341 4530
f 11480 4065 8587
f 11468 4065 11480
f 11481 8588 4066
f 11469 11481 4066
f 4604 2913 11482
f 5717 11482 2913
f 4605 11483 2914
f 5718 2914 11483
f 11484 5443 1156
f 8308 11484 1156
f 11485 1157 5444
f 8309 1157 11485
f 8562 3952 11486
f 3952 5703 11486
f 8562 11487 3952
f 3952 11487 5704
f 901 11498 11488
f 8361 901 11488
f 902 11489 11499
f 8362 11489 902
f 6905 11490 2821
f 11490 3714 2821
f 6906 2822 11491
f 11491 2822 3715
f 7997 11492 5346
f 11492 10526 5346
f 7998 5347 11493
f 11493 5347 10527
f 11494 8764 1548
f 11494 1566 8764
f 11495 1549 8765
f 11495 8765 1567
f 3972 7742 11496
f 11496 8962 3972
f 3973 11497 7743
f 11497 3973 8963
f 11179 4175 11498
f 11498 901 11179
f 11180 11499 4176
f 11499 11180 902
f 11500 6799 4439
f 2932 6799 11500
f 11501 4440 6800
f 2933 11501 6800
f 6084 3001 11502
f 3001 2981 11502
f 6085 11503 3002
f 3002 11503 2982
f 1413 1403 11504
f 11504 1403 4758
f 1414 11505 1404
f 11505 4759 1404
f 2117 11506 1712
f 11506 9372 1712
f 2118 1713 11507
f 11507 1713 9373
f 264 11508 3676
f 11508 264 7114
f 265 3677 11509
f 11509 7115 265
f 11294 11510 7092
f 11294 7048 11510
f 11295 7093 11511
f 11295 11511 7049
f 2867 879 11512
f 879 6697 12341
f 2868 11513 880
f 880 12342 6698
f 3001 7163 11514
f 3001 11514 2981
f 3002 11515 7164
f 3002 2982 11515
f 437 7848 11516
f 437 11516 3156
f 438 3157 11517
f 438 11517 7849
f 11518 4459 7054
f 1531 11518 7054
f 11519 7055 4460
f 1532 7055 11519
f 11508 11520 321
f 11520 11091 321
f 11509 322 11521
f 11521 322 11092
f 11522 4523 2609
f 11522 2609 3350
f 11523 2610 4524
f 11523 3351 2610
f 2682 5854 11524
f 11524 5854 4449
f 2683 11525 5855
f 11525 4450 5855
f 1980 4271 11526
f 11526 4271 19
f 1981 11527 4272
f 11527 20 4272
f 11528 5085 944
f 11063 5085 11528
f 11529 945 5086
f 11064 11529 5086
f 2317 11530 6545
f 2318 6545 11530
f 8824 1387 11531
f 9919 8824 11531
f 8825 11532 1388
f 9920 11532 8825
f 2393 11533 8353
f 2393 9144 11533
f 2394 8354 11534
f 2394 11534 9145
f 11535 1460 217
f 10240 11535 217
f 11536 218 1461
f 10241 218 11536
f 11537 9202 2317
f 2317 6545 11537
f 11538 2318 9203
f 2318 11538 6545
f 6735 11539 2603
f 11539 9472 2603
f 6736 2604 11540
f 11540 2604 9473
f 11541 1441 3109
f 12114 1441 11541
f 11542 3110 1442
f 12115 11542 1442
f 8271 338 11543
f 338 12470 11543
f 8272 11544 339
f 339 11544 12471
f 11545 8737 4232
f 7540 11545 4232
f 11546 4233 8738
f 7541 4233 11546
f 11987 11547 2809
f 3881 11547 3476
f 11988 2810 11548
f 3881 3477 11548
f 11549 1344 7490
f 11549 7490 3888
f 11550 7491 1345
f 11550 3889 7491
f 5538 11551 427
f 11551 5538 9659
f 5539 428 11552
f 11552 9660 5539
f 11553 8968 1460
f 11535 11553 1460
f 11554 1461 8969
f 11536 1461 11554
f 11555 6631 2417
f 11555 11543 6631
f 11556 2418 6632
f 11556 6632 11544
f 3804 2190 11557
f 8406 3804 11557
f 3805 11558 2191
f 8407 11558 3805
f 2614 7234 11559
f 11559 7234 12275
f 2615 11560 7235
f 11560 12276 7235
f 6184 11561 1774
f 11561 1787 1774
f 6185 1775 11562
f 11562 1775 1788
f 10766 11563 6128
f 11563 2439 6128
f 10767 6129 11564
f 11564 6129 2440
f 6916 4519 11565
f 4519 2672 11565
f 6917 11566 4520
f 4520 11566 2673
f 4588 7611 11567
f 7611 348 11567
f 4589 11568 7612
f 7612 11568 349
f 8512 11569 814
f 814 11569 7268
f 8513 815 11570
f 815 7269 11570
f 6398 11571 4191
f 6398 1000 11571
f 4192 11572 6399
f 11572 1001 6399
f 968 8446 11573
f 9354 968 11573
f 969 11574 8447
f 9355 11574 969
f 3103 1109 11575
f 11575 1109 11563
f 3104 11576 1110
f 11576 11564 1110
f 11577 2311 8386
f 11577 4443 2311
f 11578 8387 2312
f 11578 2312 4444
f 10583 11579 233
f 11579 7746 233
f 10584 234 11580
f 11580 234 7747
f 3025 11581 5983
f 11581 8304 5983
f 3026 5984 11582
f 11582 5984 8305
f 8191 1076 11583
f 11583 1076 6088
f 8192 11584 1077
f 11584 6089 1077
f 11585 3950 331
f 11585 6843 3950
f 11586 331 3951
f 11586 3951 6844
f 11197 2192 11587
f 11587 2192 8226
f 11198 11588 2193
f 11588 8227 2193
f 11589 1182 6685
f 12277 6685 3296
f 11590 6686 1183
f 12278 3297 6686
f 1959 11591 8911
f 8911 11591 8848
f 1960 8912 11592
f 8912 8849 11592
f 173 11593 7072
f 11593 173 7516
f 174 7073 11594
f 11594 7517 174
f 4670 4682 11595
f 11595 948 4670
f 4671 11596 4683
f 11596 4671 949
f 11587 8226 11597
f 11597 8226 12203
f 11588 11598 8227
f 11598 12204 8227
f 11599 9998 145
f 145 10980 11599
f 11600 146 9999
f 146 11600 10981
f 11601 7442 5425
f 3164 7442 11601
f 11602 5426 7443
f 3165 11602 7443
f 7175 3600 11603
f 8897 7175 11603
f 7176 11604 3601
f 8898 11604 7176
f 11605 4622 8340
f 853 4622 11605
f 11606 8341 4623
f 854 11606 4623
f 3905 11607 10338
f 3905 8630 11607
f 3906 10339 11608
f 3906 11608 8631
f 2166 4030 11609
f 2481 2166 11609
f 2167 11610 4031
f 2482 11610 2167
f 11611 3167 674
f 7104 3167 11611
f 11612 675 3168
f 7105 11612 3168
f 11522 11613 114
f 10000 114 11613
f 11523 115 11614
f 10001 11614 115
f 9273 11615 11314
f 11615 9273 2491
f 9274 11315 11616
f 11616 2492 9274
f 9962 11617 525
f 9962 8998 11617
f 9963 526 11618
f 9963 11618 8999
f 11619 5286 11100
f 11619 11100 2835
f 11620 11101 5287
f 11620 2836 11101
f 11621 992 8854
f 8893 992 11621
f 11622 8855 993
f 8894 11622 993
f 11623 6783 4613
f 11623 9348 6783
f 11624 4614 6784
f 11624 6784 9349
f 613 11625 7345
f 7345 11625 7850
f 614 7346 11626
f 7346 7851 11626
f 2706 11627 4034
f 7716 11627 2706
f 2707 4035 11628
f 7717 2707 11628
f 8569 417 11629
f 417 5105 11629
f 8570 11630 418
f 418 11630 5106
f 6040 3352 11631
f 3352 1928 11631
f 6041 11632 3353
f 3353 11632 1929
f 9096 2692 11633
f 11633 2692 5010
f 9097 11634 2693
f 11634 5011 2693
f 11635 3027 3035
f 7142 3027 11635
f 11636 3036 3028
f 7143 11636 3028
f 411 11637 7330
f 411 6058 11650
f 412 7331 11638
f 412 11651 6059
f 3806 6215 11639
f 4111 11639 6215
f 3806 11640 6216
f 4112 6216 11640
f 11641 1988 11409
f 12223 1988 11641
f 11642 11410 1989
f 12224 11642 1989
f 3146 11643 4105
f 1071 4105 11643
f 3146 4106 11644
f 1072 11644 4106
f 3806 6216 11645
f 3806 11645 6215
f 7207 11646 2113
f 11646 11118 2113
f 7208 2114 11647
f 11647 2114 11119
f 2115 11648 8806
f 2130 11648 2115
f 2116 8807 11649
f 2131 2116 11649
f 11664 11637 411
f 4409 11637 11664
f 11665 412 11638
f 4410 11665 11638
f 702 4293 11652
f 9024 11652 4293
f 703 11653 4294
f 9025 4294 11653
f 5415 2815 11654
f 11654 2815 11506
f 5416 11655 2816
f 11655 11507 2816
f 11656 9432 479
f 11656 7312 9432
f 11657 480 9433
f 11657 9433 7313
f 5326 11658 10868
f 11658 5326 10322
f 5327 10869 11659
f 11659 10323 5327
f 11660 1586 4317
f 11660 4317 1030
f 11661 4318 1587
f 11661 1031 4318
f 3948 11662 12337
f 11662 6205 728
f 3949 12338 11663
f 11663 729 6206
f 411 11650 11664
f 11664 11650 4409
f 412 11665 11651
f 11665 4410 11651
f 3851 10711 11666
f 3851 11666 564
f 3852 11667 10712
f 3852 565 11667
f 4750 11427 11668
f 6971 4750 11668
f 4751 11669 11428
f 6972 11669 4751
f 5579 11670 2315
f 11670 5579 7894
f 5580 2316 11671
f 11671 7895 5580
f 11680 11672 1708
f 1708 11672 5856
f 11681 1709 11673
f 1709 5857 11673
f 11674 1377 4737
f 11674 9146 1377
f 11675 4738 1378
f 11675 1378 9147
f 11676 4159 9172
f 12261 4159 11676
f 11677 9173 4160
f 12262 11677 4160
f 11678 7418 5441
f 11678 5441 2734
f 11679 5442 7419
f 11679 2735 5442
f 4884 11680 1708
f 7328 11680 4884
f 4885 1709 11681
f 7329 4885 11681
f 11682 9186 5930
f 3067 11682 5930
f 11683 5931 9187
f 3068 5931 11683
f 11684 4963 3884
f 11684 389 4963
f 11685 3885 4964
f 11685 4964 390
f 3326 4734 11686
f 4254 3326 11686
f 3327 11687 4735
f 4255 11687 3327
f 7044 5459 11688
f 11688 5459 10482
f 7045 11689 5460
f 11689 10483 5460
f 11690 7840 3857
f 2867 11690 3857
f 11691 3858 7841
f 2868 3858 11691
f 2463 10342 11692
f 10342 11787 11692
f 2464 11693 10343
f 10343 11693 11788
f 6046 11694 8996
f 6046 988 11694
f 6047 8997 11695
f 6047 11695 989
f 11696 845 6334
f 7796 11696 6334
f 11697 6335 846
f 7797 6335 11697
f 11698 8243 4995
f 11698 4995 8242
f 11699 6476 2150
f 11699 3115 6476
f 11700 2151 6477
f 11700 6477 3116
f 11701 517 3336
f 11306 517 11701
f 11702 3337 518
f 11307 11702 518
f 5477 11703 1686
f 11703 1142 1686
f 1687 11704 5478
f 1687 1143 11704
f 1119 8668 11705
f 11705 8668 2853
f 1120 11706 8669
f 11706 2854 8669
f 11995 11707 3354
f 6831 3354 11707
f 11996 3355 11708
f 6832 11708 3355
f 2349 11709 5874
f 11709 2349 9881
f 2350 5875 11710
f 11710 9882 2350
f 4093 11711 5379
f 6791 5379 11711
f 4094 5380 11712
f 6792 11712 5380
f 24 11713 745
f 4095 11713 24
f 25 746 11714
f 4096 25 11714
f 11715 9992 3510
f 911 9992 11715
f 11716 3511 9993
f 912 11716 9993
f 10924 1146 11717
f 11717 1146 4053
f 10925 11718 1147
f 11718 4054 1147
f 11719 9072 2107
f 5037 11719 2107
f 11720 2108 9073
f 5038 2108 11720
f 3984 11721 9781
f 11721 2576 9781
f 3985 9782 11722
f 11722 9782 2577
f 944 10112 11723
f 11723 10112 9217
f 945 11724 10113
f 11724 9218 10113
f 11725 1866 6556
f 12364 3863 1866
f 11726 6557 1867
f 12365 1867 3864
f 2483 11727 9124
f 11727 3340 9124
f 2484 9125 11728
f 11728 9125 3341
f 6875 11729 11898
f 6875 10595 11729
f 6876 11899 11730
f 6876 11730 10596
f 11731 5097 11721
f 7369 5097 11731
f 11732 11722 5098
f 7370 11732 5098
f 5713 11733 2250
f 11733 5713 11249
f 5714 2251 11734
f 11734 11250 5714
f 11607 11735 2583
f 2583 11735 5967
f 11608 2584 11736
f 2584 5968 11736
f 5681 7968 11737
f 7968 419 11737
f 5682 11738 7969
f 7969 11738 420
f 11739 11717 4896
f 11739 4896 11672
f 11740 4897 11718
f 11740 11673 4897
f 6847 5152 11741
f 5139 11741 5152
f 6848 11742 5153
f 5140 5153 11742
f 4535 1686 11743
f 6470 4535 11743
f 11744 1687 4536
f 11744 4536 6471
f 3154 11745 1815
f 11047 1815 11745
f 3155 1816 11746
f 11048 11746 1816
f 2515 11747 4716
f 4153 11747 2515
f 2516 4717 11748
f 4154 2516 11748
f 11749 8868 7554
f 11749 7554 11761
f 11750 7555 8869
f 11750 11762 7555
f 11751 6052 1002
f 5308 11751 1002
f 11752 1003 6053
f 5309 1003 11752
f 3490 9917 11753
f 11753 445 3490
f 3491 11754 9918
f 11754 3491 446
f 10466 3174 11755
f 11755 3174 8500
f 10467 11756 3175
f 11756 8501 3175
f 2620 11757 10022
f 10552 11757 2620
f 2621 10023 11758
f 10553 2621 11758
f 11759 3694 6289
f 11759 6289 4339
f 11760 6290 3695
f 11760 4340 6290
f 1470 11761 3488
f 1470 11749 11761
f 1471 3489 11762
f 1471 11762 11750
f 11763 5278 1050
f 9174 5278 11763
f 11764 1051 5279
f 9175 11764 5279
f 11765 9042 2955
f 7956 9042 11765
f 11766 2956 9043
f 7957 11766 9043
f 1908 11767 4900
f 11767 1908 1360
f 1909 4901 11768
f 11768 1361 1909
f 7698 11775 11769
f 7698 11769 370
f 7699 11770 11776
f 7699 371 11770
f 4892 11771 10228
f 4892 4163 11771
f 4893 10229 11772
f 4893 11772 4164
f 1626 11773 6701
f 8933 11783 1626
f 1627 6702 11774
f 8934 1627 11784
f 11769 11775 1186
f 1186 11775 2403
f 11770 1187 11776
f 1187 2404 11776
f 10566 11777 3158
f 11777 3400 3158
f 10567 3159 11778
f 11778 3159 3401
f 1976 4236 11779
f 7643 11779 4236
f 1977 11780 4237
f 7644 4237 11780
f 870 11781 2568
f 6093 2568 11781
f 871 2569 11782
f 6094 11782 2569
f 1626 11783 11773
f 11783 8905 11773
f 1627 11774 11784
f 11784 11774 8906
f 6895 11785 1678
f 3845 1678 11785
f 6896 1679 11786
f 3846 11786 1679
f 11787 10342 841
f 11787 841 8072
f 11788 842 10343
f 11788 8073 842
f 11896 11789 2449
f 2449 11789 5276
f 11897 2450 11790
f 2450 5277 11790
f 11126 11791 4151
f 11029 4151 11791
f 11127 4152 11792
f 11030 11792 4152
f 11793 886 2585
f 8232 886 11793
f 11794 2586 887
f 8233 11794 887
f 11795 3017 2601
f 11795 9579 3017
f 11796 2602 3018
f 11796 3018 9580
f 5788 11797 1052
f 3025 11797 5788
f 5789 1053 11798
f 3026 5789 11798
f 11799 5479 8796
f 5479 11799 9609
f 11800 8797 5480
f 5480 9610 11800
f 2457 4987 11801
f 431 11801 4987
f 2458 11802 4988
f 432 4988 11802
f 11803 36 8436
f 5266 36 11803
f 11804 8437 37
f 5267 11804 37
f 11805 3580 784
f 5262 11805 784
f 11806 785 3581
f 5263 785 11806
f 9642 11817 361
f 9641 361 11816
f 6416 2373 11808
f 8120 6416 11808
f 6417 11809 2374
f 8121 11809 6417
f 11810 8396 926
f 5975 11810 12124
f 11811 927 8397
f 5976 12125 11811
f 5649 7100 11812
f 5649 11812 7756
f 5650 11813 7101
f 5650 7757 11813
f 11814 8883 3270
f 8796 11814 3270
f 11815 3271 8884
f 8797 3271 11815
f 361 11807 11816
f 11807 2533 11816
f 361 11817 11807
f 11807 11817 2533
f 634 6767 11818
f 634 11818 9060
f 635 11819 6768
f 635 9061 11819
f 1298 11820 9951
f 8662 11820 1298
f 1299 9952 11821
f 8663 1299 11821
f 11822 1254 8351
f 1254 11822 5026
f 11823 8352 1255
f 1255 5027 11823
f 1848 2642 11824
f 1848 11824 7328
f 1849 11825 2643
f 1849 7329 11825
f 11826 3431 5757
f 11826 5757 8165
f 11827 5758 3432
f 11827 8166 5758
f 3666 7128 11828
f 11828 7128 10032
f 3667 11829 7129
f 11829 10033 7129
f 5792 4365 11830
f 3304 11830 4365
f 5793 11831 4366
f 3305 4366 11831
f 10074 5282 11832
f 10074 11832 2722
f 10075 11833 5283
f 10075 2723 11833
f 2742 6020 11834
f 11834 6020 4836
f 2743 11835 6021
f 11835 4837 6021
f 6817 11850 11836
f 6239 11836 4525
f 6818 11837 11851
f 6240 4526 11837
f 7807 2566 11838
f 7726 11838 2566
f 7808 11839 2567
f 7727 2567 11839
f 10725 11840 284
f 11840 10725 1454
f 10726 285 11841
f 11841 1455 10726
f 5186 7912 11842
f 5186 11842 1531
f 5187 1532 11843
f 5187 11843 7913
f 11844 7817 2246
f 11844 9491 7817
f 11845 2247 7818
f 11845 7818 9492
f 11846 8945 4267
f 11846 4267 192
f 4266 8944 11847
f 191 4266 11847
f 11848 179 570
f 5314 11848 570
f 11849 571 180
f 5315 571 11849
f 10506 4525 11850
f 4525 11836 11850
f 10507 11851 4526
f 4526 11851 11837
f 5981 2080 11852
f 2080 10770 11852
f 5982 11853 2081
f 2081 11853 10771
f 11854 6823 4545
f 11854 2525 6823
f 11855 4546 6824
f 11855 6824 2526
f 2894 8780 11856
f 11856 8780 2906
f 2895 11857 8781
f 11857 2907 8781
f 11858 4993 3196
f 11858 3196 7088
f 11859 3197 4994
f 11859 7089 3197
f 2595 11860 1758
f 2595 5743 11860
f 2596 1759 11861
f 2596 11861 5744
f 3184 1036 11862
f 11862 1036 10854
f 3185 11863 1037
f 11863 10855 1037
f 5828 2157 11864
f 8416 5828 11864
f 5829 11865 2158
f 8417 11865 5829
f 8650 4258 11866
f 11866 4258 8745
f 8651 11867 4259
f 11867 8746 4259
f 11868 11858 7088
f 11868 7088 1190
f 11869 1191 7089
f 11869 7089 11859
f 11870 2046 9749
f 5316 11870 9749
f 11871 9750 2047
f 5317 9750 11871
f 4467 11872 11939
f 6977 11872 4467
f 4468 11940 11873
f 6978 4468 11873
f 11874 11858 11868
f 11868 10836 11874
f 11875 11869 11859
f 11869 11875 10837
f 4787 12436 11876
f 4787 11876 1232
f 4788 11877 12437
f 4788 1233 11877
f 11878 2178 1862
f 5628 11878 1862
f 11879 1863 2179
f 5629 1863 11879
f 1034 11880 7023
f 11880 10756 7023
f 1035 7024 11881
f 11881 7024 10757
f 2843 11882 8428
f 7520 11882 2843
f 2844 8429 11883
f 7521 2844 11883
f 475 11884 8948
f 11884 5745 8948
f 476 8949 11885
f 11885 8949 5746
f 3753 5902 11886
f 3753 11886 8256
f 3754 11887 5903
f 3754 8257 11887
f 4397 1770 11888
f 11888 2953 4397
f 4398 11889 1771
f 11889 4398 2954
f 11890 6198 6207
f 6207 8766 11890
f 11891 6208 6199
f 6208 11891 8767
f 11892 7078 6245
f 7078 11892 2016
f 11893 6246 7079
f 7079 2017 11893
f 9731 1740 11894
f 2032 9731 11894
f 9732 11895 1741
f 2033 11895 9732
f 11896 7979 11789
f 5505 7979 11896
f 11897 11790 7980
f 5506 11897 7980
f 11898 5511 3045
f 3045 6875 11898
f 11899 3046 5512
f 3046 11899 6876
f 11900 7478 7470
f 3941 11900 7470
f 11901 7470 7478
f 3941 7470 11901
f 11902 12145 9245
f 5729 11902 9245
f 11903 9246 12146
f 5730 9246 11903
f 50 1371 11904
f 3182 11904 1371
f 51 11905 1372
f 3183 1372 11905
f 2184 4088 11906
f 1407 11906 4088
f 2185 11907 4089
f 1408 4089 11907
f 4435 1356 11908
f 1356 9499 11908
f 4436 11909 1357
f 1357 11909 9500
f 2865 5992 11910
f 189 2865 11910
f 2866 11911 5993
f 190 11911 2866
f 11912 7086 1566
f 11912 11900 7086
f 11913 1567 7087
f 11913 7087 11901
f 8456 11914 3119
f 3944 11914 8456
f 8457 3120 11915
f 3945 8457 11915
f 11916 4036 2947
f 6983 4036 11916
f 11917 2948 4037
f 6984 11917 4037
f 3869 11918 6911
f 3869 5298 11918
f 3870 6912 11919
f 3870 11919 5299
f 11920 9877 5671
f 11920 3276 9877
f 11921 5672 9878
f 11921 9878 3277
f 11922 8770 6050
f 11922 6050 3063
f 11923 6051 8771
f 11923 3064 6051
f 2481 11924 5890
f 11924 9326 5890
f 2482 5891 11925
f 11925 5891 9327
f 4510 11926 5254
f 9809 5254 11926
f 4511 5255 11927
f 9810 11927 5255
f 11928 8046 11985
f 8199 11928 4447
f 11929 11986 8047
f 8200 4448 11929
f 11217 839 11930
f 11930 839 6997
f 11218 11931 840
f 11931 6998 840
f 7410 11932 1258
f 7410 1742 11932
f 7411 1259 11933
f 7411 11933 1743
f 9326 4230 11934
f 5890 9326 11934
f 9327 11935 4231
f 5891 11935 9327
f 39 11936 5944
f 8688 11936 39
f 5944 11937 39
f 39 11937 8689
f 2921 6925 11938
f 2921 11938 6924
f 11939 8222 4117
f 8222 11939 11872
f 11940 4118 8223
f 8223 11873 11940
f 598 11941 6633
f 11941 1397 6633
f 599 6634 11942
f 11942 6634 1398
f 5107 11953 11943
f 3468 3478 11943
f 5108 11944 11954
f 3469 11944 3479
f 956 189 11945
f 956 11945 6400
f 957 11946 190
f 957 6401 11946
f 11947 3596 8516
f 11947 7524 3596
f 11948 8517 3597
f 11948 3597 7525
f 600 11949 2521
f 11949 600 3630
f 601 2522 11950
f 11950 3631 601
f 2385 8256 11951
f 8256 8271 11951
f 2386 11952 8257
f 8257 11952 8272
f 11953 2716 3468
f 3468 11943 11953
f 11954 3469 2717
f 3469 11954 11944
f 2351 11955 6951
f 2351 10212 11955
f 2352 6952 11956
f 2352 11956 10213
f 11957 370 1520
f 1520 3676 11957
f 11958 1521 371
f 1521 11958 3677
f 3019 1682 11959
f 3019 11959 11947
f 3020 11960 1683
f 3020 11948 11960
f 9565 11961 5095
f 5095 11961 7268
f 5096 11962 9566
f 5096 7269 11962
f 1352 11963 7038
f 1352 3492 11963
f 1353 7039 11964
f 1353 11964 3493
f 11965 3065 4742
f 3065 11965 248
f 11966 4743 3066
f 3066 249 11966
f 11967 1829 8044
f 8044 786 11967
f 11968 8045 1830
f 8045 11968 787
f 8464 5344 11969
f 11969 5344 76
f 8465 11970 5345
f 11970 77 5345
f 4379 5336 11971
f 11971 5336 7872
f 4380 11972 5337
f 11972 7873 5337
f 11973 1367 7558
f 11973 7558 4818
f 11974 7559 1368
f 11974 4819 7559
f 11149 11975 3896
f 3896 11975 11255
f 11150 3897 11976
f 3897 11256 11976
f 11977 2552 12
f 11977 12 8943
f 11978 12 2552
f 11978 8943 12
f 1644 4415 11979
f 11979 4415 3176
f 1645 11980 4416
f 11980 3177 4416
f 4919 11419 11981
f 11981 2405 4919
f 4920 11982 11420
f 11982 4920 2406
f 2062 11233 11983
f 2062 11983 6598
f 2063 11984 11234
f 2063 6599 11984
f 11928 11985 4447
f 4447 11985 7371
f 11929 4448 11986
f 4448 7371 11986
f 1176 3476 11987
f 11987 3476 11547
f 1177 11988 3477
f 11988 11548 3477
f 11989 5373 3258
f 11989 8782 5373
f 11990 3259 5374
f 11990 5374 8783
f 1320 11991 8050
f 8050 11991 1285
f 1321 8051 11992
f 8051 1286 11992
f 3782 11993 4700
f 3782 10908 11993
f 3783 4701 11994
f 3783 11994 10909
f 5051 11995 6402
f 5051 11707 11995
f 5052 6403 11996
f 5052 11996 11708
f 545 11997 10176
f 10176 11997 5137
f 546 10177 11998
f 10177 5138 11998
f 3007 11999 7276
f 11999 3007 8968
f 3008 7277 12000
f 12000 8969 3008
f 8880 3610 12001
f 8880 12001 7332
f 8880 12002 3610
f 8880 7332 12002
f 12003 10176 5137
f 12003 5137 8353
f 12004 5138 10177
f 12004 8354 5138
f 3256 12005 9873
f 12005 3256 3133
f 3257 9874 12006
f 12006 3134 3257
f 5449 2548 12007
f 2548 7466 12007
f 5450 12008 2549
f 2549 12008 7467
f 11765 2955 12009
f 12009 2955 419
f 11766 12010 2956
f 12010 420 2956
f 2231 8777 12011
f 2231 12011 8776
f 60 3900 12012
f 12012 6620 60
f 60 12013 3900
f 12013 60 6620
f 3310 12014 1125
f 3310 5367 12014
f 3311 1126 12015
f 3311 12015 5368
f 114 6436 12016
f 12016 6436 10556
f 115 12017 6437
f 12017 10557 6437
f 5121 12018 2062
f 10746 12018 5121
f 5122 2063 12019
f 10747 5122 12019
f 3208 12020 8721
f 8346 12020 3208
f 3209 8722 12021
f 8347 3209 12021
f 12022 7576 3188
f 12022 3188 9861
f 12023 3189 7577
f 12023 9862 3189
f 1918 12024 5160
f 1918 262 12024
f 1919 5161 12025
f 1919 12025 263
f 6839 3807 12026
f 3807 9380 12026
f 6840 12027 3808
f 3808 12027 9381
f 9004 4119 12028
f 4119 1040 12040
f 9005 12029 4120
f 4120 12041 1041
f 6204 12030 4242
f 12030 3111 4242
f 6204 4243 12031
f 12031 4243 3112
f 12032 4137 6044
f 12032 6044 10350
f 12033 6045 4138
f 12033 10351 6045
f 7874 12034 3236
f 6509 12034 7874
f 7875 3237 12035
f 6510 7875 12035
f 5256 12036 272
f 12036 1277 272
f 5257 273 12037
f 12037 273 1278
f 9120 3546 12038
f 12038 3546 11524
f 9121 12039 3547
f 12039 11525 3547
f 12028 12040 9717
f 12028 4119 12040
f 12029 9718 12041
f 12029 12041 4120
f 2232 5830 12042
f 12042 5830 9080
f 2233 12043 5831
f 12043 9081 5831
f 3063 5188 12044
f 12044 5188 11259
f 3064 12045 5189
f 12045 11260 5189
f 3474 9815 12046
f 3474 12046 3464
f 3475 3465 12047
f 3475 12047 9816
f 3236 12034 12048
f 3236 12048 327
f 3237 12049 12035
f 3237 328 12049
f 12050 6420 11763
f 6420 12050 5290
f 12051 11764 6421
f 6421 5291 12051
f 12052 1411 4704
f 12052 4704 3169
f 12053 4705 1412
f 12053 3170 4705
f 12054 2630 3160
f 7244 2630 12054
f 12055 3161 2631
f 7245 12055 2631
f 5188 12068 11259
f 11259 12068 65
f 5189 11260 12069
f 11260 66 12069
f 2765 10550 12058
f 2765 12058 10888
f 2766 12059 10551
f 2766 10889 12059
f 12060 1758 11860
f 12060 6024 1758
f 12061 11861 1759
f 12061 1759 6025
f 7120 1630 12062
f 12062 1630 8244
f 7121 12063 1631
f 12063 8245 1631
f 9811 5369 12064
f 12064 5369 6454
f 9812 12065 5370
f 12065 6455 5370
f 12054 1710 12066
f 1710 7842 12066
f 12055 12067 1711
f 1711 12067 7843
f 12056 5208 12068
f 5188 12056 12068
f 12057 12069 5209
f 5189 12069 12057
f 4782 12070 5737
f 4782 1514 12070
f 4783 5738 12071
f 4783 12071 1515
f 10056 12072 3520
f 3520 12072 6328
f 10057 3521 12073
f 3521 6329 12073
f 290 5363 12074
f 8692 290 12074
f 291 12075 5364
f 8693 12075 291
f 7442 12076 5425
f 5425 12076 7601
f 7443 5426 12077
f 5426 7602 12077
f 12078 2208 11059
f 12078 9076 2208
f 12079 11060 2209
f 12079 2209 9077
f 5882 7842 12080
f 12080 7842 1710
f 5883 12081 7843
f 12081 1711 7843
f 12082 6841 2995
f 12082 8332 6841
f 12083 2996 6842
f 12083 6842 8333
f 12084 11474 4564
f 12084 847 11474
f 12085 4565 11475
f 12085 11475 848
f 10368 12086 12096
f 12086 9849 12096
f 10369 12097 12087
f 12087 12097 9850
f 12088 8766 1192
f 10484 12088 1192
f 12089 1193 8767
f 10485 1193 12089
f 9334 12297 12090
f 381 11427 12090
f 9335 12091 12298
f 382 12091 11428
f 519 9603 12092
f 2574 12092 9603
f 520 12093 9604
f 2575 9604 12093
f 4256 12094 7870
f 12094 818 7870
f 4257 7871 12095
f 12095 7871 819
f 10368 12096 10030
f 10030 12096 8379
f 10369 10031 12097
f 10031 8380 12097
f 7298 12098 2072
f 7298 3692 12098
f 7299 2073 12099
f 7299 12099 3693
f 10156 6867 12100
f 3447 10156 12100
f 12101 6868 10157
f 12101 10157 3448
f 12102 10142 506
f 10172 12102 506
f 12103 507 10143
f 10173 507 12103
f 12104 3466 8396
f 12104 7991 3466
f 12105 8397 3467
f 12105 3467 7992
f 12106 4592 3266
f 12106 2827 4592
f 12107 3267 4593
f 12107 4593 2828
f 7464 3948 12108
f 12108 3948 625
f 7465 12109 3949
f 12109 626 3949
f 7858 12110 3470
f 12110 4620 3470
f 7859 3471 12111
f 12111 3471 4621
f 7191 940 12112
f 9192 7191 12112
f 7192 12113 941
f 9193 12113 7192
f 12114 11541 5232
f 3043 12114 5232
f 12115 5233 11542
f 3044 5233 12115
f 4203 12116 12130
f 6464 3268 12116
f 4203 12131 12117
f 6465 12117 3269
f 2347 12126 12118
f 7476 12118 568
f 2348 12119 12127
f 7477 569 12119
f 5403 12120 3911
f 5902 12120 5403
f 5404 3912 12121
f 5903 5404 12121
f 8727 1654 12122
f 1654 9958 12122
f 8728 12123 1655
f 1655 12123 9959
f 11810 926 12124
f 12124 926 8408
f 11811 12125 927
f 12125 8409 927
f 5280 568 12126
f 12126 568 12118
f 5281 12127 569
f 12127 12119 569
f 3624 11597 12128
f 3624 12128 11267
f 3625 12129 11598
f 3625 11268 12129
f 12130 12116 3268
f 12130 3268 816
f 12131 3269 12117
f 12131 817 3269
f 2634 12132 7150
f 2634 800 12132
f 2635 7151 12133
f 2635 12133 801
f 12134 1245 881
f 12134 9793 1245
f 12135 882 1246
f 12135 1246 9794
f 708 3210 12136
f 3210 2688 12136
f 709 12137 3211
f 3211 12137 2689
f 5975 12124 12138
f 674 5975 12138
f 5976 12139 12125
f 675 12139 5976
f 7043 26 12140
f 7042 12140 26
f 10326 12141 1992
f 256 1992 12141
f 10327 1993 12142
f 257 12142 1993
f 3246 6064 12143
f 12143 12153 425
f 3247 12144 6065
f 12144 426 12154
f 12159 12145 6731
f 12145 12159 9245
f 12160 6732 12146
f 12146 9246 12160
f 11083 1476 12147
f 832 12147 1476
f 11084 12148 1477
f 833 1477 12148
f 4547 83 12149
f 2268 4547 12149
f 4547 12150 83
f 2268 12150 4547
f 12151 10144 3486
f 4187 12151 3486
f 12152 3487 10145
f 4188 3487 12152
f 6064 12153 12143
f 9667 12153 6064
f 6065 12144 12154
f 9668 6065 12154
f 5802 222 12155
f 12155 222 7318
f 5803 12156 223
f 12156 7319 223
f 4870 11114 12157
f 2638 4870 12157
f 4871 12158 11115
f 2639 12158 4871
f 12159 6731 666
f 9245 12159 666
f 12160 667 6732
f 9246 667 12160
f 12161 7183 2218
f 2218 10406 12161
f 12162 2219 7184
f 2219 12162 10407
f 890 12163 9907
f 9907 12163 9883
f 891 9908 12164
f 9908 9884 12164
f 5802 12155 12165
f 3960 5802 12165
f 5803 12166 12156
f 3961 12166 5803
f 10808 12167 4252
f 12167 1848 4252
f 10809 4253 12168
f 12168 4253 1849
f 9328 4351 12169
f 1256 12169 4351
f 12170 4352 9329
f 4352 12170 1257
f 7916 12171 12014
f 584 12171 7916
f 7917 12015 12172
f 585 7917 12172
f 4894 3348 12173
f 3348 10772 12173
f 4895 12174 3349
f 3349 12174 10773
f 12175 8731 3220
f 8252 12175 3220
f 12176 3221 8732
f 8253 3221 12176
f 1896 1081 12177
f 12003 12177 1081
f 1897 12178 1082
f 12004 1082 12178
f 8078 2919 12179
f 12179 2919 10995
f 8079 12180 2920
f 12180 10996 2920
f 6056 12181 8014
f 10681 12181 6056
f 6057 8015 12182
f 10682 6057 12182
f 12183 2172 465
f 3230 12183 465
f 12184 466 2173
f 3231 466 12184
f 1850 12185 1300
f 12197 9418 12185
f 1851 1301 12186
f 12198 12186 9419
f 4171 12187 8414
f 4171 372 12187
f 4172 8415 12188
f 4172 12188 373
f 12177 12189 3009
f 9687 3009 12189
f 12178 3010 12190
f 9688 12190 3010
f 3411 12191 8120
f 9777 8120 12191
f 3412 8121 12192
f 9778 12192 8121
f 3558 9032 12193
f 3558 12193 1228
f 3559 12194 9033
f 3559 1229 12194
f 3704 12195 4395
f 3704 5226 12195
f 3705 4396 12196
f 3705 12196 5227
f 1850 12197 12185
f 2054 12197 1850
f 1851 12186 12198
f 2055 1851 12198
f 5940 12199 4915
f 12199 9054 4915
f 5941 4916 12200
f 12200 4916 9055
f 11021 12201 3172
f 12201 7570 3172
f 11022 3173 12202
f 12202 3173 7571
f 12203 391 12128
f 12203 774 391
f 12204 12129 392
f 12204 392 775
f 12205 6829 8575
f 8589 12205 8575
f 12206 8576 6830
f 8590 8576 12206
f 10587 12207 3786
f 12207 7677 3786
f 10588 3787 12208
f 12208 3787 7678
f 12209 6211 628
f 628 5012 12209
f 12210 629 6212
f 629 12210 5013
f 7155 12211 3620
f 8484 3620 12211
f 7156 3621 12212
f 8485 12212 3621
f 12213 10084 5647
f 7209 12213 5647
f 12214 5648 10085
f 7210 5648 12214
f 12215 4421 9088
f 404 12215 9088
f 12216 9089 4422
f 405 9089 12216
f 10142 6916 12217
f 12217 6916 2018
f 10143 12218 6917
f 12218 2019 6917
f 4686 2650 12219
f 555 4686 12219
f 4687 12220 2651
f 556 12220 4687
f 7140 3745 12221
f 2656 7140 12221
f 7141 12222 3746
f 2657 12222 7141
f 12223 11641 899
f 4199 12223 899
f 12224 900 11642
f 4200 900 12224
f 12217 2018 12225
f 12225 2018 10196
f 12218 12226 2019
f 12226 10197 2019
f 6689 3646 12227
f 3646 6482 12227
f 6690 12228 3647
f 3647 12228 6483
f 8284 11908 12229
f 2881 8284 12229
f 8285 12230 11909
f 2882 12230 8285
f 10134 1138 12231
f 1138 8118 12231
f 10135 12232 1139
f 1139 12232 8119
f 4127 4732 12233
f 4127 12233 1407
f 4128 12234 4733
f 4128 1408 12234
f 7102 264 12235
f 12235 8158 7102
f 7103 12236 265
f 12236 7103 8159
f 8560 5957 12237
f 10116 8560 12237
f 8561 12238 5958
f 10117 12238 8561
f 12239 489 9297
f 12447 9414 489
f 12240 9298 490
f 12448 490 9415
f 12241 7394 2038
f 3312 7394 12241
f 12242 2039 7395
f 3313 12242 7395
f 12092 3262 12243
f 9223 12243 3262
f 12093 12244 3263
f 9224 3263 12244
f 6705 3272 12245
f 11094 12245 3272
f 6706 12246 3273
f 11095 3273 12246
f 6787 6074 12247
f 4993 12247 6074
f 6788 12248 6075
f 4994 6075 12248
f 10280 2395 12249
f 6227 12249 2395
f 10281 12250 2396
f 6228 2396 12250
f 6350 4680 12251
f 3408 6350 12251
f 6351 12252 4681
f 3409 12252 6351
f 8420 1770 12253
f 8420 12253 348
f 8421 12254 1771
f 8421 349 12254
f 5501 9440 12255
f 5501 12255 1379
f 5502 12256 9441
f 5502 1380 12256
f 12257 5872 3131
f 7661 5872 12257
f 12258 3132 5873
f 7662 12258 5873
f 12259 4433 10550
f 4433 12259 7284
f 12260 10551 4434
f 4434 7285 12260
f 12261 63 3413
f 12261 3413 2908
f 12262 3414 64
f 12262 2909 3414
f 2593 12263 6285
f 10272 12263 2593
f 2594 6286 12264
f 10273 2594 12264
f 5330 12265 3775
f 11713 12265 5330
f 5331 3776 12266
f 11714 5331 12266
f 9891 12267 6737
f 6737 12267 2048
f 9892 6738 12268
f 6738 2049 12268
f 2977 7424 12269
f 6733 12269 7424
f 2978 12270 7425
f 6734 7425 12270
f 12271 147 11290
f 12271 10226 147
f 12272 11291 148
f 12272 148 10227
f 10800 4702 12273
f 2363 12500 4702
f 10801 12274 4703
f 2364 4703 12501
f 7234 749 12275
f 7844 12275 749
f 7235 12276 750
f 7845 750 12276
f 1957 11589 12277
f 12277 11589 6685
f 1958 12278 11590
f 12278 6686 11590
f 12279 8512 5047
f 12279 5047 8790
f 12280 5048 8513
f 12280 8791 5048
f 7392 10364 12281
f 7392 12281 5168
f 7393 12282 10365
f 7393 5169 12282
f 5409 12283 10424
f 12283 5409 6354
f 5410 10425 12284
f 12284 6355 5410
f 10955 5822 12285
f 12285 5822 1316
f 10955 12286 5823
f 12286 1317 5823
f 8556 12287 2736
f 12287 8556 804
f 8557 2737 12288
f 12288 805 8557
f 12289 3371 206
f 206 7284 12289
f 12290 207 3372
f 207 12290 7285
f 9194 6629 12291
f 9285 12291 6629
f 9195 12292 6630
f 9286 6630 12292
f 2869 6257 12293
f 2869 12293 4668
f 2870 12294 6258
f 2870 4669 12294
f 12295 7655 1283
f 12295 1283 6869
f 12296 1284 7656
f 12296 6870 1284
f 12297 381 12090
f 12297 5888 381
f 12298 12091 382
f 12298 382 5889
f 12299 7094 5043
f 3506 12299 5043
f 12300 5044 7095
f 3507 5044 12300
f 6374 3570 12301
f 6374 12313 678
f 6375 12302 3571
f 6375 679 12314
f 9354 12303 4287
f 9354 11573 12303
f 9355 4288 12304
f 9355 12304 11574
f 6114 12305 2564
f 1644 2564 12305
f 6115 2565 12306
f 1645 12306 2565
f 7946 12307 1746
f 7946 4959 12307
f 7947 1747 12308
f 7947 12308 4960
f 1367 12309 9219
f 11973 12309 1367
f 1368 9220 12310
f 11974 1368 12310
f 12311 4129 6400
f 7378 4129 12311
f 12312 6401 4130
f 7379 12312 4130
f 12301 137 12313
f 6374 12301 12313
f 12302 12314 138
f 6375 12314 12302
f 294 1184 12315
f 294 12315 11155
f 295 12316 1185
f 295 11156 12316
f 1363 8030 12317
f 4734 1363 12317
f 1364 12318 8031
f 4735 12318 1364
f 12319 6018 1427
f 1666 12319 1427
f 12320 1428 6019
f 1667 1428 12320
f 644 10976 12321
f 10976 6388 12321
f 645 12322 10977
f 10977 12322 6389
f 12323 4049 7148
f 8312 4049 12323
f 12324 7149 4050
f 8313 12324 4050
f 7296 4081 12325
f 12325 4081 9090
f 7297 12326 4082
f 12326 9091 4082
f 7560 3260 12327
f 12327 3260 8086
f 7561 12328 3261
f 12328 8087 3261
f 6364 2229 12329
f 2229 9221 12329
f 6365 12330 2230
f 2230 12330 9222
f 5998 12331 2433
f 12331 5998 2066
f 5999 2434 12332
f 12332 2067 5999
f 108 8183 12333
f 10520 108 12333
f 109 12334 8184
f 10521 12334 109
f 8406 12335 4708
f 8406 11557 12335
f 8407 4709 12336
f 8407 12336 11558
f 11662 728 12337
f 728 4473 12337
f 11663 12338 729
f 729 12338 4474
f 4093 12325 12339
f 12339 6301 4093
f 4094 12340 12326
f 12340 4094 6301
f 879 12341 11512
f 6843 11512 12341
f 880 11513 12342
f 6844 12342 11513
f 4657 12343 7035
f 4656 7035 12343
f 4782 12344 1514
f 12344 8806 1514
f 4783 1515 12345
f 12345 1515 8807
f 4690 9960 12346
f 12346 9789 4690
f 4691 12347 9961
f 12347 4691 9790
f 7746 12348 2134
f 2134 12348 3406
f 7747 2135 12349
f 2135 3407 12349
f 12350 2206 5218
f 12350 4429 2206
f 12351 5219 2207
f 12351 2207 4430
f 9643 12352 1249
f 12352 4766 1249
f 9644 1250 12353
f 12353 1250 4767
f 6283 1101 12354
f 6283 12354 10784
f 6284 12355 1102
f 6284 10785 12355
f 12356 10142 7556
f 3280 12356 7556
f 12357 7557 10143
f 3281 7557 12357
f 5338 12358 1130
f 1130 12358 12346
f 5339 1131 12359
f 1131 12347 12359
f 12360 10623 1468
f 12360 309 10623
f 12361 1469 10624
f 12361 10624 310
f 11017 2670 12362
f 12362 2670 8090
f 11018 12363 2671
f 12363 8091 2671
f 10366 12364 11725
f 11725 12364 1866
f 10367 11726 12365
f 11726 1867 12365
f 5630 12366 8342
f 12366 5786 8342
f 5631 8343 12367
f 12367 8343 5787
f 9251 12368 8440
f 8440 12368 3886
f 9252 8441 12369
f 8441 3887 12369
f 5641 12370 3931
f 3931 12370 3672
f 5642 3932 12371
f 3932 3673 12371
f 2791 12372 5878
f 5878 12372 3655
f 2792 5879 12373
f 5879 3654 12373
f 10460 12374 676
f 676 12374 135
f 10461 677 12375
f 677 136 12375
f 534 12376 3560
f 3560 12376 10607
f 3561 12377 534
f 10608 12377 3561
f 3472 810 12378
f 810 7232 12378
f 3473 12379 811
f 811 12379 7233
f 12380 10244 8606
f 3678 10244 12380
f 12381 8607 10245
f 3679 12381 10245
f 12382 12372 2791
f 1178 12382 2791
f 12383 2792 12373
f 1179 2792 12383
f 12112 3455 12384
f 12384 3455 12046
f 12113 12385 3456
f 12385 12047 3456
f 12386 5814 1789
f 5427 12386 1789
f 12387 1790 5815
f 5428 1790 12387
f 5310 5874 12388
f 12388 5874 10838
f 5311 12389 5875
f 12389 10839 5875
f 6500 12390 11783
f 12390 6500 4797
f 6501 11784 12391
f 12391 4798 6501
f 12392 8106 549
f 2624 12392 549
f 12393 550 8107
f 2625 550 12393
f 12394 6769 9956
f 12394 1930 6769
f 12395 9957 6770
f 12395 6770 1931
f 2325 7472 12396
f 2325 12396 1268
f 2326 12397 7473
f 2326 1269 12397
f 9476 12398 10050
f 6153 12398 9476
f 9477 10051 12399
f 6154 9477 12399
f 6444 1415 12400
f 12400 357 6444
f 6445 12401 1416
f 12401 6445 358
f 4495 12402 7720
f 3212 7720 12402
f 4496 7721 12403
f 3213 12403 7721
f 10486 12404 4905
f 12404 9132 4905
f 10487 4906 12405
f 12405 4906 9133
f 9791 12406 129
f 12406 2198 129
f 9792 130 12407
f 12407 130 2199
f 12408 4353 6416
f 12408 6265 4353
f 12409 6417 4354
f 12409 4354 6266
f 11320 1342 12410
f 12410 1342 11063
f 11321 12411 1343
f 12411 11064 1343
f 10478 9138 12412
f 4165 10478 12412
f 10479 12413 9139
f 4166 12413 10479
f 3003 5798 12414
f 8632 12414 5798
f 3004 12415 5799
f 8633 5799 12415
f 8240 12416 6527
f 6527 12416 3033
f 8241 6528 12417
f 6528 3034 12417
f 5924 1672 12418
f 200 5924 12418
f 5925 12419 1673
f 201 12419 5925
f 1423 10599 12420
f 12420 10599 3169
f 1424 12421 10600
f 12421 3170 10600
f 12422 3534 7118
f 12422 7118 892
f 7119 3535 12423
f 893 7119 12423
f 69 8189 12424
f 8189 5123 12424
f 70 12425 8190
f 8190 12425 5124
f 12426 10685 3550
f 7353 12426 3550
f 12427 3551 10686
f 7354 3551 12427
f 11442 12428 5916
f 11442 922 12428
f 11443 5917 12429
f 11443 12429 923
f 12430 4791 9529
f 3504 12430 9529
f 12431 9530 4792
f 3505 9530 12431
f 623 12432 5922
f 12432 12420 5922
f 624 5923 12433
f 12433 5923 12421
f 7060 12434 2309
f 9669 2309 12434
f 7061 2310 12435
f 9670 12435 2310
f 4787 8076 12436
f 7826 12436 8076
f 4788 12437 8077
f 7827 8077 12437
f 12438 8858 10404
f 2070 8858 12438
f 12439 10405 8859
f 2071 12439 8859
f 4040 12440 7995
f 4040 7996 12440
f 8181 4281 12441
f 12441 4281 3578
f 8182 12442 4282
f 12442 3579 4282
f 3540 12443 10258
f 12443 1642 10258
f 3541 10259 12444
f 12444 10259 1643
f 6809 2068 12445
f 12445 2068 7434
f 12446 2069 6810
f 7435 2069 12446
f 12447 489 12239
f 12457 12447 12239
f 12448 12240 490
f 12458 12240 12448
f 8207 12449 1180
f 8207 2238 12449
f 8208 1181 12450
f 8208 12450 2239
f 2917 8866 12451
f 12451 8348 2917
f 2918 12452 8867
f 12452 2918 8349
f 12453 1870 7734
f 12453 7734 5971
f 12454 7735 1871
f 12454 5972 7735
f 12455 10882 3608
f 2969 10882 12455
f 12456 3609 10883
f 2970 12456 10883
f 7462 4996 12457
f 4996 12447 12457
f 7463 12458 4997
f 4997 12458 12448
f 4991 12459 11623
f 4090 12459 4991
f 4992 11624 12460
f 4091 4992 12460
f 6715 12461 1413
f 12461 1580 1413
f 6716 1414 12462
f 12462 1414 1581
f 12463 4115 10968
f 4115 12463 9408
f 12464 10969 4116
f 4116 9409 12464
f 12465 6166 3994
f 3994 7999 12465
f 12466 3995 6167
f 3995 12466 8000
f 12467 12474 1922
f 4018 5455 12467
f 12468 1923 12475
f 4019 12468 5456
f 11477 12469 4619
f 11476 4619 12469
f 12470 7637 2819
f 11543 12470 2819
f 12471 2820 7638
f 11544 2820 12471
f 3488 12472 6032
f 6032 12472 867
f 3489 6033 12473
f 6033 868 12473
f 12467 5455 12474
f 12474 5455 694
f 12468 12475 5456
f 12475 695 5456
f 11922 12476 1174
f 12476 7213 1174
f 11923 1175 12477
f 12477 1175 7214
f 305 12478 2371
f 9342 2371 12478
f 306 2372 12479
f 9343 12479 2372
f 6143 1164 12480
f 1164 4111 12480
f 6144 12481 1165
f 1165 12481 4112
f 1097 12482 7420
f 12482 10454 7420
f 1098 7421 12483
f 12483 7421 10455
f 12484 2892 950
f 8318 12484 950
f 12485 951 2893
f 8319 951 12485
f 231 6194 12486
f 12486 4604 231
f 232 12487 6195
f 12487 232 4605
f 3332 12488 5449
f 3332 4917 12488
f 3333 5450 12489
f 3333 12489 4918
f 4238 5864 12490
f 7304 4238 12490
f 4239 12491 5865
f 7305 12491 4239
f 12492 3875 9837
f 5010 3875 12492
f 12493 9838 3876
f 5011 12493 3876
f 7848 12494 4834
f 12494 3613 4834
f 7849 4835 12495
f 12495 4835 3614
f 4722 11286 12496
f 12496 11286 4214
f 4723 12497 11287
f 12497 4215 11287
f 12498 8990 3898
f 12498 4512 8990
f 12499 3899 8991
f 12499 8991 4513
f 12273 4702 12500
f 12273 12500 10778
f 12274 12501 4703
f 12274 10779 12501
f 12502 3613 7641
f 2877 12502 7641
f 12503 7642 3614
f 2878 7642 12503
f 1910 5164 12504
f 1910 12504 7187
f 1911 12505 5165
f 1911 7188 12505
f 151 6357 12506
f 151 12506 6356
f 12507 7080 2297
f 12507 1074 7080
f 12508 2298 7081
f 12508 7081 1075
f 9237 1188 12509
f 9237 12509 3393
f 9238 12510 1189
f 9238 3394 12510
f 12511 4840 6857
f 12511 2293 4840
f 12512 6858 4841
f 12512 4841 2294
f 7 10007 12513
f 7 12513 10006
f 11215 12514 2591
f 12514 11611 2591
f 11216 2592 12515
f 12515 2592 11612
f 12516 2833 6652
f 2833 12516 359
f 12517 6653 2834
f 2834 360 12517
f 740 12518 6225
f 6225 12518 1113
f 741 6226 12519
f 6226 1114 12519
f 12520 3171 7337
f 12513 3171 12520
f 12521 7338 3171
f 12513 12521 3171
f 12522 3457 11025
f 11898 12522 11025
f 12523 11026 3458
f 11899 11026 12523

 